:020000041000EA
:1000000000B5324B212058609868022188439860DF
:10001000D860186158612E4B002199600221596106
:100020000121F02299502B49196001219960352056
:1000300000F044F80222904214D00621196600F024
:1000400034F8196E01211966002018661A6600F04E
:100050002CF8196E196E196E052000F02FF8012189
:100060000842F9D1002199601B49196000215960AB
:100070001A491B48016001219960EB211966A021F2
:10008000196600F012F800219960164914480160C1
:100090000121996001BC002800D000471248134993
:1000A000086003C880F30888084703B5996A0420EC
:1000B0000142FBD001200142F8D103BD02B5186610
:1000C0001866FFF7F2FF186E186E02BD00000240BE
:1000D000000000180000070000035F00212200005C
:1000E000F4000018222000A00001001008ED00E03C
:1000F00000000000000000000000000074B24E7A12
:1001000000200420F7010010CB010010CD010010E9
:10011000C9010010C9010010C9010010C901001077
:10012000C9010010C9010010C9010010CF01001061
:10013000C9010010C901001079FA0210D3010010A2
:10014000C1010010C1010010C1010010C101001067
:10015000C1010010C1010010C1010010C101001057
:10016000C1010010C1010010C1010010C101001047
:10017000C1010010C1010010C1010010C101001037
:10018000C1010010C1010010C1010010C101001027
:10019000C1010010C1010010C1010010C101001017
:1001A000C1010010C1010010C1010010C101001007
:1001B000C1010010C1010010C1010010C1010010F7
:1001C000EFF30580103800BE00BE00BE00BE00BECA
:1001D00000BE00BEF2EB8871B84505102046051040
:1001E0003802001090A31AE71E481F49086006C88D
:1001F00081F3088810471D480068002801D019487D
:10020000F3E70DA40ECC002902D000F012F8F9E7B4
:100210001749184A002000E001C19142FCD116495B
:100220008847164988471649884700BEFDE701C937
:1002300001C29A42FBD3704720460510C00000203F
:10024000BC1300203C5905100000042000000420CD
:100250003C590510000004200000042000000000AC
:10026000704700000000000008ED00E0000000D032
:10027000E0130020AC420020D9EB03104DF4021033
:10028000D1EB0310F8B5C0460448054B10B58342C6
:1002900003D0044B002B00D0984710BDBC130020A6
:1002A000BC1300200000000006480749091A8B1003
:1002B000C90FC91810B5491003D0044B002B00D04A
:1002C000984710BDBC130020BC13002000000000A4
:1002D00010B5074C2378002B09D1FFF7D5FF054B4C
:1002E000002B02D0044800E000BF0123237010BDA2
:1002F0007015002000000000F8110410054B10B527
:10030000002B03D00449054800E000BFFFF7CCFFF5
:1003100010BDC0460000000074150020F811041044
:10032000030010B51000540C520892B2002904D0FA
:10033000C00702D40C481AF0E7FD944206D19C4253
:1003400010D0220009490A4819F0C6FD9C4204D980
:1003500008490748E21A19F0BFFD9A4202D206493D
:100360000348F1E710BDC046F81104100212041052
:100370004C720410141204101C120410F0B5002565
:100380002F0087B00C9C0D9E029004910392059360
:100390000195059B9D4206D1019B029A934238D25A
:1003A00020481AF0B1FD029B9D4211D263889B0543
:1003B000F6D4019B049A01330193AB00D058FF227D
:1003C00063881340012B1ED10EF04CFE307013E0F9
:1003D000022321880022C900039819430AF052F928
:1003E00000280DD16388DB0504D522880E490F480B
:1003F00019F072FD63683360013508340436C8E7CC
:1004000040680137DBE7022B01D10EF0DFFC3060E2
:10041000F2E7039B1B68DB08BB4201D90448C0E735
:1004200007B0F0BD3A120410351204104C720410DB
:100430004412041070B515001E00040086B082003E
:10044000AA1803A80AF0F2F80B9B290001930A9B53
:100450002000009303AA3300FFF790FF06B070BDA1
:1004600010B501481AF072FD4E12041010B50400C8
:10047000016188000AF094F8606110BD10B50400B5
:10048000002902D0C0680AF0BFF860690AF0BCF821
:1004900010BD70B504000D0001290BDC01210269BB
:1004A0004942406992003DF0CFFB00232570637004
:1004B000636070BD40680AF073F86368E060A36031
:1004C000F3E730B5030044780020844208D11D785A
:1004D00020005A68022D01D1D86880188918596007
:1004E00030BD002343700378012B03D84268436971
:1004F0008900CA50704742684B1E9B1849421940F8
:100500004160704770B50C001500FFF7DAFF041961
:10051000002803D170BD05702D0A0130A042FAD128
:10052000F8E710B50C000221FFF7CBFF002802D03E
:100530000470240A447010BDF8B50500012906DCDA
:1005400000290ADA0123023999430C0003E08B1ECB
:100550000024012BF6D8FE2601E00024F226B52166
:10056000090228003143FFF7DCFF271E07D1AE61E7
:10057000EC61F8BD28000649FFF7D3FF7F3F7F2FCE
:10058000F8D8044928003943FFF7CBFFEFE7C0460E
:10059000FFB0000080B0000070B5C5690400002DF8
:1005A00007D07F2D0DD8B021090220002943FFF785
:1005B000B8FFBD21A369090220001943FFF7B1FF6D
:1005C00070BD20000249FFF7ACFF7F3DE9E7C04660
:1005D0007FB00000F7B50B02FF270E000193140057
:1005E00013120A0280213B4013438901194305007D
:1005F000FFF797FF8021F300334389002800194358
:10060000FFF78FFFC021019B3C401C43890128005C
:100610002143FFF786FFF7BD70B50D0004211400DC
:10062000FFF74FFF002805D0057084702D0A240ABB
:100630004570C47070BD10B5DB0011431943FFF75E
:1006400070FF10BD10B5072A09D8D20007290BD8B2
:100650000A438C21C9011143FFF763FF10BD083A1B
:10066000D30040221A43F1E7083911438022EFE713
:100670004369890070B5CC58E02105004368090240
:10068000E41A043C23055B0D1943FFF74AFF2B785E
:100690000120022B08D180231B019C4204D3E40AD1
:1006A000E402E0184342584170BD70B505000020D7
:1006B00083421BD1FF266B699200D4586B680902F4
:1006C000E41A043C631033400B43D0210902280094
:1006D0001943FFF726FF2B780120022B06D1B442E5
:1006E00004D9B4430134FF346042604170BD4369B2
:1006F000F822890070B5CC58F02105004368120239
:10070000E41A043C63109BB21A4363025B0D0902B6
:100710001943FFF781FF2B780120022B08D180239A
:10072000DB039C4204D3A40DA405E01843425841C6
:1007300070BD0000F8B5476804000E001500BB0747
:1007400003D5BF210902FFF7ECFE90213602C90153
:1007500031432000FFF7E5FE20000649FFF7E1FEE8
:10076000A9B22000FFF7DDFE2000290CFFF7D9FE1B
:100770003800F8BD01E00000F7B506000C001700D6
:10078000072909D8FF2A07D80C02802114438901C0
:100790002143FFF7C6FEF7BDFB17FD185D4028009B
:1007A00038F040FD0023019000939F4203D02800C1
:1007B00038F03EFD0090009A019B94466344172B4D
:1007C0001AD9154180212302EDB21D438901300061
:1007D0002943FFF7A6FE009BE10021439B01300067
:1007E0001943FFF79EFE002FD5DA230022003000C8
:1007F0000B49FFF720FFCEE780235B029D4205DA1D
:100800002A0021003000FFF7E5FEECE7002F00DAB8
:100810006D422A0021003000FFF78CFFBBE7C04685
:1008200040420000F7B514000A0006000D00224304
:10083000072A14D81A0008998A400092FF2A0FD874
:10084000A54203D022002900FFF7FCFEC021009B37
:100850002D021D43890129433000FFF762FEF7BDD9
:10086000EF00FF2B16D8A5421BD080212A0213438C
:1008700089011943FFF755FE089B30009901294370
:100880003943FFF74EFEC021A4013C432C434901EC
:100890002143E1E7A54204D02900009AFFF76CFF4D
:1008A000F1E7072401236C40B421A3400902194356
:1008B00030000193FFF735FE21003000009AFFF76A
:1008C0005BFFC021A4012C433C434901214330007C
:1008D000FFF727FEBC21019B09021943BCE700007A
:1008E00010B50378012B04D9FF2902D905481AF065
:1008F0002DFBC9B212020A43902109021143FFF7EE
:1009000010FE10BD7712041010B50378012B04D926
:10091000FF2A02D905481AF019FB9823D2B209021E
:1009200011431B021943FFF7FCFD10BD77120410A1
:10093000A82310B5D2B2090211431B021943FFF7D5
:10094000F0FD10BD43699200D358426870B59B1A00
:1009500001221A430C3A0C000500FFF73BFEB221BE
:100960002800230022000902FFF765FE80222301F0
:100970001340793A14400349234328001943FFF7F1
:10098000D0FD70BD78440000F7B5089E04000D004E
:10099000114F1F2B0FD8114307290CD80121B85D27
:1009A000D2000143C9022A4311439B01200019438D
:1009B000FFF7B7FDF7BD29001F3B20000096FFF7AA
:1009C00031FF0123F821BA5DC9001343DB02EA00BD
:1009D00013432B43EAE7C0465F580410F0B51C00F0
:1009E00085B0D30005000F00160003931F2C11D80B
:1009F0000B001343072B0DD8184B0A9AA401995CDE
:100A0000039BC9021F43394321432800FFF789FD97
:100A100005B0F0BD0123B421B340090219432800F9
:100A20000293FFF77EFD23000A9A310028001F3B46
:100A300000923200FFF7F6FEF8210A9A074BC90030
:100A40009B5C039ADB023B43134319432800FFF7E7
:100A500068FDBC21029B09021943D6E75F580410C8
:100A60004369890070B5CB58456804005E1B311F8F
:100A7000013311D0CB1C0FDA0220274ACB0ADB024C
:100A8000054093422FD109054B0DE021090219437E
:100A90002000FFF746FD70BD02231D4080231B018F
:100AA000994204D31C4ACB0ADB0293421BD10905AD
:100AB0004B0DE021090219432000FFF732FDBF2151
:100AC00020000902FFF72DFDBF2120000902FFF7DA
:100AD00028FDBF2120000902FFF723FD002DDAD0F9
:100AE000BF210902D4E7002D0FD1063E922120003C
:100AF000C901FFF716FD20000849FFF712FDB1B24A
:100B00002000FFF70EFD3114C2E7BF2120000902CB
:100B1000FFF707FD083EE9E700F8FFFF8F440000FC
:100B2000F7B5436901929200D25847680400D31B7D
:100B30000E00043B013212D0DA1C10DAFF2218003A
:100B40001549904388420AD1D0215B1013403602E8
:100B50003343090220001943FFF7E3FCF7BD0221EC
:100B60002000FFF7AEFC019905002000FFF778FF99
:100B7000002DF3D0802163683202043BDB1B5B084D
:100B800049004A40DBB21343044A13439BB22B7023
:100B90001B0A6B70E2E7C04600FFFFFF00D0FFFFBB
:100BA000043A52100902D2B20A43D02110B5090208
:100BB0001143FFF7B6FC10BD04390B05E02110B559
:100BC0005B0D09021943FFF7ACFC10BD37B51400EB
:100BD00002220B000092210005320500FFF7D4FE2F
:100BE0008F21E400C90128002143FFF79AFC37BD9B
:100BF00073B50B0069464C1D21007F261500013C92
:100C000035402570D209F9D1091B9847002809D031
:100C100080260100230001AD76421A78AB4202D152
:100C20001B1BC25473BD32430A7001330131F4E718
:100C3000030030B502687F2400201178C0010D0048
:100C400049B22540013228430029F6DB1A6030BD45
:100C500007B5019001A8FFF7EBFF0EBD0378013047
:100C60007F2BFBD870470000F0B593B00A93036860
:100C70000992049383890700089343680C005A1C67
:100C8000426003221B7804201A40009200220121B6
:100C9000160084460292019278685BB2451C002BD4
:100CA0001DDB062200233F25944607930B937A68A9
:100CB0000120511C79601278110001409940079879
:100CC00008430790604658435110294081400B98D3
:100CD00052B208430B90002A1BDA0133E7E77D602C
:100CE0000378009D981108409040064360461840E4
:100CF00090400543D810084090400095019D054361
:100D00001800084090400195029D0132054302956C
:100D1000C2E70021BB68F981059304330393089B64
:100D200003989B001A0006933CF08EFF009A089BE4
:100D30009B1A019A0D939D1A013D039BAD005D190D
:100D40000423009A3340A24200D370E0002B04D168
:100D500023009B499B4819F0BFF82B1F0C93009B65
:100D600099000A9B5918009BE01A15F08BFD009B17
:100D700028600C9D0A9A059906989B0009189B18F3
:100D80009A4200D080E00823099A33400E931A4318
:100D90000223002A00D1F7E032001A400F9200220D
:100DA0000C921E4204D009980FF0FAFD0C902860B6
:100DB0000A9BA4001C1900230A930A9B099A9342D8
:100DC00066D10D9B029A9D00039B049903325B1927
:100DD000920088181900029C002C00D099E0039919
:100DE0000C3A8C469B18069A62449A4200D999E0C4
:100DF0007868FFF733FF0026009B1190B34200D0C4
:100E00009AE0059B5D19019BA34200D098E00B9BE3
:100E10007D68ED182E00079BEB180093009BB342F2
:100E200000D0BFE0079BED187D6013B0F0BD002B34
:100E300002D0654B043D6B600823099A334013438D
:100E400017D1009B029A9A1AA24200D980E7029B0E
:100E5000009A1B199B1A049A9B00D3180699059AAD
:100E60000C93501822000C9B04330C93009B93426C
:100E700001D123007EE70C9BD9688C466346910024
:100E8000494243500132EEE701CA0439486077E72E
:100E90007868FFF7E3FE002625681190009B019A11
:100EA0009B18B34205D80F9B002B26D14749EA086F
:100EB00017E011A8FFF7BCFE0222049B40005B680C
:100EC0009B68C35ADB0013439D4214D1089B013B2E
:100ED0009B1B9340039AD3181A68002A04D03C49FC
:100EE000EA08384818F0F8FF62681A600A9B08346C
:100EF00001330A9361E70136D0E70C9B0122181DEC
:100F0000290009F0BFFB4368002BE8D16368436008
:100F1000ECE70E68002E01D106680E60013C04313A
:100F2000043859E70433191F0968002900D05CE729
:100F3000D21A28499210D4E7FFF790FE01365BE7FA
:100F400011A8FFF775FE049B2A685B6840009B6848
:100F5000C65A002A11D10E9B002B11D00223F1009A
:100F60001943029B049804339B001858043009F07D
:100F700089FB002804D043682B600134043D42E71C
:100F8000320015490F48ADE7019A002A02D01348F4
:100F900019F0BAFF1E4200D139E701980FF000FDA9
:100FA000286034E7089B5C1E33780136E41A039B03
:100FB000A4001C1920680EF0D7FE20602EE7C04662
:100FC000021204104C7204106C8304109812041066
:100FD0008D1204109E120410A8120410B0120410F6
:100FE00010B50468E4684460040010348460FFF7BE
:100FF0003BFE10BD70B50568EC68AD682468002C38
:1010000001D0A40065590400103445608460FFF7E6
:101010002BFE70BD70B540283AD00FD80225A843EA
:101020003C280BD1012462291AD8482909D8230069
:101030002000422928D02800482925D0344819F01A
:1010400093FD0B002000493BDBB29840314B184226
:1010500051D1622952D05129F0D12300082013E048
:101060006439C9B20D29E9D823008B4019009223B5
:101070005B0019423FD1133BFF3B194238D1264D4B
:10108000230008202942D9D0002A00D0136070BD67
:10109000622919D8482908D842292FD0482930D0A8
:1010A000012318009942EFD0C8E7012308001C0073
:1010B0004938C0B284401748044226D162291ED064
:1010C0005129BBD108231AE06439C9B20D29B5D81A
:1010D00001238B40190092235B00194213D10E4B60
:1010E0001942EFD10223122418002142CCD1A5E7E6
:1010F00023002800C8E723000420C5E701231800C7
:10110000C2E70223FBE70423F6E70423F7E7C04620
:10111000C1120410C90400000120000010B55128BC
:1011200012D8412803D8012823D000231DE04238DB
:101130000F28FAD83FF0F8FF1DF9F9F9F9F922253F
:10114000F9F925F9F94447316238C3B20F2BECD8CD
:101150000F28EAD83FF0E8FF08E92DE928E90F3722
:10116000E9E937E9E9E9E91A8B5601205B00184300
:101170000BE08B5CF9E75200535EF6E75200535ADE
:10118000F3E79200505811F04DF910BDD2008A18C3
:101190001068516811F01CF9F7E7D2008918086847
:1011A000496811F030F9F0E79200505810F0C2F899
:1011B000EBE7D20089180868496838F08FFBF5E73B
:1011C00092005058E1E79200505811F010F9DCE716
:1011D000F7B507000C000126002A02D1421E9B1819
:1011E000023E00200021002C06D0002200259A5645
:1011F000D40F00216042A941002211E0040E0094A6
:101200000C020194040225001C780132A4462C0033
:1012100065462C432000009D019C9B192543290015
:10122000BA42EBD103B0F0BDF0B585B0019203AA8C
:1012300004000D001F001E68FFF7ECFE402C09D1D2
:10124000039B019A043CB61A5A1EB6185B421E4014
:10125000019B9E195A2133183E3C3B60A9428941AB
:1012600063425C4149423300E2B2FFF7B1FF020042
:1012700006000F004F2D03D0532D03D113F0F4FCC3
:1012800005B0F0BD652D22D1930581B250049B0DB0
:10129000FF22C00E1F2802D0021E09D07032D005D6
:1012A0005B03C90B1843C907084310F043F8E7E78D
:1012B000002BF4D080257024ED005800220083B26A
:1012C000013C2842F9D017481B189BB2E7E7662D6E
:1012D000EBD0642D02D138F001FBE6E75A2D13D98B
:1012E00080220023D20592197B4130001100002B8F
:1012F00006D180231B06994202D211F078F8BFE78D
:10130000390011F065F8BBE7002906D18023DB0521
:10131000984202D211F086F8B2E7390011F073F862
:10132000AEE7C04600FCFFFF13B5040001931000B8
:10133000002904D1220001A93CF08CFC13BD01ABB3
:101340001B191419A042F9D0013B19780170013022
:10135000F8E70000F0B589B01F000E9B140005AA45
:101360001D680E000290FFF755FE029B0190402B76
:1013700008D1059BED1B5A1EAD185B421D403C2356
:101380007D190293019B0E9AEB181360029B3E3B62
:1013900003935F425F41FFB2652E1AD012D84F2EE1
:1013A00043D0642E52D0A30700D06DE0414B226899
:1013B0009A4269D12B0039002000019A10F040FFB9
:1013C00009B0F0BD662EEED120000DF055FD0400F1
:1013D0002BE020000DF050FD4402A40DC30400D505
:1013E0000134C10DC9B21F23FF2918D0002399422F
:1013F00015D00B00703B22D50B3325DB80227023E8
:10140000D20022435B1A92B21A410121130094B216
:10141000CC400B400A4202D06418A4B20023C00F93
:10142000C00304439B021C43A4B20198042800D9C2
:10143000042023002A003900FFF776FFC0E73F2B86
:10144000EDDD1F230024EAE70024E7E720000DF08C
:1014500013FD3CF027FB1024BB00069007911B19DD
:1014600004AA9B18083B2A001B6839000420FFF7D8
:101470005BFF039B04355A1E93419B001B1904AA72
:101480009B18083B1C68D0E720000DF09FFC019BD7
:101490000400042BC9D90021884200DAFF3128005A
:1014A000019A3CF0D1FB029B3E2BBED1019B043B39
:1014B000ED18BAE74078041070B50C00712807D811
:1014C000612806D801281DD04238C1B20F290DD994
:1014D00070BD62380F28FBD83FF026FE14FA25FABB
:1014E0001FFA162DFAFA2DFAFAFAFA190F28EFD880
:1014F0003FF01AFE08EEEEEEEEEE0A21EEEE21EEE1
:10150000EEEE210DA354E3E752001353E0E7D200BF
:10151000A2181360DB175360DAE7180095003CF05F
:1015200057FA6051D4E7D20018008C1838F08EF9C1
:1015300020606160CCE792001351C9E7F7B506005F
:101540000F0014001D00642821D0662818D04F28F1
:1015500027D003232A001A4001921D4224D1174BA1
:101560002A689A4220D10100019A4020FFF752FDDB
:1015700044430200019928003B1910F061FE05E088
:10158000940018000C190DF077FC2060F7BDD40012
:1015900018000C190DF070FC3CF084FA20606160BA
:1015A000F4E794006350F1E728000DF00FFC2200EF
:1015B000030039003000FFF77FFFE7E740780410B1
:1015C00037B50C0001A9206813F0A4FE050060687F
:1015D00013F018FE29000023019A08F0ADFF050062
:1015E000A06813F00FFE512809D0E3239B00984216
:1015F00012D00221502803D0084819F0B5FA012171
:10160000002328001A0018F071FD05490400082085
:101610000DF0FBFA44603EBD0021F1E7CC1204104E
:10162000106F0410F0B587B00192D0221206126834
:10163000344B9200D3581A69DD68944601281BD9AF
:101640004C68062C15D0A20710D12F4A2668964266
:101650000CD12600022811D08A68062A0ED09007E5
:1016600004D1294817681600874207D0002019F0D6
:101670004BFC2E001400EDE72E00140003220F682F
:10168000174222D1214A396891421ED162460595FE
:10169000049202A81C61DE601D490DF047FA032385
:1016A0007868184208D103681A4A934202D01A4A4D
:1016B000934201D143685C6018F010FD04000120E2
:1016C0000DF042FA200007B0F0BD019B002B0DD1B8
:1016D000380013F097FD08F03CFF0123019322002E
:1016E0003300019918F002FD0400EBE702A905227E
:1016F00038000DF0B9FD0023039A0299DF2008F0AD
:101700001BFFECE7B41B002040710410106F0410A5
:10171000AD9B0110847604106476041010B502228B
:10172000FFF780FF10BD10B50122FFF77BFF10BD52
:1017300010B50022FFF776FF10BD70B506000D0052
:1017400000246B68A34200D870BDAB68E200D1589A
:10175000002904D0042902D0300011F09BF8013494
:10176000EFE70000F0B587B0002806D1554956488C
:101770000AF0DEFD062007B0F0BD0C68534B9C421A
:1017800057D10021080011F01EFB51490590FFF7C9
:10179000D4FF50490598FFF7D0FF059F4E4E35788E
:1017A000002D14D14D4A012005A911F05BF9059BCC
:1017B0009A68DB6801920393130003339B0802933A
:1017C000029B414EAB4211D130004549D0E7300079
:1017D0003FF074FBC11E0400300013F0B3F9013474
:1017E0000100380011F056F83619D8E72F00039A97
:1017F000BB00D05813F01CFD010030000AF098FD2A
:10180000029BFF18019BBB420DD912231C1A002C0E
:1018100007DD30003349013C0AF08AFD002CF8D185
:10182000E5E71234F3E730002F490AF081FD013576
:10183000C6E720000DF0F6F90600234D2B492800DD
:101840000AF076FD002120000DF01EFA2800F28833
:1018500027490BF0FBF8274B9E4226D100266468EF
:10186000043463689E4200D384E7A368F2009B18A7
:101870001F68002F17D0042F15D05B681E49280061
:1018800001930AF055FD002138000DF0FDF91B49C8
:1018900028000AF04DFD002101980DF0F5F928000F
:1018A00011490AF045FD0136DBE7154B9E4200D099
:1018B0003400E37C002B00D15CE703339B00E41889
:1018C000CCE7C0467CD104107069041032180000C7
:1018D000387A0410A479041050EC0410A871041094
:1018E000DB1204103A480410DB480410FF12041005
:1018F00007130410F47A0410394804101713041065
:101900003C840410022210B581680348C9001143C9
:1019100008F0B8FE10BDC046C4200020F0B587B066
:1019200000AF0400B9601800BA211D007A600FF002
:101930001FF8002206002649281D08F0A3FE1423E4
:101940000500F918300013F0E5FC6A1E954101000E
:101950007B69641BC318002C05D199420BD11D492A
:101960001D4818F0AFFA9942F7D2013B1A782E2A97
:10197000F9D1013CEFE76A465E1A7B681B68F418F0
:10198000FB60631C3B600733DB08DB00D31A9D461A
:101990006D46320028003CF05DF9FB68002B09D051
:1019A0002E23AB55BB6801361968FA68A8193CF0BC
:1019B00051F93C682100280017F0DEFC17F0BFFD4C
:1019C000BD46BB6818607B681C6007B0F0BDC046B0
:1019D000B20E00001C130410D873041010B51BF0D5
:1019E00006FC0849082204003FF092F8010020009C
:1019F000002904D10A00083007F09CFB10BD23F039
:101A00003BFFFBE73013041010B50400FFF7E6FFBF
:101A100002280ED061680122023920001BF052FC1E
:101A20006D2303702000FFF7D9FF0238434258416D
:101A3000400010BD10B50400FFF7D0FF012806D00C
:101A4000200003491BF032FC2000FFF7DDFF10BD32
:101A50005D50041030B5D3000D000222D42185B0B2
:101A60001A43FF31040018F0DFFCD022120612687E
:101A70000C4B9200D35861681A6968460292DA6882
:101A800019610392D96008490DF050F80022210035
:101A9000280003F0B1FF18F021FB01200DF054F8ED
:101AA00005B030BDB41B0020AD9B0110F0B50500A2
:101AB00085B008000F001BF09AFB082222490400A1
:101AC0003FF026F8002819D1260008366A46300073
:101AD00001A907F02FFB019B022B0FD1009C2B00CB
:101AE0002200083303CA03C3300017F00DFD0200C3
:101AF0002800A168FFF7AEFF05B0F0BD200017F089
:101B000003FD7B680600E418033C23786D2B07D1A6
:101B100002A9029517F0A2FB320003990298E9E7A7
:101B200008F017FD0222D42104000368FF31DB0016
:101B300028001A4318F078FC6A680121130020007D
:101B400018F0D4FAD8E7C04630130410F0B50500F9
:101B50000C000868B3B0032D0AD9CB680393042D99
:101B600025D00B695E10002B05DA002018F0FCFF71
:101B700006230026039305A913F0CCFB0690002E44
:101B80001CD0D02212061268764B9200D3581B69E3
:101B9000012D0ED96268062A0BD0930704D1724931
:101BA00010681300884204D0002019F0ADF9002617
:101BB000E1E7300005AA06A9FFF7B0FE059B002B60
:101BC000D3D0002701263D000297059BB34206D2E1
:101BD000039B062B00D00295029833B0F0BD069C03
:101BE000B34202D0A35D2E2B23D13100200017F089
:101BF000C3FBF11B0190E01917F0BEFB5B4B00909B
:101C000008AA186807A90DF08BF9079B002B12D0C2
:101C1000019B0022D90002235548194308F032FDE8
:101C2000002808D04468029B002B00D102942500B4
:101C3000771C0136C9E7802112AA0EA81BF07DFA95
:101C4000002D3BD12900009811F0CCF9041EEAD1F7
:101C5000464B0AAA186809A90DF062F92C00099BE5
:101C60009C420AD30121009811F0BCF9041EDAD17C
:101C700040494148019A18F02FF900230A9A0F931E
:101C8000A30098580BA913F045FB0B9A0100002AFA
:101C900006D00EA81BF02AFA2F210EA81BF0BDFAC1
:101CA000009817F04CFC01000EA81BF0FFFA0EA8DC
:101CB000FFF7C0FE071E20D10134D0E7EB2128003A
:101CC0000BAA490018F09AF80B980028D0D013F00E
:101CD000AFFA01000EA81BF0E9FA2F210EA81BF0A5
:101CE0009CFA009817F02BFC01000EA81BF0DEFAFE
:101CF0000EA8FFF79FFE071EBAD0019811F050F909
:101D0000019B04001D490BA80D930CF00FFF012F40
:101D100023D10F99109812F015FFEB210200490012
:101D2000200018F081FB0EA815490F9F1BF0BEFA8A
:101D30000EA8FFF769FE022803D120000EA9FFF7C5
:101D4000B5FE0F97002D04D022002800009918F04E
:101D50006BFB00200CF0F8FE65E720000EA9FFF7F2
:101D6000A5FEEFE7B41B00204071041024210020E1
:101D7000C420002039130410D87304100519001072
:101D8000E54E0410036A1B8B012B02D0C36859185F
:101D9000C160704710B50400836A406A9B6F984722
:101DA000238B226A01339BB22383918C994200D208
:101DB000938410BD10B50400038B013B0383836A39
:101DC000406A0833DB6F984701212000FFF7DAFFF4
:101DD00010BDF0B589B004000D0005920693002BEC
:101DE00003D00823CA8A1343CB823022059BEB839E
:101DF000236AD98A0A43DA821B78002B44D1A36A6A
:101E00002900B4331E68059A069B606AB04709B082
:101E1000F0BDD26AF300D118D35C0791053B012BCA
:101E20001FD8002318E0049BEA6ADB00D018D35CBB
:101E3000062B0FD1079B5968436899420AD1079B2B
:101E4000606A5A88A36A1B691F000023B847039B76
:101E500001330393049B013304932B8D049A934223
:101E6000E1DC0136226A138DB342D2DC039AA36A05
:101E7000606A002AC3D0069AB83300921C68290011
:101E8000059B039AA047C2E700260396EAE710B530
:101E90000400836A002188331B68406A9847A36A5C
:101EA000606A0F211B6B9847A36A606ACC331B687A
:101EB0000121984703212000FFF764FF10BD70B592
:101EC0000400836A00225B6C406A9847A36A606AD8
:101ED000C0331D6800231A001900A8472000FFF72F
:101EE000D6FF70BD10B5836A896800221B6D406AF9
:101EF0000909984710BD10B5836A8968DB6B406A91
:101F0000984710BD10B50400080011001A0019F020
:101F1000C7F9236A436000238360E369002B01D182
:101F2000E06110BD1A009B68002BFBD19060F8E7C0
:101F3000F0B58BB005000C0000AF002902D10121E3
:101F4000116018E0032319401C421CD16368F96139
:101F5000DBB2682B07D1E3681B091360A468012377
:101F6000002CECD0FB610F232340022B0DD1FB6929
:101F70002109002BE4D0AB6A0022DB6A686A98472B
:101F8000BD460BB0F0BD0023ECE7FB69002B02D18E
:101F9000A3681B091360260063681B0AFB60013BF2
:101FA0007B61FB689B001B197B60B06804360009ED
:101FB00017F0BCFA7B691B187B617B689E42F4D1E9
:101FC0006A467B690733DB08DB00D31A9D46BB609A
:101FD0003B610023BB61BB699A002300083398581A
:101FE00024230009F91817F0B4FA7E6A01003200C0
:101FF00038693BF02FFE3B699E19BB690133BB6119
:10200000BA69FB68934204D0731C3B612E23337082
:10201000E1E77969B86817F0AFF9AB6A0100DB6AEC
:102020000022686A9847FB69002BA9D07B680434BA
:102030009C42A5D0A168AB6A00221B6D686A0909A1
:102040009847F3E7002906D0032382680B40134327
:1020500001D10B6883607047F7B507000C001E00C4
:1020600000290DD003230D001D40194211D14B68EA
:10207000D9B291420DD11B0A0193019B9D4200DB15
:10208000F7BD2300AA00083338009958B04701353E
:10209000F3E721003800B047F2E70000F8B50F0081
:1020A00011001A000023040085780669837003611B
:1020B0000F4BFFF7D1FF6368002B18D1618A00290D
:1020C0000BD0228A002A08D1A36A606AA0331B6859
:1020D0009847A36A606A1B6C9847238A39002000DE
:1020E000628AFFF776FE6B1E9D412661A570F8BDE2
:1020F0006529001070B5437804000D00012B06D14E
:10210000036A0A001B8B0221FFF7FCFE2861AA6804
:1021100029694C232000FFF7C1FF70BD70B5130083
:10212000427805000C00012A04D10A000721FFF7BC
:10213000E9FEA061A669280031004623E268FFF7A6
:10214000ADFFB08A70BD000010B59D22024B8968BA
:10215000FFF782FF10BDC046552E001010B56B2250
:10216000024B8968FFF778FF10BDC046314A001066
:10217000436870B50D0004001100002B07D104481E
:102180000EF00EFF290060602000FFF75BFF70BDBE
:102190009472041010B5024AFFF7EAFF10BDC04662
:1021A000491304104B6870B5DBB20400092B10D141
:1021B000858A094B9D4203D12000084AFFF7D8FFCA
:1021C000638B228B2900D21AA36A606A5B6F9847DF
:1021D00070BDC58AEDE7C046FFFF0000561304102E
:1021E00070B5050000290FD00F230B40022B0DD135
:1021F0000C0920000CF052FC002806DA22000549E8
:1022000005480EF057FF6860002070BD034AFFF7D5
:10221000AFFFF9E76F130410287204107413041051
:1022200070B5140005000E001278002B13D0002AA0
:1022300007D0032A05D0104A31002800FFF798FF85
:1022400008E0032626706168286A19F087F80028DC
:1022500000D0067070BD002A0AD10123237021002E
:10226000006A19F084F82378044A012BF2D1E3E7DD
:10227000062AEFD0024ADFE78413041091130410FA
:102280009E130410F0B5437804000D0085B0012BB7
:1022900011D14B68DBB21A00103A51424A41D2B216
:1022A0000192102B09D0036A1B78002B05D129005D
:1022B0000F4AFFF75DFF05B0F0BD28006D2103AAAE
:1022C000083016F03BF900260700B742F3D0039B15
:1022D000B200D158206A0022090919F01EF829001D
:1022E0000200019B2000FFF79BFF0136EDE7C0468F
:1022F000A513041010B50B004178026A012904D11E
:102300001900100003F023FB10BD816A406A2031E0
:1023100003F02DFBF8E710B5040062780B00006AAB
:10232000012A02D118F0F9FF10BDA16A0200103194
:10233000606A03F01CFBF7E770B505000C1E1AD0AD
:10234000CB0705D5836A49105B6B686A984712E032
:102350008B0714D00F2309092340022B09D0062B29
:102360000AD0052907D0836AC9B21B6B406A984717
:1023700001E0FFF7D0FF70BD836A9B6BE5E7836ADE
:102380000968DB68406A98476368034ADBB29B00D0
:10239000210028009B58D9E7AC580410F0B505007F
:1023A0000C001700032685B00193200015F068FE8D
:1023B000002807D0002F0CD1AB6A01999B6E686A88
:1023C000984706E0200015F060FE002803D0002F9B
:1023D000F2D105B0F0BD002C43D0344241D1636846
:1023E0001A0A0292FF2213401E2B1AD1002F1CD072
:1023F000029B9E003619B442EBD0A1683A00280037
:10240000019BFFF7CBFF0434F5E721000122B00068
:1024100008310958039B28007A40FFF7BFFF0136B7
:1024200008E01F2B17D1002FE2D00026EB680393A2
:102430000133EB60029B013BB342E6DC0299019B56
:102440000131890009593A002800FFF7A7FFAB6A5C
:1024500003999B6AB3E7202B03D11F3BA4685F401D
:10246000A3E721002800FFF767FFAB6A3900DB6EA6
:10247000019A686A9847ACE7036A70B51B78040054
:10248000072B05D0022B03D0144AFFF771FE70BD55
:102490008D68002D0FD1A36A0F211B6B606A9847CE
:1024A000A36A606ACC3300211B6898470121200091
:1024B000FFF768FCEBE7AB070BD16B68DBB2AF2B28
:1024C00007D12000A968FFF737FF2000FFF7DFFCE6
:1024D000DDE729002000FFF72FFFE1E7B713041025
:1024E00070B5437804001500CE68012B06D1036A4D
:1024F0000A001B8B2900FFF705FD706100232000F7
:1025000071691A00FFF765FC2000F168FFF714FFFE
:10251000062D05D1A36A002188331B68606A98479D
:10252000A36A0121BC331D680023606A1A00A84712
:1025300070BD70B50D000400C968FFF7FDFEA96805
:102540002000FFF7F9FE70BD4B6870B5DBB20400E8
:102550000D00342B11D18968FFF7EEFEED68AD68F0
:10256000002D10D1A36A0F211B6B606A9847A36AE4
:102570000422A03302211B6819E0836A0F211B6B20
:10258000406A9847EBE70326354225D16B68DBB2FA
:102590009A2B0FD1A36A0F211B6B606A9847A96819
:1025A000002910D10422A36A0231A0331B68606A9B
:1025B000984770BD9B2B0FD1A9682000FFF7BCFE88
:1025C000EB689968ECE72000FFF7B6FEA36A0422E7
:1025D000A03331001B68EAE729002000FFF7ACFEBA
:1025E000C5E710B504008968FFF7A6FEA36A0021BD
:1025F000DB6C606A984710BDF0B58D6887B0040049
:102600000292002D09D1002A26D002222900836AD5
:10261000A0331B68606A98471EE003272B003B40ED
:1026200001933D4200D08FE0FF266B683340372B8B
:1026300014D1029B002B06D0836A0222A033012111
:102640001B68406A984720002900FFF775FEA36ABF
:10265000606AA4331B68984707B0F0BD9F2B73D105
:10266000E86843683340A12B5ED1A221083005AA57
:1026700015F064FFA9680390002926D0394224D1BF
:102680004B683340372B20D1029B002B06D0A36A26
:10269000411CA03302221B68606A98472000A96889
:1026A000FFF74AFEA36A606AA4331B6898470127B4
:1026B000019B039A93420DD1002FCDD11900A36A3B
:1026C0000322A0331B680131A4E72000FFF734FE8A
:1026D0000027EDE7019A059B9200D1580E1E09D004
:1026E00003230026194205D14E68FC331E40373EB5
:1026F00073425E412000FFF71FFE002F10D0002E16
:1027000005D1164A29002000FFF732FDA4E7A36A8D
:10271000606AA4331B689847019B01330193C7E7A4
:10272000002EF9D00E4AEDE7AB68002B06D03B42F5
:1027300004D15B6804223340372B00D005222900E6
:102740002000FFF7CDFE87E729002000FFF7F4FD0A
:10275000A36A0322A03301211B685BE7C2130410A4
:10276000D013041010B50122FFF746FF10BD70B55D
:102770000D00C9680400FFF7DFFDAB6802211B09EB
:10278000DBB2332B01D03F3BD9B2A36A606A9833E6
:102790001B68984770BDF8B54F680C008968050044
:1027A0000026FFF7C9FD3F0A0C340236B74200DCB1
:1027B000F8BD61682800FFF7BFFD2168AB6A090911
:1027C00024399C331B68686AC9B298470834ECE71F
:1027D000F7B54E680D0033000D3BDBB2896804008D
:1027E00001930127FFF7A8FD360AB74200DBF7BDCA
:1027F0002B00BA00083399582000FFF79DFDA36A0B
:1028000001999C331B68606A98470137EDE7F7B57B
:102810004E680D0089680400FFF78EFD0023360A1C
:102820000093032E03D9E36800930133E36001278B
:102830000C3501957B1C9E4221DC032E1ED9E568D8
:10284000606A6B1CE360A36A29009B6E9847A36AC9
:1028500000999B6A606A9847A36A01219B68606A35
:102860009847A36A606A1B6E9847A36A606ADB6D2B
:102870009847A36A29009B6A606A9847F7BD019B45
:10288000200059680237FFF757FDB74207DAA36AFD
:10289000606A5B6D9847A36A606A5B6E98470F2217
:1028A000019B606A1968A36A0A409C331B680A2A64
:1028B00013D10909CAB20621252A01D0343AD1B26E
:1028C0009847B74205DAA36A00211B6F009A606A35
:1028D0009847019B08330193ACE7FF254A682A40DB
:1028E000852A01D13221EBE78A680721002AE7D047
:1028F0003321E5E710B504008968FFF71DFDA36AE1
:10290000032198331B68606A984710BDF7B54A6881
:102910000E00D3B21E3B59424B4104000025C7684C
:10292000DBB201937B1CC360130A0093009B9D42A2
:1029300005DBA36A39009B6A606A9847F7BD3300DC
:10294000AA00083399582000FFF7F6FC009B0135D8
:102950009D42EEDAA36A3A001B6F0199606A9847BC
:10296000E4E700000F2370B50B400400022B14D0E5
:102970004868C0B2492809D04838082818D83EF01D
:10298000E3FB081707171717170507000123A370A4
:1029900070BD8E680D69002D0DD1A378002BF7D185
:1029A000638A002BF4D020001C4AFFF7E1FBEFE71D
:1029B0008E68CD68EFE7A378002B27D0238A0133F8
:1029C0009BB22382012B0FD1618AA36A606A00291E
:1029D00019D0A03300221B689847A36A0222A033B3
:1029E00000211B68606A984729002000FFF7A4FCBB
:1029F000A36A606A9B6B31099847A36A606AA43333
:102A00001B689847C4E71B6C9847E6E7638A290070
:102A1000013320006382FFF78FFCB9E7DD13041058
:102A2000F7B504000E00C568CF686B1C0193AB1CA2
:102A30000022B968C3602B00FFF7B0FCB16820002A
:102A4000FFF77AFCA36A691C606A9B6E9847A36AC9
:102A50002900606A9B6A98470121A36A606A9B68A3
:102A600049429847F9682000FFF766FCA36A01997C
:102A70009B6A606A9847F7BDF0B5436985B00393D8
:102A8000C668438B771C0293B31CC360038B04009E
:102A90008682C782438388680D0015F0F1FA00280A
:102AA00021D1E368A86801930133E36015F0EDFAE2
:102AB000002804D1A36A39009B6E606A9847A36A14
:102AC00001999B6A606A98472000E968FFF734FC27
:102AD000A36A39009B6A606A984701222000019B23
:102AE000A968FFF75BFC039B20006361029B2969D7
:102AF0006383FFF721FCA36A31009B6A606A9847F1
:102B000005B0F0BDF0B5C36887B001930133C36071
:102B1000040088680D0015F0B3FA021E20D1E768A2
:102B200020007B1CA968E3603B00FFF737FC200016
:102B3000E968FFF701FCA86815F0A7FA00281ED184
:102B40002B69002B02D16B69002B04D0A36A019979
:102B50009B6E606A9847A36A39009B6A606A9847CF
:102B60002800712105AA103015F0E8FC002603901A
:102B7000039B9E420AD120006969FFF7DDFBA36A2F
:102B800001999B6A606A984707B0F0BD059BB20047
:102B9000D758B86815F074FA021E1BD1E3682000FC
:102BA00002930133B968E360029BFFF7F7FB200053
:102BB000F968FFF7C1FBB86815F067FA0028DED1A5
:102BC000A36A01999B6E606A9847A36A02999B6AFF
:102BD000606A98470136CBE78622F8B5174B92001A
:102BE0009F5804000D00002F26D1C6680122731CD7
:102BF000C36089683300FFF7D1FBA36A1F2101225C
:102C00005B69606A9847E96800290AD02000FFF7ED
:102C100093FBA36A3A00BC331D6801213B00606A44
:102C2000A847A36A0121C8331B68606A9847A36A52
:102C300031009B6A606A9847F8BDC046702000204A
:102C400070B58D680400002D06D12900836AC83351
:102C50001B68606A984770BDAB070FD16B68DBB229
:102C60005E2B0BD1A968FFF767FBE9682000FFF72F
:102C700063FBA36A0221C8331B68EAE7290020002E
:102C8000FFF75AFBA36A0121C8331B68E1E710B5BF
:102C900004008968FFF750FBA36A606ADB6D984700
:102CA00010BD0000F8B5036A04001B78072B03D0A1
:102CB0001B4AFFF75DFAF8BD8D68002D0AD1836AC3
:102CC0000F211B6B406A9847A36A606AC4331B6874
:102CD0009847F0E703232A001A401D421ED16B6873
:102CE000DBB21B2B1AD1C668EF68731CC360B968CE
:102CF0003300FFF753FBA9682000FFF71DFBA36A11
:102D0000606AC4331B689847A36A31009B6A606A93
:102D10009847F9682000FFF70FFBD5E72900F9E78E
:102D2000FB130410F8B505000C004E68360AB70016
:102D3000CF19BC4207D1AB6A3100A033686A0022C8
:102D40001B689847F8BDA1682800FFF7F5FA04341E
:102D5000EFE7896810B5002906D1836A0A00A0331D
:102D60001B68406A984710BD4B681B0A022B0CD1A8
:102D7000CB68002B09D09A0707D15B68DBB2AC2B7C
:102D800003D10622FFF7ACFBEDE7FFF7CBFFEAE745
:102D9000F8B505000E0000244F683F0ABC420FDA68
:102DA0003300A200083399582800FFF7C5FA6B6872
:102DB000002B06D00234A4002800A159FFF742F9E5
:102DC000F8BD0134EAE710B50400FFF7E1FFA36A9C
:102DD00022219C331B68606A984710BD70B58D68CE
:102DE0000400002D07D101222900836AA0331B684B
:102DF000606A984718E00322154221D16B68FF21D1
:102E00001800084092281BD11B0A022B0DD1EB6839
:102E1000002B0AD0134208D15B680B40AC2B04D1C5
:102E200029002000FFF75CFB70BD29002000FFF7A0
:102E3000AFFFA36A6968A03301221B68090AD7E7BC
:102E400029002000FFF778FA0122A36A1100A033BD
:102E50001B68CDE70F23F7B50B4005000C00022BD4
:102E600003D10909FFF746FAF7BD002965D003270A
:102E7000394262D1FF224B6813402C2B3BD1896829
:102E8000FFF75AFAE668002E57D0310039403E422B
:102E900053D1FF207268330010408E280AD10F00F2
:102EA000130A0193019B013BBB4211DC019B0133DF
:102EB0009B009B595A68D2B2312A12D128009968D6
:102EC000FFF73AFAAB6A0221DB6C686A9847CBE7F6
:102ED0003300BA00083328009958FFF72DFA01375C
:102EE000E0E7322A29D19968AB6A686A1B6D090943
:102EF000303A9847B8E72D2B1FD18C68002C1CD096
:102F000062682C3B120A022A0AD1E268002A07D022
:102F10003A4205D15368FF221340AC2B0DD0012358
:102F200062685E1C013B120A9A429DD9B300E158C7
:102F30002800FFF78FFF3300F2E721002800024A44
:102F4000FFF716F990E7C046071404109C460223C9
:102F5000F7B50400006A0192C68A0D001E4205D032
:102F6000354A29002000FFF703F9F7BD0F22114071
:102F7000022918D1A3782909002B10D0838B0133A3
:102F800083830027012300930029EED0002218F04C
:102F9000C4F903780600002B37D0284AE1E7438BB9
:102FA00001334383EDE76968019BC9B22F00994261
:102FB0000CD1A968A3780909002B03D0838B0133B6
:102FC0008383DFE7438B01334383DBE7614515D11F
:102FD000A378002BC4D10121A170A9680029C4D015
:102FE00004273E430A40C682022A03D1F9401F004B
:102FF0000323C8E70F0089680909F9E70223A968D4
:103000003343C38209090523BDE704230370009BF2
:103010004370236A1B8B032BA7D1019B482BA4D1A0
:10302000002FA2D02000F968FFF7DAF803017078CA
:103030001843707099E7C0461B1404101F14041045
:1030400010B549234822FFF781FF10BD10B54F236B
:103050004E22FFF77BFF10BDF0B50D00016200218D
:1030600042702B7891B004920400914AC160072B02
:103070002DD1049B012B05D0036B021D1B68049905
:10308000C06A98476378EF68032B10D13800462157
:103090000FAA0C3015F052FA236B01009B680F9AAF
:1030A000E06A984763686883002B00D0C2E0396902
:1030B000002947D00F230B40022B3FD10B09752B62
:1030C00043D009D83E2B42D05E2B3BD0794A20001A
:1030D000FFF74EF811B0F0BDF322032092000790E5
:1030E0009342F3D17B6919210DAA0CA80C9315F01A
:1030F00025FA00230A900893089B0A9A934228D144
:103100006378012B16D9236B07995B68E06A9847AF
:103110006378042B0ED1079B206AE26A0393438BEA
:103120000521029300230193009393680069D268FC
:1031300002F04FFC6368002B7CD1CBE720005E4A95
:10314000FFF716F802230793CCE70023FBE70123E0
:10315000F9E7089B9B000593059A0D9B9958FF2260
:103160004B681340082B02D1089B0133C3E7052BA2
:1031700001D0524AABE78B68002BFAD00320034200
:10318000F7D1CA68002AF4D1FF255A682A402C2AB0
:10319000EFD19E681D3A3240022AEAD1DD68002D47
:1031A000E7D00542E5D16B68FD321340302BE0D10A
:1031B0002800A4210EAA083015F0C0F9B52336095D
:1031C00006909B009E421CD1012805D10F210E9A2A
:1031D00013680B40022B04D0394A0D9B05995958AE
:1031E00075E7E1684B1CE360049B012B1ED012685D
:1031F000236BE06ADB6812099847002816D1314A30
:10320000EBE7F623FF339E4217D1069B012B04D137
:103210000E9B1968069B194201D12B4ADDE7049BDE
:10322000012B03D0E06A4910FDF765F96368002BB4
:103230009AD02F003B68A3604CE7244B9E4229D1D3
:10324000069B012B06D90E9B01221B681E0016400F
:10325000134201D11E4AC0E7049A012AE6D05B104E
:103260000B930E9AB30098580FA914F0EFFE0028A4
:1032700001D1184AB1E7E36A0F9809930FF0F5F806
:103280000B9902000998FDF73DF9069B0136B34200
:10329000E7D1CBE7049B012BC8D0236B31001B691E
:1032A000069A9C46E06A66460E9BB047BEE7C0465B
:1032B000291404103F14041043140410541404106F
:1032C000621404106E140410721404103E02000004
:1032D0007E1404109014041010B50B004178026A9B
:1032E000012904D11900100002F031FB10BD816AE0
:1032F000406A183102F03BFBF8E70000F7B50327FE
:1033000004000D00160039420DD00F230B40022B94
:1033100014D109099E43012E02D0FFF7DDFFF7BD4E
:10332000FEF7F9FFFBE74968FF200B0003402D2B58
:103330007CD009D8062B0CD02C2B13D029002000D0
:103340004D4AFEF715FFEAE72E2B00D183E09D2BB7
:10335000F4D1002EF2D12A00090A0832200000F030
:10336000F5F8DCE7022A03D02000A968FEF7E4FFA5
:10337000EB680093002BE1D00323009A00991A40D8
:103380001942DBD14B680F00D9B28E2909D11B0A33
:1033900017000193022E1AD1019B009A01339B0062
:1033A0009F587B68DBB2312B26D1022E14D1A36A41
:1033B000606A5B6E9847A36A0121DB6C19E0009B91
:1033C000BA00083320009958FEF7B6FF0137019B79
:1033D000013B9F42F3DBDFE72000B968FEF7ACFF5B
:1033E000A36A012EE8D19B6D606A98470021A36A09
:1033F000DB6C606A984792E7322B9FD1A36A606AC0
:10340000012E09D15B6D98470022A36AB9681B6D34
:103410000909606A984782E7022E01D11B6E98471E
:10342000B968A36A01221B6D0909F2E7AA68002A9C
:1034300084D0002E82D15168090A022909D1D368AB
:10344000002B06D0980704D15B68DBB2AC2B00D10F
:1034500074E7083282E7002A00D06FE7A9680A1EE5
:1034600000D17BE7394203D14B680340922BE2D075
:103470002A000121083271E79B140410F7B50400FB
:103480000D00C6681F00731C0193B31CC360836AE0
:1034900031009B6A406A00929847A36A606A8C3345
:1034A0001B68711C9847A96800222000FFF726FFBF
:1034B0002D69002D2CD100992000FEF73DFF236AD5
:1034C0001978A36A06291CD1CC331B682900606ACD
:1034D000984720000121FEF755FCA36A606ADB6D66
:1034E0009847A36A3100606A9B6E9847A36A019966
:1034F000606A9B6A9847A36A606A90331B68984722
:10350000F7BDBA00A8331B68606A05329847E8E740
:10351000FF226B681340AD2B07D1A968330000224E
:103520002000FEF73BFFED68C3E72000E968FEF7E7
:1035300003FFA36A606A883301211B68984729004A
:103540002000009A7B1CFFF799FFCAE7F7B5012618
:10355000050017000C00009101927642002C16D154
:10356000731C05D1AB6A0099AC331B68686A984735
:10357000009B9C4228D0019AA300D1580022A64269
:1035800000D189682800FFF7B9FE0134F0E73968F7
:10359000002912D0032319420FD1FF224B68134098
:1035A000222B0AD101360BD1009B686A1E1BAB6A25
:1035B0003100B0331B68621E9847013C0437CDE7E9
:1035C0002800024AFEF7D4FDF7BDC046AF14041030
:1035D000F0B585B00400160001910293002904D1D2
:1035E0000299FEF7A9FE05B0F0BDC7687B1CC36059
:1035F0001568002D2AD003232A001A4003921D4289
:1036000024D16B68DBB27B2B20D1A968FEF794FE36
:1036100039002000039AFEF7BDFB2000039AE968F9
:10362000FFF76CFE0199321D2000029B0139FFF764
:10363000CFFFA36A3900DB6F606A9847200003213F
:10364000FEF7A0FB2000FEF7B5FBCCE72900200029
:10365000FEF772FE200000223900FEF79BFBA36AF2
:10366000606ADB6D9847DDE737B5050008000C00A0
:1036700001AA7A21083014F061FFE3680100019A81
:103680002800FFF7A5FF37BDF0B58A680D00CB68AD
:103690000F2104008BB00A40022A00D002E1002B67
:1036A00000D1FFE003273B4200D0FBE0FF205A6837
:1036B00002402C2A00D0F5E09A681140022900D07F
:1036C000F0E012097C2A00D0ECE0DA68536803408D
:1036D000302B00D0E6E09368A23109AA08A808932D
:1036E00014F02CFF431E022B00D9DBE0099B1A6863
:1036F0000192012800D1CAE0022800D1C5E09F68EC
:10370000FA0700D4CEE07A1000D1CBE05E68019BCE
:10371000002B08D09B0706D1019B5B68DBB2A63B60
:10372000022B00D8BEE0002E07D0B30705D1736886
:10373000DBB2A63B022B00D8B4E0AB6832000493A6
:103740002B6905936B69E56803936369A582079309
:10375000638B0693AB1C02936B1CE382238B638306
:103760002B1DE36001231A4002921E4203D1310057
:103770002000FEF7E1FD20000199FEF7DDFDA36AC0
:10378000606A9B6EE91C9847A36AA91C9B6A606AE1
:103790009847A36A606A5B6D9847002220000499ED
:1037A000FFF7ACFD20000599FEF7C6FDA36A606A2D
:1037B0009B6A691C984739002000FEF7BDFDA36A8B
:1037C0000E219C331B68606A9847A36A606A9B6AF3
:1037D000E91C9847029AA36A002A5BD19B6D606A34
:1037E0009847A36A606A1B6E9847A36A00219C33BE
:1037F0001B68606A002F00DA012100269847A36A3F
:103800000121DB6E606AAA1C9847079B6361069BD7
:103810006383039BB3421ED0A36A606ADB6D984743
:10382000029BB34203D1A36A606ADB6D9847200014
:103830000399FEF781FDE668606A731CE360A36A82
:1038400031009B6E98470121029B606A5940A36A30
:1038500001319B689847A36A29009B6A606A984770
:10386000A36A606ADB6D9847029B002B03D1A36AB1
:10387000606ADB6D9847039B002B04D0A36A31007C
:103880009B6A606A98470BB0F0BD03273EE7019E34
:10389000019048E7606A5B6D984731002000FEF7B1
:1038A0004BFDA2E76369E6680293638B771C019383
:1038B000238B200063831D4BE9683343A382F31CF1
:1038C000E360E782FEF738FDA36A606A883301216E
:1038D0001B689847A36A3900606A9B6A9847A36A85
:1038E000606A8C331B68B11C984700222000A968CD
:1038F000FFF704FD20002969FEF71EFDA36A3900C9
:10390000606A9B6E9847A36AB11C606A9B6A98477D
:10391000A36A606A90331B689847029B200063612A
:10392000019B69696383FEF707FDA7E70080FFFF3E
:10393000F0B587B00400170002910393002904D169
:103940000399FEF7F9FC07B0F0BDC668731C01933C
:10395000B31C0493F31C0093331DC3601568002D42
:1039600000D1D1E003232A001A4005921D4200D065
:10397000CAE06B68DBB27B2B00D0C5E0A968FEF71C
:10398000DBFCA36A606A5B6D9847CA212000FF31A7
:10399000FEF795FA2000059AE968FFF7AFFC0222CE
:1039A00031002000FEF7F6F9A36A606A03219B68E4
:1039B000984702993A1D2000039B0139FFF7B8FF91
:1039C0000321A36A606A9B6849429847A36A320050
:1039D00004330199DD6F606AB31CA847A36A606A6B
:1039E0005B6D9847A36A606A5B6E9847A36A606ADA
:1039F0001B6E9847E521A36A00224900606A5B6C50
:103A00009847A36A606A5B6E9847A36A606A5B6EB8
:103A10009847A36A606A5B6D9847A36A00220A21EF
:103A2000606A1B6D9847A36A606A1B6E9847A36A19
:103A3000606A0F211B6B9847A36A0321C0331D687E
:103A40000023606A1A00A8472000FEF720FAA36A44
:103A5000009A0021606ADB6E9847A36A606ADB6D9A
:103A60009847A36A606A0F211B6B9847A36A009965
:103A7000606A9B6E9847A36A606A02219B689847B8
:103A8000A36A0499606A9B6A9847A36A606A5B6E3E
:103A90009847A36A606A5B6E9847A36A0199606A57
:103AA0009B6A9847E521A36A0022606A5B6C490023
:103AB0009847A36A0F21606A1B6B9847A36A606AE4
:103AC0005B6D9847A36A606A5B6D9847A36A0321A0
:103AD000C0331D680023606A1A00A8472000FEF763
:103AE000D6F9A36A606ADB6D98470121A36A606A10
:103AF0009B6849429847A36A606A9B6A0099984705
:103B00002000FEF757F91EE729002000FEF714FCFD
:103B1000A36A606A5B6D9847CA212000FF31FEF7F7
:103B2000CEF9A36A606ADB6D984738E7F7B5CD68D0
:103B300004000E00002D2DD10378002B18D0036A4D
:103B40001D78002D14D1D821FF31FEF7E4FBB168B8
:103B50002000FEF7F1FBA36A2A00BC331E68012196
:103B60002B00606AB047A36A606ADB6D984710E07B
:103B7000B1688B0707D00F230B40022B09D120001F
:103B8000FEF7DAFBEFE70029F9D04B68DBB23A2BFE
:103B9000F5D1F7BDAB0750D16B68DAB25B2A10D113
:103BA000ED68002D49D1006A0378072BF1D18968AF
:103BB00008330B40022BECD10909573A17F0ADFB43
:103BC000E7E7562A13D1553A8968FFF797FB20009B
:103BD000E968FEF7B1FBA968A36A09093E399C337D
:103BE0001B68606AC9B298470222B16889E0572A07
:103BF00023D11B0A5F1E01339B005959FEF79CFB22
:103C0000002F03DDA36A606A5B6D9847B1680022EC
:103C10002000FFF773FB0026BE42BADA0136BE422F
:103C200003DAA36A606A5B6D9847291DB30000221E
:103C30002000C958FFF762FBEEE703210D4264D173
:103C40006B68FF2218000193104006285DD1B76809
:103C5000002F5AD00F4258D1786803001340062B2A
:103C600053D1030A00930098019B1B0A83424CD155
:103C70000300023B012B48D8BB68002B05D00B4248
:103C800003D15B681340222B3FD0FB68002B05D08B
:103C90009A0703D15B68DBB2222B36D0009B022B44
:103CA00008D03B69002B05D09A0703D15B68DBB2D3
:103CB000222B2AD02000A968FEF73EFB2000E968ED
:103CC000FEF73AFB009B032B07D120002969FEF782
:103CD00033FBA36A606A5B6E9847A36A606A1B6ED7
:103CE000984700222000B968FFF708FB0022200057
:103CF000F968FFF703FB009B032B00D049E7002284
:103D000039692000FFF7FAFA43E729002000FEF79F
:103D100013FB002269E700000023F7B5C36003002E
:103D200034334270016204000D0017001A70032A38
:103D300003D1C08E002828D1A0630026A36A3900D1
:103D40002A001B68606AE686984706212000FEF775
:103D500019F86778012F01D16E84AE84EE68002EC9
:103D600017D0B30715D17368DBB23F2B11D12000F8
:103D7000B168FEF7E1FAA36A606AC4331B6898472A
:103D8000A36A606A5B689847FEBD800006F027FC66
:103D9000D2E72878072800D992E03DF0D5F90491C0
:103DA00025414141410E31002000FEF7C5FAA36ACA
:103DB0000F211B6B606A9847DDE7012F12D10023AA
:103DC000A3704622554B2000F168FEF745F92B8B76
:103DD000032B07D120003169FEF702FA8301E88A3C
:103DE0001843E8827169DFE7A36A3168DB68606ABB
:103DF00098476378012B07D10023A3704C22200041
:103E0000474BB168FEF728F92000F168FEF794FAF5
:103E1000EB8ADB07AFD5A36A606ADB6D9847C6E71C
:103E2000F3680193012F05D104223900206A17F0AD
:103E300074FA6F83A36A3168DB68606A98472B78ED
:103E4000032B24D10122A36AA0331B680021606ADE
:103E500098472B78062B28D1A36A606A1B6C984779
:103E600001212000FEF757FAA36A606A1B6C98478D
:103E7000A36A606A1B6C984700232000B26801990E
:103E8000FFF7FCFA2B78062B00D074E78FE7042BA2
:103E900004D1A36A0222A0331B68D7E7052BD8D12F
:103EA000A36A0322A0331B68D0E720000121FEF79C
:103EB00032FAA36A012188331B68606A9847DBE7FE
:103EC000012F04D104220A21280017F026FA172115
:103ED0002000FEF720FA16212000FFF7FDF9B16857
:103EE000A36A606A9B6B090998471A212000FFF7B3
:103EF000F3F920003169FEF71FFA0A21280017F0B4
:103F0000FCF90278A36A042A00D151E742881D69AE
:103F10000A210023606AA8472DE7C04641300010FF
:103F20004D30001010B5036A04001A8BFEF7F6F846
:103F300001002000FFF7D0F910BD0000F0B58D683A
:103F400004006B6885B0DBB2032B09D12900FFF7B1
:103F5000E9FF0123AA69D18A0B43D38205B0F0BDE2
:103F60000121026AD28A0A4204D129005B4AFEF783
:103F7000FFF8F3E7162B00D0A2E0C668E968331D0E
:103F8000C360FEF7D9F9CC21A36A606A00225B6C9A
:103F9000FF319847A36A606AC0331F6800231A0084
:103FA0001900B8476369E7680093638B606A0193FF
:103FB000BB1CE3607B1CE382238B791C6383A36AB5
:103FC000A7829B6A984701222000B118FDF7E2FE04
:103FD000A36A606A5B6D9847CE212000FF31FDF730
:103FE0006EFF2000A9680022FFF788F9A36A00226B
:103FF0009433606AB11C1B689847A36A711C606A9D
:104000009B6A9847A36A606AD0331B689847A36A83
:10401000606A5B6D9847B021A36A0122606A5B69A0
:10402000FF319847A36A606A9C3308211B68984750
:10403000A36AF21C0021606ADB6E9847A36A606A7B
:10404000DB6D9847A36A012294333100606A1B68D4
:104050009847A36A606AF11C9B6A9847A36A01218A
:104060009B68606A98472000FDF7A4FEA36A606A17
:10407000D4331B689847A36A606A9B6AB11C98474F
:1040800020002969FEF758F9A36A606A791C9B6EC3
:104090009847009B31006361019B606A6383A36A58
:1040A0009B6A984720006969FEF746F9A36A606A2F
:1040B00039009B6A9847A36A606ADB6D98474DE7B1
:1040C000280003AA7A21083014F038FAEB680100BE
:1040D000039A2000FFF72CFC40E7C046B6140410FA
:1040E000F0B504000F001E00C56887B06B1C059377
:1040F000AB1CC360290004920122FDF74BFE39007E
:104100002000FEF719F9A36A002294331B68606A45
:10411000691C9847A36A29009B6A606A9847A36A4A
:10412000606AD0331B689847E36837000193013316
:10413000E36000230093009B049A934216DB200067
:10414000FDF738FEA36A606AD4331B689847A36AF8
:1041500005999B6A606A984720000C99FEF7ECF875
:10416000A36A01999B6A606A98475DE03B68039384
:10417000E36802930133E360039B9E68009B013375
:104180000093002E52D1049B009A934244D1002503
:10419000A36A606ADB6D98472E00039B2000D968F4
:1041A000FEF7CAF8002D24D0A36A0F211B6B606AAA
:1041B0009847A36A31009B6A606A9847A36A012105
:1041C0009B68606A9847A36A0F211B6B606A9847D7
:1041D00029002000FFF780F829002000FEF78AF868
:1041E0000121A36A606A9B68494298472000FDF755
:1041F000E1FDA36A012294331B680199606A984724
:10420000A36A02999B6A606A9847A36A01219B6826
:10421000606A984704378EE720001E4A3968FDF728
:10422000A7FF2000FDF7C6FD07B0F0BD032503235F
:1042300035401E422CD1FF21736832000B40762B93
:1042400002D1D568B6682D09A36A606A5B6D98478C
:1042500031002000FEF770F8A36A08219C331B6828
:10426000606A9847A36A0021DB6E029A606A9847E9
:10427000002D00D18BE729002000FFF72DF8E6681C
:104280000222731C31002000E360FDF783FD84E708
:104290000025D9E7CD140410F0B5C76885B00393A5
:1042A0007B1C16000D0002223900C3600400FDF7DC
:1042B00071FD002E2CD1A36A03219B68606A984788
:1042C00029002000FEF738F80321A36A606A9B6882
:1042D00049429847A36A606A0F211B6B9847A36AFB
:1042E0003900606A9B6A9847A36A606A9B680121EB
:1042F000984720000B99FEF71FF80121A36A606A16
:104300009B68494298472000FDF754FD05B0F0BD79
:104310000A9B3200009329002000039BFFF7E0FE78
:10432000D8E77FB5CE68050073680C00DBB2782B48
:1043300009D10022B3680092019313002800A168FC
:10434000FFF7AAFF7FBD742B17D1300003AA772196
:10435000083014F0F3F833690200002B07D1F3683A
:1043600000932800039BA168FFF7BAFEEAE79B6869
:104370000193F3680093039BE0E7080003AA772109
:104380000C3014F0DBF800230200E9E70F2370B5CE
:104390000B4004000D001600022B02D01D4AFDF751
:1043A000E7FE31002000FDF7C7FFA36A606A5B6D7E
:1043B000984763782E09012B0FD1226A1378033BAB
:1043C000032B0AD85068310001F0C1FA0278032AA1
:1043D00008D13100206A16F0A0FF31002000FEF75E
:1043E0007BFF70BD00223100206A16F096FF236A21
:1043F00002005B6859684B424B41DBB2002904D094
:104400001178012901D10021117029002000FDF748
:1044100007FFE2E79B140410F0B589B00591049200
:104420000400A42107AA05A81E0014F087F80023A1
:104430001F000390019302930093019B039A934200
:1044400013D1002F04D0A36A02995B6B606A98476E
:10445000049AA36A606A002A00D17BE0C0331C681A
:1044600031003B00009AA04715E0019A079B92009B
:10447000D558002D5FD003231D425CD1FF216B680E
:104480000B40A62B1ED1A43B1F4206D0324A290066
:104490002000FDF76DFE09B0F0BD019B1D2B01D979
:1044A0002E4AF4E701273B00019A20009340029A2C
:1044B000A9681A430292FDF73FFFF619019B0133E9
:1044C0000193BAE7A72B0DD1A53B1F43A36A606AEE
:1044D0001B6C9847A9682000FDF72EFF009B013355
:1044E0000093EBE7A82B26D1EA68002A0FD0A53B62
:1044F0001A420CD153680B40AA2B06D120009268B7
:10450000A968FFF743FF0136D8E7AC2B0DD00F2386
:10451000A9680B40022B01D0114AB8E7A36A090928
:104520009B6B606A9847E968D5E70622290020005E
:10453000FDF7D6FFE7E702231F4201D0094AA6E7AD
:10454000009B002B01D0084AA1E729002000FDF7BD
:10455000F3FED8E7BC3382E7E5140410EC14041032
:10456000F8140410051504100C15041070B50D0096
:10457000417804001300012903D12A00FDF7C2FC91
:104580006861A36A606A9B6C984700236E691A0091
:1045900031002000FDF71DFCA36AB18A9B6B606AA5
:1045A0009847E968002909D003230A001A401942F4
:1045B00004D14B68DBB2A32B00D1110020000223F1
:1045C0000022FFF729FFB08A70BD002310B51A0042
:1045D0008968FFF721FF10BDF7B50D008968040059
:1045E000FDF7AAFEEE68002E2DD07368DAB28E2A8F
:1045F0002AD02E0001230C3600930F22216AAB68CB
:10460000097800251A40072900D078E0022A4ED107
:104610001A099A2A00D074E032685368DBB2302B52
:1046200045D19368AB4242D103312000FDF773FEC0
:104630000121226AD36A128D002A09D12000474A3B
:104640003168FDF795FDF7BD1B0A00930836D4E7E6
:104650005878084210D059682000FDF75CFE009A97
:10466000A36A022A0BD8BC331D68002302211A005A
:10467000606AA84701251AE0013A0833DCE7FF2009
:1046800071684A680240322AEDD1B5686A68024012
:10469000302AE8D189685B6C606A09092F3A98472B
:1046A000A968002301222000FFF7B6FE0325009B26
:1046B000AB42C8D96B1C009801936A1CAB00F1583F
:1046C000824245D2FF204A680240322A40D1F31884
:1046D0005F687B680340302B3AD18968A36A002267
:1046E0005B6C606A09099847002301222000B968C1
:1046F000FFF792FE019D0135D9E70025D7E7022A91
:10470000D5D19022FF3200251B099342CFD13168C9
:10471000903A4B681340302BC9D18B68AB42C6D05E
:1047200003211D000D400B42E7D15B6813402F2B86
:10473000BDD1A36A2A00BC3329001F68606A2B0020
:10474000B84733682A0020009968FDF755FF91E7C4
:104750002000FDF7F1FD0195CCE7C04613150410CC
:10476000036A10B51B780400072B05D0022B03D079
:10477000054AFDF7FDFC10BD2000FFF72DFF2000CE
:10478000FDF785FBF7E7C0462615041010B5CA688B
:104790008968FFF7FBFD10BD10B5036A04001A8B92
:1047A000FFF7E4FE01002000FEF796FD10BD0000BB
:1047B000F0B50400080089B005910830422106AA2E
:1047C00013F0BCFE0027236A03901E8B0297039B05
:1047D0009F420BD1059BD9684B68DBB2032B51D1AB
:1047E00032002000FDF79AFC050059E0069BBA0054
:1047F000D3586C21180007AA0830049313F09EFECA
:10480000079B050019680A09732A0FD02000FDF7DD
:1048100093FD01230193019BAB4226D3049BD968EE
:1048200000291ED02000FDF787FD1AE0022805D0E0
:104830002000294AFDF79CFC35000EE059680B0961
:10484000412B10D0254A934207D0254A0325934295
:1048500003D0244A01359342EAD12E00029B013352
:1048600002930137B3E70125F7E7019A079B92000E
:10487000D158A36A00221B6D606A09099847019B01
:104880000133C7E7442B17D18F683200390020006D
:10489000FDF744FC01230500BA69D18A0B43D3829A
:1048A0000026039B029A9B1AB3420AD829002000D3
:1048B000FEF712FD09B0F0BD32002000FFF756FEF2
:1048C00092E7A36A0121BC331F680023606A1A00C3
:1048D000B8470136E5E7C046311504101203000061
:1048E000E1030000010200000F23F0B58E68040010
:1048F0000D0085B033400A2B0BD000218E4216D01C
:104900000323310019401E422ED17368DBB2652BA0
:104910001CD102960026652103AA02A813F00EFE00
:104920000021039B80003F4AC018834214D13E4BB4
:10493000EA689A4236D1236A1F78002F16D02900E0
:1049400020003A4AFDF714FC05B0F0BD622BEED111
:10495000B3680293F668DEE71F68974202D101311F
:104960000433E2E70331FBE70021E0E7A36A606A72
:104970005B6B9847A36A606A05219B6B9847A36AA3
:104980003A00A0331B68606A01219847310020007B
:1049900003AAFDF7CDFAA36A02223900DB6A606A36
:1049A0009847D1E7A36A606A5B6B984728006A2141
:1049B0000C3002AA13F0C2FD00270500A36A606A4A
:1049C000AF4211D1A033002229001B689847310063
:1049D000200003AAFDF7ACFA0026A36A606AAE4283
:1049E0000BD1DB6D9847AFE7029AB9008A589B6BF1
:1049F0009168013709099847E0E7029AB1008F589A
:104A0000DB6ABA6812090192019901229847F96894
:104A1000002905D101992000FEF75EFC0136DCE794
:104A20000909F8E7CA0500001A0400004915041036
:104A300037B504000D00836A00215B6B406A98471C
:104A4000A36A606A1B6B0F2198472900200001AA06
:104A5000FDF76EFA20000199FEF73EFC37BD00001D
:104A6000F0B5A1B0069010201400079105F098FD54
:104A7000D02212061268BB4B9200D35800211B694A
:104A80005822436007000AA839F0DEF80AAB1C7010
:104A9000012301215B4219A80F9305F0B9FD022102
:104AA000079B0122DB00194319A805F0EBFD012348
:104AB000002143601CA80EF037F88722AA4B920011
:104AC0009B5C069A002112680AA8FDF71BFA019068
:104AD00017A800F0A5FEA54B119C1493002303908A
:104AE00013900293002C02D00B9D002D1ED0119C20
:104AF000002C02D00B9B002B37D000250299039885
:104B000000F095FE119C0B9E002C00D134E1002E8C
:104B100000D1DEE0129C0AA8E168FDF793FA3000AC
:104B2000A38A0C9A07990CF015FB28E1238B01222C
:104B300021000AA8042B08D1FEF78EFA0D9B029AD9
:104B40009A4200D20293A468CCE7FFF7E5F8238DE0
:104B50009D42F3D2E26AEB00D118D35C012B02D163
:104B6000200016F004FC0135F1E70421E28A0A4234
:104B700015D0218D01394A1C11D00225E26AC800E6
:104B800012185078284225D0002B08D059681500FB
:104B90008C46186842CD42C36346106053600025BE
:104BA0002584238D04939D421ADB00230120049A5F
:104BB0009A4244D16568002D0AD000222B8D0993BA
:104BC000130009998A4249DB00220125934275DCD2
:104BD000A4688DE7002BCDD10128CBD11300C9E704
:104BE000E66AEB00F6182378012B04D173680A2BD0
:104BF00010D10135D5E73278012B0BD9012A09D123
:104C000003233370238B032B13D01022E38A134327
:104C1000E38202E03378032BF4D03378042B03D003
:104C2000012273781342E4D0238C5A1C22847380AF
:104C3000DFE7706809F032FF0128EEDCE5E7E16AA2
:104C4000DA008D188A5C052A06D16A78024203D1FF
:104C5000228C6A80013222840133A8E7E86AD100FD
:104C60004618415C08960539012918D8002111E041
:104C70000599E66AC8003118305C8C46062807D1D1
:104C800008994E6861464868864201D14B800133DD
:104C9000059901310591059804998142E8D10132C5
:104CA0008FE7E06AD1004618415C062902D171788D
:104CB000294202D07188C918718001320499914249
:104CC000EFD1628B9BB29A186283228C9B1823844B
:104CD0007EE7238B042B19D1159B002B03D102985F
:104CE00001F0AEFA159000231393214B032221000B
:104CF0000AA81693FEF7B0F90B9B002B04D10422EF
:104D000021000AA8FEF7A8F9A468FCE6023B012BE3
:104D100023D8002D06D1029B0DAA0BA917A803F0DA
:104D2000F5FE0500134B13951493022221000AA8E7
:104D3000FEF7F2FF0B9B002BE6D1032221000AA80D
:104D4000FEF7EAFF0B9B002BDED1042221000AA80C
:104D5000FEF7E2FF0028F8D0D6E7039B1393034B3E
:104D60001493E2E7B41B002070200020985904102F
:104D7000705A0410805B0410002E00D0CAE6019B1C
:104D80000B9E1B690293002E14D0039800F057FD70
:104D9000002D3AD11598002801D001F066FA069846
:104DA00013F0C0FD019B002B33D10B98002837D0A6
:104DB00009F002FF199C1E9BE40864000334A0085C
:104DC000C018800005F0ECFB03239C430419FC6031
:104DD0001B991A9CB860A6420AD100231E998B42E7
:104DE000D3D01F989A008458F86801338450F6E7AE
:104DF0000A68002A06D0042A04D04B68D2085B1047
:104E00005B001A5201360831E5E7280003F09EFEE8
:104E1000C0E7019B9C68180016F066FA0194C1E790
:104E20003900019A029800F0E7FD21B0F0BDC046BC
:104E3000D02212061268044B9200D35882B0186830
:104E400001ABC01A02B07047B41B002010B5FFF7C9
:104E5000EFFFD02212061268044B9200D3585B6811
:104E6000984201D316F0A8F810BDC046B41B00202C
:104E70004379012B07D08368C918036981605A8C74
:104E8000914200DD59847047002383714379012BDF
:104E900003D0C26A036A8900CA507047042110B562
:104EA0004942FFF7E5FF10BD10B50421FFF7E0FF11
:104EB00010BD032110B54942FFF7DAFF10BD426A69
:104EC000030040795118032802D81800596270472E
:104ED000586B8018FAE782790300002A01D0180085
:104EE0007047C26A40798918032801D8D962F6E769
:104EF000986AD9621218586B8018F1E710B50C0047
:104F00000121FFF7E8FF047010BD70B50400150023
:104F1000FFF7AEFF01212000FFF7DDFF057070BD38
:104F200010B553220121FFF7F0FF10BD10B5542238
:104F30000121FFF7EAFF10BD10B557220121FFF74D
:104F4000E4FF10BD10B558220221FFF7DEFF10BDAF
:104F5000012110B559224942FFF7D7FF10BD10B506
:104F60005A220021FFF7D1FF10BD10B55B220021AE
:104F7000FFF7CBFF10BD012110B55D224942FFF7BD
:104F8000C4FF10BD5E2210B5002901D003210132FB
:104F9000FFF7BBFF10BD10B53039CAB20021FFF7D3
:104FA000B4FF10BD022110B562224942FFF7ADFFE8
:104FB00010BD012110B5632249420400FFF7A5FF8F
:104FC0000123A37110BD0A00643210B5D2B2494268
:104FD0000400FFF79AFF0123A37110BD0A0010B56A
:104FE00004006732D2B24942FFF78FFF01232269E2
:104FF000D18A0B43D38210BD70B51D000400FFF7AA
:1050000084FF2A0020000249FBF7F2FD70BDC04674
:10501000D74E001070B50D0004001900C0681600CE
:1050200000F064FC3200030029002000FFF7E4FFD9
:1050300070BD10B50B0010220121FFF7EBFF10BD72
:1050400010B511320B000121D2B2FFF7E3FF10BD02
:1050500010B514000B00012164001432D2B2091BF8
:10506000FFF7D8FF10BD0B00012110B51632D2B2E8
:105070004942FFF7CFFF10BD10B519320B000021D8
:10508000D2B2FFF7C7FF10BDF8B5C4681D0026787F
:105090006388042E02D166689F00BD515D1C658047
:1050A000FFF7AAFFF8BD110010B52833DAB20B00E4
:1050B0000021FFF7A1FF10BD10B501240B00210056
:1050C000022A00D0E11A2A32D2B2FFF795FF10BDB2
:1050D00070B500242500032903D0042909D1013427
:1050E0002500A3189B002B43E1432F22FFF784FFE9
:1050F00070BD00240225F4E710B50B003022013901
:10510000FFF77AFF10BD10B513020B438918312247
:10511000FFF772FF10BDF7B5060001931700FFF708
:10512000A7FEB379002B20D172791C000125022A39
:1051300010D9019A316AF06A92005258023C241A3E
:10514000A418442F12D82200403202DB3F2C00DC8E
:105150001D00641B3000A91CFFF7BDFE0770002D69
:1051600009D1442F00D840344470F7BD7F25A542B3
:10517000AD416D42EDE7442F02D88023DB01E418F6
:105180007379042B06D180231B029C4202D3012396
:105190003836337080235B422343E41143708470BC
:1051A000E3E710B50B00422200210400FFF7B3FF34
:1051B0000123A37110BD0000F8B5174F05000C00C6
:1051C00016000F40002A19D124040ED55921FFF7EB
:1051D00095FE59212800FFF791FE59212800FFF77D
:1051E0008DFE59212800FFF789FE3B004222002155
:1051F0002800FFF790FF0123AB71F8BD3B00402270
:105200000021FFF788FF7F23210A994331432800BB
:10521000C9B2FFF773FEEEE7FF7FFFFF10B5140082
:105220000B0061424C414732D2B26100FFF773FF7D
:1052300010BD10B50B004B220121FFF76CFF10BD14
:1052400010B50B004A2200210400FFF764FF012380
:10525000A37110BDF7B58622234B92009B58050021
:105260000191022B0DD88769B9420AD9C46A4269F3
:10527000CF1BA41A3B00234304D1EB6A6B61019B53
:10528000AB61F7BD062F01D90F2C18D900941F2C44
:1052900001D91F230093009B00269C4203D83E00A7
:1052A000032F00D9032601212800FFF708FE009AEA
:1052B000730113430370009BBF1BE41ADAE78023DA
:1052C0003E001B019F4200D3084E02212800FFF739
:1052D000F6FD7022330913402343F03A1343037061
:1052E00046700094E7E7C04670200020FF070000EA
:1052F00010B50400002905D1552201392000FFF71F
:1053000004FE10BD022904D1FFF70AFE2000FFF7BA
:105310002CFE032156224942F0E7130010B5432228
:10532000002900D1442201214942FFF7F4FE10BDBB
:10533000130010B54522002900D14622012149421F
:10534000FFF7E9FE10BD70B50400322905D0002535
:10535000332904D10125072101E00125062129393E
:10536000CAB2012120004942FFF7CFFD002D04D031
:10537000D32200212000FFF7C8FD70BD0B0010B53F
:10538000012A07D0022A0BD1012167324942FFF7D7
:10539000BCFD10BD11001B32D2B2FFF73BFEF8E797
:1053A00001214942F7E770B50D000400111E05D137
:1053B0002B0013222000FFF72DFE70BD022A04D11E
:1053C000FFF7AEFD2000FFF7CAFD02212B001822D7
:1053D0004942EFE7110010B5002B07D10F2A05D87D
:1053E0005039CAB20121FFF790FD10BD2433DAB263
:1053F0000B000121FFF700FEF7E7110010B5002BAD
:1054000008D10F2A06D84039CAB201214942FFF714
:105410007CFD10BD2633DAB20B0001214942FFF7B3
:10542000EBFDF6E770B5049DD2B26C002D02E418D6
:105430002B43059D002D02D00132D2B20134091B4D
:10544000FFF7DAFD70BD07B5019300920B0034221F
:105450000021FFF7E7FF07BD13B501240193009278
:105460000B0036226142FFF7DDFF13BD10B50400CB
:10547000C06800F052FA2322030001212000FFF748
:10548000BBFD10BD0B001033F7B506000D003F2B20
:1054900005D8803D0121EAB2FFF737FDF7BD0121B4
:1054A0002222FFF732FD6B465C1D21007F202F007A
:1054B00022000740EBB2013CED1127706F1C012F59
:1054C000F5D840273B40013513D1002B02D1013CD8
:1054D0002070941E3000091BFFF7FDFC80260100A0
:1054E000230001AD76421A78AB4208D11B1BC2548F
:1054F000D4E7002BEED00023013C2370E9E73243D0
:105500000A7001330131EEE770B5040018000B6931
:105510000499D5B208430AD10121891A202220001A
:10552000FFF7B2FD29002000FFF7E8FC70BDD14372
:105530002122F4E710B51C000B69224304D101219C
:105540003232FFF7A1FD10BD012133224942F8E7B5
:1055500010B504000D290AD10849C06800F0DDF932
:105560002322030001212000FFF746FD10BD423138
:10557000CAB20121FFF7C9FCF8E7C046387F041022
:1055800070B504000D000F21FFF7E2FF2900200095
:10559000FFF77AFC5C2220000221FFF7B6FC042111
:1055A00020004942FFF764FC70BDF8B504000F000D
:1055B00016001D000F21FFF7CBFF2000FFF7CFFCE7
:1055C00039002000FFF7EDFD31002000FFF75CFC03
:1055D0002000FFF7B1FC012220002121FFF730FD60
:1055E00020000821FFF7AFFE2A0000212000FFF76E
:1055F00094FEF8BD70B543790400012B14D000254A
:10560000C26B436A05649B1AC3632069038DAB4276
:105610000CD86379032B1AD1606AE36AA062236312
:10562000C01804F0DCFF6063012070BDC26AEB00AB
:10563000D118D35C052B08D18E7820000121FFF70B
:105640003EFC0670236C013323640135DDE7042B37
:10565000EAD1626AA16AE36A8A4202D1216B994265
:1056600003D00020A2622363DFE7230038331B78D6
:10567000002B03D00549064814F024FCE268C38AD5
:105680005268616B006900F09BF9CDE75B1504106F
:10569000DC720410F0B541710100002302611700B3
:1056A000012238318360837143618261C362436246
:1056B0000B703B8C798C06005B1887B0002B00D1F7
:1056C00013000F22F88AB98C10400390BA8B7D8B9F
:1056D0000492FA8B7820059204228C001440013A3F
:1056E0002A40013B1443DA001B09024001934B0896
:1056F00014430293AD08029A019B01211343039ABC
:1057000030001343049A2B431343059A134336D1B5
:10571000FFF7D5FB04707379022B1AD9336CF56B44
:1057200001937E2301226C001C40019BAD091340B4
:105730001C43019BD34001932B43029301D0802350
:105740001C4301213000FFF7BAFB029B0470002BC1
:10575000E7D1736AF068F363B98A00F0C7F82F4D98
:10576000020029003000FBF743FA00247B8BBA8B40
:105770009B18A3424FDD3B8D00229C4647E0FFF77C
:105780009EFB80235B421C43039B04709C014023CF
:1057900030221C40019B1B0113401C430123059A2E
:1057A000134008221C43049BDB0013401C43043AB3
:1057B000AB0013401C43029B023A5B0013401C43A6
:1057C000019B6D08D3400193029B5B080293039BEE
:1057D0005B080393049B5B080493059B5B0805939C
:1057E00089E70120FB6AD1005B18597801420DD08E
:1057F0005988A1420AD15968F06800F077F8290069
:1058000002003000FBF7F4F90134AFE701329445B0
:10581000E7DC0521F0E707B0F0BDC046BF4E001041
:1058200010B50400442004F0DAFEC46010BD10B5C9
:105830000400C161880004F0B3FE206210BD10B501
:105840000400006A04F0E0FE200004F0DDFE10BD5C
:10585000F8B504000D00884201D10120F8BD204BAD
:10586000984201D10020F9E79942FBD009F0DAF91A
:105870000600280009F0D6F98642F3D1194B9E4262
:1058800011D162686B689A42ECD1082600276368E0
:10589000BB42E2D9A959A059FFF7DAFF0436002824
:1058A000E0D00137F3E72900200009F08BFC002845
:1058B000D8D00D4B9E42D0D120000BF097FD002197
:1058C000041C38F051F80028C7D028000BF08EFDDA
:1058D000E40FC00F201AC00743425841C0B2BDE7D1
:1058E000386C0410A8830410E8750410CB00022162
:1058F00010B5194304000122083004F0C3FE4368C8
:10590000002B06D10122A368DB08013B5B00134397
:1059100043604068401080B210BD70B505000E00B5
:105920000024EB69A34208D82800310014300CF0A1
:10593000B1FFEC69013C200070BD2A6AA300310070
:105940009858FFF785FF0028F5D10134E9E710B535
:105950000122040015F0E1FC0378012B04D1237827
:10596000012B02D90423037010BD0223FBE770B59D
:1059700005000E00100019001C0015F0BEFC037895
:105980005A1E012A05D80022736821002800984772
:1059900070BD032B02D101227368F6E73668428896
:1059A000042B04D1002321002800B047F0E7012395
:1059B000F9E710B5102004F012FE0123837010BD2A
:1059C00010B502248470013C2340C37041608260A2
:1059D00010BD8170012110B502AB10CB42601B8855
:1059E00084600B40C370049B0373059B1A02C36859
:1059F000DBB21343C36010BDF8B504006378100038
:105A000022781B020D00134317D0002700230A0041
:105A100021000BF0DBFF0125390023785BB27E1CEF
:105A2000002B03DB294225D01D4B19E0A35D9A1101
:105A30002A40BA4037001143F0E7A3786668042B88
:105A400010D0052B17D0032B20D10A00A3683100FA
:105A50000BF0BCFF134B0360E378002B0AD0124B12
:105A6000036007E010201149A46809F0CEF8C66071
:105A700045608460F8BD10200D49257BE46809F07D
:105A8000C4F8240A45608660C460F3E70A00A3688E
:105A900031000BF09BFFE378002BEBD0C4E7C0464E
:105AA000AC77041064760410907704104C760410E0
:105AB0003476041070B51D00802314005B001A407A
:105AC0001C4200D02A00FFF797FF0223E2091A4088
:105AD0009A40E1B2AA180AF099F970BD0F2370B587
:105AE00013400400022B09D00D4B0A0019000D4889
:105AF0000BF0E0FA636A1860002070BD836A002032
:105B00001209834205D1238C042BF5D1064905489F
:105B1000EEE7E16A850069589142EED00130F0E786
:105B200066150410947204106C1504107FB50400FF
:105B30000D00100003A91E0012F088FA002809D1F8
:105B40002A000B490B480BF0B5FA636A1860002075
:105B500004B070BD039809F045F902000300B24398
:105B6000F6D02A000449009602480BF0A3FAECE7AD
:105B700078150410947204107E15041070B5038C0F
:105B8000C46A032B03D10023856A9D4205D18B0093
:105B9000E250FAF7A6FC012070BD9E00A65996427D
:105BA00001D00133F1E70020F6E710B5FAF7F4FC75
:105BB00010BD10B504000184426203290ED1826A2F
:105BC0000021C06A920038F03FF801212000FAF766
:105BD00060FC00212000FAF7AFFC10BD04394B42F5
:105BE00059410131F2E70000F8B51F000F2305000D
:105BF0000E001B4C1340022B03D1100913F09FFC25
:105C000004002378174A18000023517881421DD1DF
:105C100061788C4691788C4518D1A1788C46D178E2
:105C2000614513D100290ED10E4A9B00D05CB842C9
:105C300008D93B0032000C490C480BF03BFA6B6A68
:105C400018600020F8BDE1780029EDD0013304325E
:105C5000152BDAD13200064904480BF02BFAEEE797
:105C600093480410025B04109415041094720410FD
:105C7000A1150410F0B505000E0085B0002A45D02E
:105C800003210A4242D1FF20536803402F2B3DD10C
:105C90009268203B14001C40022C08D131002800DF
:105CA000FFF7A2FF013C8440200005B0F0BD002AB0
:105CB0002CD014000C4001940A4227D151680140B5
:105CC0009F2923D1D76879680140A1291ED13100CD
:105CD00092682800FFF788FF012484403800A22141
:105CE000083003AA12F02AFC019F0090009B9F42FB
:105CF000DADA039AB9000F238A5828003100FFF737
:105D000073FF0123834001371C43EFE7320004494E
:105D100004480BF0CFF96B6A00241860C4E7C04652
:105D2000A71504109472041010B5040002480BF07B
:105D300037F9206010BDC04694720410F7B50C000E
:105D40000600002512490192042C09D8A5420BD067
:105D5000019AAB00D0580F230340022B06D00D4907
:105D6000706AFFF7E1FF00242000FEBD000913F078
:105D7000E6FB07003BF0A2F80228F0D13B78722B3B
:105D8000EDD12B007A7830339A42E8D10135DDE746
:105D9000B8150410E1150410F0B50E0087B004002A
:105DA00005A930001F00029213F0D3FB029B0500EF
:105DB000032B00D9FFE018003BF056F90400130054
:105DC000A700D701BC4B9E4205D1BF21090220008C
:105DD000FAF7A7FBB3E0B94B9E4200D0EBE0B8491D
:105DE000F5E7B84B9E4210D1290020003A68FFF732
:105DF00075FE01002000FAF73BFC002800D09EE071
:105E0000B149606AFFF790FF99E0B04B9E4209D11B
:105E1000290020003A68FFF761FE01002000FAF730
:105E200066FCEAE7AA4B9E420AD129000F23200014
:105E30003A68FFF7D9FE8E21C000C9010143C6E7C9
:105E40002B78622B32D1059B032B07D0052B2DD14C
:105E5000EB785F2B2AD12B796E2B27D101260022DC
:105E600069789C4B76425878884205D1A878844658
:105E70009878844500D11E78013203330E2AF2D17E
:105E8000731C00D197E03A6829002000FFF726FE36
:105E9000059B0200052B03D12B79772B00D18AE0DB
:105EA000002331002000FAF700FCA6E78A4B9E424F
:105EB00001D18A498BE78A4B9E4201D1894986E705
:105EC000894B9E4210D1290020003A68FFF7D2FE8C
:105ED000BF231B02184200D06DE0B421430401D55A
:105EE000B521C0B20902A9E7782E64D129002000AB
:105EF0003A68FFF7BFFEFE23DB0118425BD1BC21ED
:105F00000304EFD5BD21C0B2ECE70F227B6813403C
:105F1000764A022B58D1964213D129003A680D33A4
:105F20002000FFF761FE290006007A680F23200099
:105F3000FFF75AFE310002002000FAF783FB07B09A
:105F4000F0BD6B4AFA2303920022FF3301929E4276
:105F500015D18026F60129003A6807232000FFF7B3
:105F600043FE29007A68019007232000FFF73CFEDA
:105F700031000300019A2000FAF75DFBDFE70322FE
:105F8000280003993AF0C4FD00280BD1EB78002BD0
:105F900008D18026019A574B9200D35CF6011B0171
:105FA0001E43D8E7019B01330193039B0433039302
:105FB000019B0F2BE3D1029B2A004F494F480BF066
:105FC00079F8636A1860BAE796421AD180260723E7
:105FD00029003A682000FFF707FEB601FF232900D9
:105FE00001907A682000FFF7A1FD3100019B014379
:105FF0001B021943EBE6A026E9E7C026E7E7E02607
:10600000E5E73F4B9E42F6D03F3B9E42F5D03D4BED
:106010009E42F4D03C4B9E4200D181E03B4B9E42DD
:1060200000D17FE03A4B9E4200D17DE0972E00D117
:106030007CE0384B9E427BD0374B9E42BBD1052340
:10604000364A9B009E5A2900072320003A68FFF732
:10605000CBFD7B680190002B6CD00320034269D1FB
:10606000FF215A680A402E2A64D19A68002A61D01A
:1060700002425FD15368194092295BD11B0A022B5F
:1060800058D1D7682900200092680533FFF7ACFD8E
:106090000290F30456D51F233A0029002000FFF791
:1060A00045FD029B019980013143DE00F823DB00AE
:1060B00031431840C2E6C04616030000E903000061
:1060C00030BF000006020000281604100D02000078
:1060D00019020000D85A04103502000072B6000000
:1060E0003602000062B6000043030000090300000E
:1060F0009D5A04109C5A04101B160410947204102C
:1061000029020000A9030000D6020000D702000007
:10611000D9020000A5030000A7030000845A041060
:1061200000238DE701238BE7029B89E7032387E7A1
:10613000042385E72A003C493C480AF0BBFF636A18
:10614000186038E733B2002B07DA3E233A00290003
:106150002000FFF7EBFC4008A3E77C233A0029006E
:106160002000FFF7E3FC80089BE7314B9E4222D1E1
:106170000026072329003A682000FFF735FD072392
:1061800029007A6801902000FFF72EFD1F232900C7
:106190000290BA682000FFF7C9FC019B80011E43F2
:1061A000029B0643D900314311E680263601E0E721
:1061B00080267601DDE71F4B9E42F6D01E4B9E42A5
:1061C000F6D0183B9E4229D1C026072329003A6801
:1061D0002000FFF709FD07237A68019029002000BD
:1061E000FFF702FD0F23BA68760102901340022BDD
:1061F0000BD1290020000533FFF7F6FC029B80013C
:10620000D900019B1943314318E68023DB001E436C
:10621000290007232000FFF789FCEFE7074B9E4288
:1062200000D0C8E6D026D0E7FF1504109472041001
:10623000EA020000EB02000002020000A9030000D5
:1062400070B50500302004F0ABF9040020220021D5
:1062500037F0FAFC29002000FAF708F9A562A80037
:1062600004F09EF9E062200070BD10B50400C06A21
:1062700004F0CAF900212000FAF700F9200004F028
:10628000C3F910BD072803D8034B4000C05A70471C
:10629000C4204000FBE7C046565B0410C36CC9181D
:1062A0000369C164012B04DD436D5A8C914200DD0A
:1062B000598470477047012110B54942FFF7EEFF3E
:1062C00010BD10B5FFF7F7FF10BD042110B549420E
:1062D000FFF7E4FF10BD704770B5C46C036A0C197A
:1062E00005009C4208D9032308349C43406AE1001E
:1062F00004F079F92C62686270BD70B504000E007C
:1063000001211500FFF7E8FF0121E26C636AD2006A
:106310009B181E705D6020005970FFF7BFFF70BDB5
:1063200070B504000E0001211500FFF7D5FFE26CE7
:10633000636AD2009B1802221E705D60012120005A
:106340005A70FFF7ABFF70BD002210B51100FFF7C8
:10635000E7FF10BD10B50A000221FFF7E1FF10BDF5
:1063600070B504000D1E07DDFFF7B6FF0023200007
:1063700019002830AB4204DB29002000FFF78EFF14
:1063800070BDE26C666A9A18D200B218517000268D
:10639000012D00D1067816700133EBE7F8B5036BD9
:1063A000C76A013304000E001500BB4206D904374A
:1063B000406BB90004F017F9E7626063226B636B0E
:1063C000511C92009B187204520CED0315430122DC
:1063D00052422163A06D1D805A8000213200FAF7DD
:1063E000B1FA00220321A06DFAF77AFAF8BD020093
:1063F000037D0020834205D0D36C526A5B1A013BB7
:10640000DB00985C704713B504000B001100626D4F
:10641000806DD28AD20705D5022200920432FAF7A3
:10642000DDFA13BD0A001900FAF75AFAF9E770B558
:1064300004000025E36CAB4200DC70BD636AEA0037
:106440009B185A78012A09D100225A7022004A3238
:10645000118820005A684919FFF7D5FF0135E9E78F
:10646000F8B51E00040017000D00FFF7E0FF3A002A
:106470003100A06DFAF780F929000322A06DFAF728
:10648000A5FBF8BD70B50D000400FFF7D0FF290093
:106490000322A06DFAF79AFB70BD10B50821040025
:1064A000FFF7F0FF002220001100FFF726FF10BDCC
:1064B000F8B5040017001E000D00FFF7B8FF3A0002
:1064C000A06D0021FAF758F93200A06D0121FAF70A
:1064D00053F929000322A06DFAF778FBF8BDF8B54F
:1064E00004000E000025C76CBF1AE36CAB4200DC51
:1064F000F8BDBD4212D0636AEA009B185A78012A9F
:106500000CD15A68B24209D100225A7023004A3392
:106510001988320020004919FFF775FF0135E4E7BB
:10652000002270B50D0011000400FFF7D8FF022211
:10653000ED002A43A06D0021FAF71EF90022200089
:106540001100FFF7DAFE70BD030007B55B6D806DCB
:10655000DB8ADB0706D50223009313000622FAF735
:1065600013FA07BDFAF7D0F9FBE70000F8B51600FB
:10657000C2690400955D0B00602D06D147681A00C2
:10658000134914480AF096FD3860022E0DD8636D49
:106590009A8C002A09D1DB8ADB0706D40E4B9A5D60
:1065A00029002000FFF7A9FEF8BD002220001100FD
:1065B000FFF795FF23004A331A88636C0021D21835
:1065C000921B013A2000FFF7BFFF0022E8E7C04618
:1065D0003316041028720410585C041073B5036855
:1065E00004001A785D88042A02D15A68A8008150F4
:1065F0006A1C5A8023004833022620001A88002192
:10660000FFF7A2FF0022009633001100A06DFAF7F9
:10661000BBF9002200962B001100A06DFAF7B4F927
:1066200073BD002273B504000D001100FFF757FF82
:106630002023626D2068D18A02260B43D382290071
:10664000FFF76BF92300483305001A88200000216A
:10665000FFF77AFF002200961100A06D0123FAF7E0
:1066600093F9002200961100A06D0323FAF78CF92C
:10667000002200962B001100A06DFAF785F9002288
:1066800020001100FFF739FE73BD000010B50D2981
:1066900003D10849FFF7C5FF10BD0F2904D100221F
:1066A0004531FFF73DFEF7E70E390A000121531E81
:1066B0009A41F6E7387F0410C16C104B70B5CB18C7
:1066C000446ADB00E418230022000833050041CBB4
:1066D00041C26678002E0BD12B004A331A8828005D
:1066E0005218013A3100FFF72FFF012366606370F3
:1066F000012128004942FFF7D1FD70BDFEFFFF1FB9
:10670000F8B51E00040017000D00FFF790FE3A00D8
:106710003100A06DFAF730F829000322A06DFAF7D6
:1067200055FAF8BD10B50C002932D1B20023220071
:10673000FFF7E6FF10BD70B505000E00141E0CD06B
:10674000037D002B09D0080008F0A8F9021E04DD23
:1067500070212800FFF7E4FD70BD063432002800E8
:10676000E1B20023FFF7CCFF002228001100FFF761
:10677000C4FDF1E707B51300022200920532FAF7D3
:1067800003F907BD10B51400002B08D1037D002BC1
:1067900005D0806D5268F9F7EFFF207810BD23789F
:1067A000002B05D16268806DF9F7E6FF0020F5E760
:1067B000012B05D162680132806DFFF7DBFFF5E741
:1067C0009A1E012A04D8012263685B001A43EAE793
:1067D000542B01D10022EFE7014814F0B7FBC0466B
:1067E0004816041070B504000026FFF720FEE36C85
:1067F000B34200DC70BD656AF300ED186B78022BC4
:106800000FD100232A0001216B702000FFF7BAFF8F
:10681000230028704A331988012220008919FFF7C4
:10682000F2FD0136E3E770B504000D00FFF7DAFF73
:106830002900A06DFAF714F90122A36D5A7070BDFA
:10684000F8B504000E0017000A0019001D00FFF73C
:1068500046FEE36C616A9B1BDB00CA18CB5C3B7095
:106860005378012B0ED0022B14D0002B09D123001A
:106870004A331A88E36C2900D2182000921BFFF7D4
:1068800063FEF8BD5268AA42FBD02900A06DF9F75B
:10689000D9FEF6E7002329002000FFF773FF3870C8
:1068A000EFE710B513000A0001210400FFF7C8FF4D
:1068B000012120004942FFF7F1FC10BD70B51D0019
:1068C0000400FFF7EEFF29002000049AFFF7E9FF1C
:1068D00070BDF0B50F270E260125040085B06F446A
:1068E0006E443B00310000220095FFF7E7FF3F7840
:1068F00036782A0039002000FFF7FFFC3100200025
:106900000022FFF7FAFC2A0039002000FFF7F5FC0F
:10691000002231002000FFF7F0FC05B0F0BD70B59B
:106920001D000400FFF7BDFF29002000049AFFF7B7
:10693000B8FF2000069A0599FFF7B3FF70BDF0B5C8
:10694000172689B002AB0400F6180225012716238A
:10695000152102AA02A801969B18091800222000FE
:1069600002950097FFF7DBFF33782000059302AB19
:106970009E7D597D0022FFF7C0FC2A00200005996A
:10698000FFF7BBFC3A0031002000FFF7B6FC09B06E
:10699000F0BD172330B587B06B4401930223002567
:1069A00015210400009314336B44012269440295BD
:1069B000FFF7B5FF20001921FFF764FD2A00290029
:1069C0002000FFF79AFC07B030BDF7B56B46040016
:1069D0000E001500DF1D002A0CD101223900200015
:1069E000FFF75FFF0C353200E9B200232000FFF70C
:1069F00087FEF7BD0021FFF7FAFC0028EDD0390033
:106A000020000022FFF74DFF20003A7801230421E7
:106A1000FFF726FD00220121A06DF9F713FEE1E743
:106A200037B56B46DD1D002229000400FFF739FF52
:106A30002B78002B05D00749074865680AF03AFB18
:106A4000286022212000FFF71DFD0122A36D5A704E
:106A500037BDC0465616041028720410F0B50F2733
:106A600085B004000E0015006F44022A14D8436D4F
:106A70009A8C002A10D1DB8ADB070DD4184B390021
:106A80005A5DFFF70EFFE3693F78585D5A19602899
:106A900013D1177005B0F0BD390020000022FFF7B8
:106AA00000FF23004A331988636C0022C918491B70
:106AB00020000139FFF7A7FCE5E7B842EAD0FFF76D
:106AC000E1FB05003800FFF7DDFB6768054C00902F
:106AD0002B003200200004490AF0ECFA3860D9E7B4
:106AE000585C0410287204106016041070B504007D
:106AF0000D001600002B07D10F21FFF7C7FD320054
:106B000029002000FFF7AAFF70BD7FB50400160022
:106B1000032912D10F236B4401221900FFF7C1FE94
:106B200018250F223100002320006A44FFF788FE59
:106B300029002000FFF7A6FC7FBD052907D10F2300
:106B40006B4401221900FFF7ACFE1725E9E7022389
:106B50000E2100930D3301226B446944FFF7AEFE12
:106B60001925DEE7F0B504000E00150085B0002AF7
:106B700018D102230E21077D027500930D330122E7
:106B80006B446944FFF79AFE320023212B0020005A
:106B90002775FFF7B5FD2A0029002000FFF7ADFBA0
:106BA00005B0F0BD012A0ED10F22002329006A444E
:106BB000FFF746FE320024212B002000FFF7A0FD46
:106BC00000221100E9E70F236B4419000022FFF7B0
:106BD00068FE25212000FFF755FCE1E770B50400B1
:106BE0007F25236B114A406B9B189B00C318DA78F2
:106BF0002A40DA70043B98420AD8DA787F2AF9D919
:106C00001A8800215204A06D520CF9F79BFE06E091
:106C1000002909D18021A06D8901F9F782FC0022A9
:106C20000321A06DF9F75CFE70BDC046FFFFFF3F7A
:106C300010B504000121FFF7D1FFA06D0122002152
:106C4000F9F762FE002220001100FFF756FB10BD8D
:106C500073B50025036B04000E00AB4218D0134A35
:106C60009B18426B9B00D3185A787F2A10D91B8837
:106C70005B045B0C8B420BD16A462B00012107326F
:106C8000FFF7DEFD2A000121A06DF9F729FE01358D
:106C90002000FFF7A7FD3100A06DF9F722FC002DC1
:106CA00003D000212000FFF799FF73BDFFFFFF3FD6
:106CB00070B50D000400111E0ED08021806D890179
:106CC000F9F72FFC00220121A06DF9F709FE290038
:106CD0002000FFF7A8FD70BDFFF780FFF7E7000079
:106CE000F7B505000C000092002A2CD0436B304908
:106CF0009C46036B16005B1800210F009B00634449
:106D0000019358787F2808D9D8787F2805D9002F93
:106D100000D11F0000291CD11900013E043B002EA8
:106D2000EFD1A86D002924D1009B9A00019B9A1AEB
:106D3000944518D980218901F9F7F3FB002203213A
:106D4000A86DF9F7CDFD1B4928002140FFF76BFD29
:106D5000F7BD18884004400C02004888C00BC003EF
:106D600010434880D8E712885204520CF9F7EAFD24
:106D7000E4E74B88104ADB0BDB0313430D4A4B80DF
:106D800022403100F9F7DEFD32000D21A86DF9F740
:106D9000A7FD32003100A86DF9F7EEFC32000121A9
:106DA000A86DF9F79DFD3C886404640CCBE7C046F0
:106DB000FFFFFF3FFF7FFFFFFE7F0000F0B50F27C3
:106DC00085B004000E0015006F44002A0FD1390071
:106DD000FFF767FD3200092120000123FFF790FC37
:106DE0002A0029002000FFF788FA05B0F0BD012A2B
:106DF00031D11100FFF7FBFA021E0ED102230E2142
:106E0000009320003B006944FFF758FD0123320046
:106E10000E212000FFF774FCE7E73A002000002372
:106E20000221FFF70DFD2B0020003A780421FFF727
:106E300017FBA06D00220221F9F704FC0E236B441E
:106E4000190020000022FFF72CFD012120004942FB
:106E5000FFF724FADAE739000022FFF722FD882144
:106E6000A06D8901F9F75DFBD0E7000070B5040063
:106E7000FFF721FA01220021A06DF9F745FD22213B
:106E80002000FFF7FFFA236B656B013B23639B0038
:106E9000ED186B88144A5B045B0C93421FD00D22E3
:106EA0000021A06DF9F730FDA021A06D8901F9F74F
:106EB00038FBA36800211A68A06DF9F731FE6B88D2
:106EC0000A4A5B04590C91420AD18E21A06DC90176
:106ED000F9F727FBA36820001968FFF7B9FE70BD1A
:106EE0002000FFF7A0FCF5E7FF7F0000FE7F000019
:106EF0001121F0B58368426D1D680400C560D38A16
:106F0000928C194085B00A4300D198E001271E00F9
:106F1000AA1C02923E403B4221D103004833039316
:106F20001A883100FFF710FB0223009332003B0068
:106F30003100A06DF9F728FD0223009332003B00D9
:106F40003100A06DF9F720FD05212000FFF79AFA26
:106F5000039B320019882000C919FFF754FA636DAA
:106F6000A06D9A8C002A00D06BE0DA8A012315000C
:106F70001D401A4208D1A0218901F9F7D2FA29004F
:106F8000029AA06DF9F7CCFD0022A06D1100F9F76F
:106F9000CFFC20212000FFF775FAA021A06D890108
:106FA000F9F7BFFA0021029AA06DF9F7B9FD636DF8
:106FB0000125DB8A190029402B4200D18CE00225F3
:106FC00001220021A06DF9F79FFC00950523062200
:106FD0000021A06DF9F702FDA06D2A000021F9F74C
:106FE000CBFBA06DF9F7D8FA012520000299FFF735
:106FF0002FFE636DDB8A2B4221D0230048331A8891
:10700000002152192000FFF79FFA8E21A06DC901BF
:10701000F9F787FAA06D0E22436800212364F9F77F
:1070200073FC8421A06D8901F9F77BFA0E21A06D14
:107030002A00F9F755FC22212000FFF723FA05B0BA
:10704000F0BD80218901F9F76CFA00220D21A06DB5
:10705000F9F746FC00220121A06DF9F741FC6E1CF6
:10706000029A0421A06DF9F76DFC31002000FFF7B2
:10707000EFFD0022A06D1100F9F75AFC202120003D
:10708000FFF700FAA021A06D03358901F9F749FA4D
:107090002A000121A06DF9F743FD8021A06D89012F
:1070A000F9F73FFA00220321A06DF9F719FC1849FE
:1070B000A06DF9F736FA29002000FFF7C9FD032279
:1070C0000421A06DF9F720FCB021A06D8901F9F72A
:1070D00028FA3200012167E7230048331A8820008C
:1070E0000132FFF731FA05212000FFF7CBF9636D7C
:1070F000DB8A190029402B4200D060E7A06D2A00EE
:10710000F9F702FC22212000FFF7BCF96CE7C0462A
:1071100020470000F0B50E0085B000210192040068
:107120001D00FFF764F9021E2DD102AB2000D91D0E
:10713000FFF7B7FB002D03D101212000FFF7AEF8C8
:1071400010212000FFF79EF9002D04D102ABDA795F
:10715000230028331A702000FFF744FBA021A06D04
:107160008901002E2BD0F9F7DCF90121019AA06DDD
:10717000F9F7D6FC002D04D1012120004942FFF788
:107180008DF805B0F0BD02AB00222000D91DFFF73D
:1071900088FB002D03D101212000FFF77FF802AB0F
:1071A000D879431E022BCFD9FFF76CF8064B0200AB
:1071B00006491800676809F07DFF3860C4E7F9F7F1
:1071C000B0F93100019AD2E7287204107016041049
:1071D00010B50023FFF79EFF10BD10B50123FFF788
:1071E00099FF10BD70B505006B6D0C00DB8A806DDA
:1071F000DB070BD59200F9F7BFFACC21E30023435C
:107200004901A86D1943F9F78CF970BDF9F790FBA6
:10721000FBE7F7B504000F0001920026FFF707F91E
:10722000019B9E4211D10025019B9D422CD16942B8
:107230002000FFF733F823004A331A88E36C390043
:107240002000D218FFF7CEFFF7BDE36C656A013B63
:107250009B1BDB00ED186B78022B13D100232A0057
:1072600039006B7020000133FFF78CFA230028707F
:107270004A331988E36C3A00C91801392000891B88
:10728000FFF7C1F80136CBE7E26C616A531E5B1B66
:10729000DB00C818CB5C0090002B19D023004A33C8
:1072A0001E880021B618013E761B32002000FFF731
:1072B0004BF9009B04211A7820000123FFF7D0F836
:1072C000002231002000FFF79EF80023009A13707F
:1072D0000135A9E737B5037D04000D00002B02D06E
:1072E0005D4813F033FE0123426DD18A0B43D382F4
:1072F000FFF778FA012D0BD1A3682000196802313D
:10730000FFF791FAA368200019680131FFF7A0FC8C
:10731000012200212000FFF77CFF00220221200033
:10732000FFF771F801220021A06DF9F725FA00227C
:107330000C21A06DF9F7D4FAA36800211A68A06D9A
:10734000F9F700FB2300483319880022200001319F
:10735000FFF759F8E168A06DF9F782FBA368A06D0B
:107360001968F9F7BEF8236B002B15D03B49626B07
:107370005B189B00D3189A420ED8D9787F2925D95B
:107380001A8800215204A06D520CF9F7DBFA002292
:107390000321A06DF9F7A4FA01212000FEF7E0FF18
:1073A000002D15D10E222900A06DF9F7ADFA842128
:1073B000A06D8901F9F7B5F80E21A06D0122F9F74A
:1073C0008FFA22212000FFF75DF837BD043BD2E79A
:1073D000A368200019680231FFF73AFCA06D0E2265
:1073E0000221F9F791FAA06D00220121F9F7C4F901
:1073F000A06D01220E21F9F773FA6B462000D91D0A
:107400000122FFF74EFA6A460023200001210732CD
:10741000FFF716FA200002220021FEF76EFF01227C
:1074200020000221FFF7F5FE20003021FFF72AF8A7
:10743000A021A06D8901F9F774F8A368A06D1A68FE
:1074400001210132F9F76CFB20000121FEF788FFD2
:107450002000FFF731F9B8E786160410FFFFFF3F61
:10746000F8B51F0005000E0014005300002F11D0C6
:10747000CA1CD2180221FFF7CCFE230201221D21D3
:1074800028003343FFF714F8002211002800FEF70C
:1074900034FFF8BD8A1CD2180221FFF7BAFE320071
:1074A0001C2123002800FFF703F83A003900EDE71C
:1074B000F0B51D00030085B003914833012117008A
:1074C00002261A880400FFF73FF8012300961A00ED
:1074D0001900A06DF9F758FA0A9B1D432ED1200020
:1074E000FEF7A5FF2A003100A06DF9F745F9039BCF
:1074F00020001969FFF772F803221A21A06DF9F72D
:1075000065FB3A000121A06DF9F736F93A00022136
:107510002000FFF77EFE002D04D00221200049420A
:10752000FEF7BCFEA06D03222B21F9F74FFB0022D2
:1075300020001100FEF7E1FE05B0F0BD3100200093
:10754000BA1CFFF766FE2000B91CFEF7A7FE20005C
:10755000FEF76DFFCBE7F0B585B00393030048332A
:1075600015000F001A88012102260400FEF7ECFF27
:10757000012300961A001900A06DF9F705FA039B84
:107580001D4317D12000FEF752FF2A003100A06DE5
:10759000F9F7F2F820003969FFF720F8A06D03220F
:1075A0001A21F9F713FB002220001100FEF7A5FEB7
:1075B00005B0F0BD200032003100FFF72AFE2000A8
:1075C000FEF735FFE6E770B504000E00150086B043
:1075D000042A28D10025022917D1162317210122B8
:1075E000694400956B44FFF769F92A003100A06DEA
:1075F000FFF7C0F826212000FEF744FF00222000FC
:107600001100FEF77AFE06B070BD15236B4401939E
:107610000123172100931533022202956B4469441C
:10762000FFF77DF9E6E7012A01D9032A04D13200E8
:1076300001212000FFF7EDFD13350023320020006B
:10764000E9B2FEF70DFFD9E770B5040004220D0082
:107650000021FFF7DEFD20000421FEF71FFE2000C1
:107660001F21FEF70FFFA021A06D8901F8F759FF38
:107670002A00A06D0021F9F753FA00222000110022
:10768000FEF73BFE70BD73B50D0000210400FFF74F
:10769000A5FA012120004942FEF700FEA368200060
:1076A000196802260231FFF7D3FA00225421200084
:1076B000FEF736FE002254212000FEF731FE0022A4
:1076C00054212000FEF72CFE052202212000FFF7A6
:1076D000A0FD032200231C212000FEF7E9FEA36881
:1076E00020001968FFF79FF82900A025A06DF8F782
:1076F000F8FE01212000FFF771FA02212000FEF7B9
:107700002FFEAD0101220021A06DF9F7FDF829003F
:10771000A06DF8F706FFA36800211A68A06D023279
:10772000F9F7FEF9002300961A000121A06DF9F780
:107730002BF9012200212000FEF7DFFD00222000AE
:107740001100FEF7DAFD002254212000FEF7E8FDCB
:10775000310005222000FFF75CFD002303221C21DD
:107760002000FEF7A5FE10212000FEF78BFE290069
:10777000A06DF8F7D6FEA36800211A68A06D01324B
:10778000F9F7CEF9A36820001968FFF761FA8021A4
:10779000A06D8901F8F7C5FE00220121A06DF9F75F
:1077A0009FF8A368200019680131FFF751FA012101
:1077B0002000FEF773FD73BDF7B5436D0122DD8A2E
:1077C00004002E001640154212D00021FFF721FDC3
:1077D000002202212000FEF716FE0022A06D1100FB
:1077E000F8F7CAFF00220C21A06DF9F779F81BE029
:1077F000027D002A46D0AD093100EDB2FEF7F7FD5B
:10780000542823D12000FEF756FD002D12D12A0066
:107810002900A06DFEF7AEFF636D9A8C002AE1D1BE
:10782000DA8A11231A42DDD12000226BE168FFF7CA
:1078300057FAF7BD32003100A06DF8F79DFF012324
:107840002A0004212000FEF70BFEE5E76B46DF1D52
:10785000390032002000FFF724F83F78AF420ED005
:107860002800FEF70FFD06003800FEF70BFD320082
:10787000030007490748676809F01CFC3860002DC1
:10788000CAD0DCE76B46D91DFFF70BF8C4E7C0464A
:107890008E16041028720410F8B516000400002596
:1078A0000F00FEF7C4FD31002000FEF715FD2A0091
:1078B000E16CB5420CD123004A331A8820005218DB
:1078C0003900FFF78FFC29002000FEF7E7FCF8BD28
:1078D0004B19606ADB001A520135EAE773B56B4653
:1078E000140005000E000022D91DFEF7DAFF621C0D
:1078F000280092190221FFF7CFFF2202280032430D
:1079000001232821FEF7ACFD73BD37B56B460D0092
:107910000400D91D0022FEF7C4FF2A002000022126
:10792000FFF7BAFF2A00012327212000FEF798FD68
:1079300037BD37B56B460D000022D91D0400FEF798
:10794000B0FF002D09D0012120000422FFF7A4FF81
:107950001E212000FEF796FD37BD2A00A06D0121F3
:10796000F8F70AFF20001E21FEF78CFD2A002900EF
:107970002000FEF7C2FCEFE737B504000D00002A37
:107980000FD003220121FFF744FC02220121200035
:10799000FFF782FF00232A000B212000FEF7B0FE34
:1079A00037BD6B46D91DFEF77CFF02222000110077
:1079B000FFF772FF01232A000A21EEE7F0B50F2737
:1079C0000E260125040085B06F446E443B00310053
:1079D00000220095FEF772FF3F78200031780022E8
:1079E000FEF78BFC2A0039002000FEF786FC05B06C
:1079F000F0BDF8B504000F0001211D001600FEF7D0
:107A0000AFFC2000FFF7DAFF0F212000FEF73EFE5B
:107A10002000FFF7D3FF39002000FEF704FF01210B
:107A200020004942FEF79CFC31002000FFF710F9CE
:107A30002000FEF740FCA06D01220021F8F764FF52
:107A4000002220001100FEF758FCA021A06D890142
:107A5000F8F767FD2A000021A06DF9F761F8F8BD7D
:107A6000F0B50161138B1700033B5A425341037574
:107A700000234765C3640D008369398C040085B019
:107A80008B4205D2C06902F0AEFDE0613B8CA36180
:107A9000626D538B928B9B18FA8A5107C90F92071C
:107AA0005B18D20F9B1800221100934200D0DDE03A
:107AB000227D002A00D0EEE06020A2699A4200D91F
:107AC000EBE000236021226A9A4200D0EFE0291FF8
:107AD0004B4259412600A06D0131F8F7DAFC002332
:107AE00048363380636D9A8C002A03D11121D88ADD
:107AF000084207D00D213180DB8ADB0700D4DBE0B0
:107B00000F233380B9492068FDF707FF0390257DD7
:107B10003B8C788C002D00D10DE1616DC018606444
:107B20008A8C002A00D0CCE0C98ACD0707D41A007D
:107B3000032B00DD03227B8B032B00D9013A112399
:107B4000194200D1BFE0338802339BB221000225E5
:107B50004A310B8002911918891AA06DF8F7ECFCD4
:107B60000095012300220721A06DF8F70DFF0722E1
:107B7000009511000323A06DF8F706FF072200957A
:107B80001100039BA06DF8F7FFFE636D9A8C002A2D
:107B900003D1DA8A30231A4204D000223188A06D42
:107BA000F8F79EFE01220021A06DF8F74BFD02229E
:107BB0000121A06DF8F746FD03220621A06DF8F71C
:107BC00041FDA421A06D8901F8F7ABFCA368012158
:107BD0001A68A06D0432F8F7A3FF7A8B0221A06D1A
:107BE000F8F7CAFD852102230022A06DC901F8F72C
:107BF00022FDA36800211A68A06D0532F8F790FFF6
:107C0000A368A06D196800250431F8F76AFC7B8B26
:107C100002211A04D218A06D5200F8F7ADFD03221C
:107C20002C21A06DF8F7D2FFA368A06D1968022679
:107C30000531F8F756FC0127636D5A8BAA4249DCDF
:107C4000032A0ED99A8C002A0BD1DB8ADB0708D4D1
:107C5000029B06211A88636CA06DD218033AF8F7CC
:107C600053FE2000FFF744F905B0F0BDE0698154F0
:107C700001321AE70120F66AD100761871780142C4
:107C800003D07688E069090981550132666D318D2E
:107C90009142EFDC10E70022F8E7217D0A00511E37
:107CA0008A41E16952420240CA54013305E7606AE1
:107CB000DE003152013307E7002A00D122E70E230C
:107CC0001FE700223FE7F98A3388890600D43DE7A1
:107CD00001333AE700962B0006220021A06DF8F749
:107CE00053FEE3695A5D002A04D0012303212000DA
:107CF000FEF7B6FB022D13DC636D9A8C002A0FD1C0
:107D0000DA8A3A420CD1022D02D15B8B032B07D1C8
:107D1000374B0022595DA06DF8F794FC01358BE7D5
:107D2000029B00221988636C2000C9180139491B85
:107D3000FEF769FBF2E71B18E26B63640421A06D98
:107D4000F8F7E0FB0122636DDB8A1A400292012200
:107D500013424FD0226C0421A06DF8F7D3FB318879
:107D6000A06DF8F7E9FBA023DB02A3642A0006213B
:107D7000A06DF8F767FC01220E21A06DF8F7B0FDA9
:107D800033880226009606222900A06DF8F7FCFD34
:107D9000009601232A002900A06DF8F7F5FD009652
:107DA00003232A002900A06DF8F7EEFD00962A00B3
:107DB0000721039BA06DF8F7E7FD2000FFF798F877
:107DC000636D9A8C002A51D0002318003A8D9A4294
:107DD00000D849E7F96ADA008D188A5C052A02D1D1
:107DE0006A88E16988540133F0E7C046386C0410B2
:107DF000585C04102300022531884A33053189B2CA
:107E00001980636CA06DC918F8F796FB0095029A6B
:107E1000A06D01230721F8F7B7FD07220095110097
:107E2000A06D0323F8F7B0FD07220095039B110016
:107E3000A06DF8F7A9FD3188029AA06DF8F750FD02
:107E4000626C0299A06DF8F797FC31882000029AC5
:107E50000331FEF7D8FA32880299A06DF8F768FD71
:107E600004222D21A06DF8F7B1FEA6E7DA8A0123DE
:107E700015001D401A42A7D13B8CAB42A4DD230064
:107E80004A331A88636CA06DD218054B013A595DCC
:107E9000521B0135F8F738FD032DEDD194E7C046AC
:107EA000585C0410F0B557007F1885B00E003900FB
:107EB000019304001500FEF79AFA02AB987170283E
:107EC00034D1E36C626A023BDB00D318002120004E
:107ED0005F68FEF78CFAFEB2050007280CD8002870
:107EE0000FD02000FEF7E8FBE36C244A9B18626A7F
:107EF000DB009E5405B0F0BD5428F2D0204813F0AA
:107F000025F802AB0200D91D2000FEF7CAFC2000B4
:107F1000FEF7D1F90321FAB201232000FEF7A0FAFF
:107F20002A0031002000FEF7E8F9E3E72B02334393
:107F30000093019B002B0DD002212000BA1CFFF7FB
:107F400068F900221D212000009BFEF7B1FA0022F3
:107F50001100E7E7354304D03A0002212000FFF783
:107F600058F902AB2000991D0022FEF79AFC01236C
:107F70001B212000009AFEF773FAE8E7FFFFFF1FBE
:107F80009816041070B5C56C0400013D406AED0000
:107F9000401916004278012A12D145689D420FD03F
:107FA000049B9D420CD003780B7041682000316027
:107FB000FEF795FA012120004942FEF76FF970BDE6
:107FC0000A00200001213368FEF73AFCF2E77FB592
:107FD00000230B25040003936D44013B009329000B
:107FE00003AAFFF7CFFF2D78039E2900320020005F
:107FF000FEF783F9320029002000FEF77EF97FBDED
:10800000F7B504000E00151E52D16B46DF1D01218D
:1080100013003A00FEF714FC022220001100FFF7C3
:108020003BFC01230D220A212000FEF769FB3900E9
:1080300002222000FEF735FC390001222000FEF765
:1080400030FC39002A002000FEF72BFC3F7801228B
:1080500039002000FEF751F9022239002000FEF716
:108060004CF9022220001100FFF716FC01230C221C
:108070000A212000FEF744FB022220001100FFF736
:10808000C8F82B002A001C212000FEF711FA2A0054
:1080900029002000FEF731F92000FEF7A3FB2000A5
:1080A00001223100FEF77AF92000FFF790FFF7BDBB
:1080B000023D6B425D41FEF795FB31002000EAB2C4
:1080C000FEF76CF9F3E770B504000D00160086B0FA
:1080D000002B03D1FEF7C2FC06B070BD00221100D8
:1080E000FEF7FDF9200000220121FEF7F8F9320029
:1080F00029002000FEF73AFA00230F210493013BE8
:108100002000009304AA6944FFF73CFF0F210126D9
:10811000049D20002B0005AA694400950596FFF7F1
:1081200031FF022300932A0033000599A06DF8F770
:1081300055FCD1E77FB504000D001600002B02D1DD
:10814000FEF714FA7FBD00221100FEF7C8F93200D5
:1081500029002000FEF70AFA01230B2100255B42CB
:108160002000009303AA69440395FFF70BFF022345
:1081700000932900039AA06D013BF8F705FC2A0043
:1081800029002000FEF7B9F8DCE700007FB50E00FB
:1081900000210400FEF72BF96B46D872831E050000
:1081A000012B33D8002E17D0012E16D100230B211E
:1081B000009303AA694420000393FFF7E3FE039DA5
:1081C0001F492B002A00A06DF8F735FA6B462A00EC
:1081D000D97A2000FEF791F87FBD022E0DD1002341
:1081E0000B21009303AA694420000393FFF7CAFE02
:1081F000039D14492B002A00E5E7134B64689A5D40
:108200001249134808F056FF2060E5E700280FD117
:108210000B236B44190001222000FEF742FB3200C1
:1082200011212B002000FEF71BF92A002900D0E7BE
:10823000FEF728F8064B0200646818000549E1E7DC
:1082400040420000C043000060840410A0160410E7
:1082500028720410A9160410F0B50D0087B0012192
:108260000A260400FEF7C3F802ABF61807003070C8
:1082700000212000FEF7BBF802ABD872BB1E0290B3
:10828000012B00D9CBE00300023B012B00D9F3E026
:108290002B00093B0C2B01D80D35EDB22B0002222F
:1082A0001F3B9343DBB2002B21D10B2102A800938B
:1082B000091833002000013AFEF700FB3378022B47
:1082C00007D0784B78495A5D7848666808F0F2FE26
:1082D00030602E211F2D00D02F212000FEF7D2F874
:1082E000002202212000FEF708F807B0F0BD0127A8
:1082F0000B2102A809180592200005AA0023009767
:10830000FFF740FE3A0031002000FEF7CAFA1D2DAB
:1083100078D8280038F018FF434343434343767628
:108320007676767676767676767676767676212692
:108330002D0F0F313B3F01228121A06D3678059B27
:10834000192D08D08221032E05D15949F8F773F968
:1083500001223100C6E7C901F8E701228621059B09
:10836000C90102E00122059B5249A06DF8F763F9AB
:108370000AE001228021059BF2E7059B4E499B0103
:10838000A06D1943F8F7CDF801223178AAE7059BD3
:108390004A499B01F4E70122059B4949E5E702AB05
:1083A0003778DB7ABB4205D046494048666808F01A
:1083B00081FE30600626032F00D100260022200017
:1083C0001100FEF78CF885210122059BA06DC901E3
:1083D000F8F731F9AE193C4B76000622F15AA06D40
:1083E000F8F7DEFB8021A06D8901F8F79AF80421E7
:1083F000A06DF8F7E1FB3549A06DF8F792F800227F
:1084000001216FE720000121FDF748FF254B30498E
:108410005A5D2648646808F04DFE206065E7029BBF
:108420003B43039328D101270B2102A809183300ED
:10843000022220000097FEF741FA322D18D0332D8A
:1084400018D0039F00232A0012212000FEF708F80D
:10845000002F0AD000220121A06DF8F7F3F80023C5
:10846000032211212000FDF7FBFF0022110039E754
:108470000625E7E70725E5E7012120004942FDF74A
:108480000DFF3800FDF7FEFE05000298FDF7FAFE2D
:108490006668064C03002A0020000E4908F00AFE18
:1084A000306022E760840410B916041028720410AA
:1084B000C04000004040000009180000091A0000F8
:1084C00040430000C9160410665B04100120000040
:1084D000DC160410EA160410F0B50700C16887B076
:1084E000FEF7B6FB7B6D9A8CDB8A002A02D1113233
:1084F000134233D0012219001140134219D13B001D
:1085000048331A8838000132FEF71EF87B6D9C8CC8
:10851000002C0AD1A021B86D8901F8F702F8FA6899
:108520002100B86D0132F8F7FBFA05213800FDF79C
:10853000A9FF21213800FDF7A5FF7B6DDA8AD2075C
:1085400007D49B8C002B04D1F96838000131FEF769
:108550007FFB0C220021B86DF8F7D6F9B86DF8F75B
:108560001BF83B7D002B67D10F22BB6D7C6C5B68D9
:10857000013CBB633B685B88FB637B6DDE8A5D8B84
:1085800016409A8B0492DB8BE200059378231A4005
:10859000753B2B401A432409AD082300049933434B
:1085A0002B430B430599B86D0B4300D06DE00121BF
:1085B000F7F7A8FF3B0050331D885E887E236A00D2
:1085C0001A407D3B334076083400AD091A432C43F2
:1085D00001D080231A430121B86DF7F793FF002CD7
:1085E000ECD1BE6D3868736804937B6D998AFDF792
:1085F0007DF94E4D020029003000F8F7F9FA7A6D46
:10860000138D918B9C46538B5B18A34200DD7CE05D
:108610003A000025BB6D50325C68049BA4B2E31A9B
:1086200013807A6DB86D138DAB4200DD6FE03A00B8
:10863000436852321B1B13803B69042B22D1BB6D54
:10864000DD689E683B6858683B7D002B0BD1BC6B96
:10865000F96B2C19002966D00131890001F0C3FFA4
:10866000FB6B9B001C5000237C6D397D03930293B0
:10867000E38A03310193009033002A002069C9B2D4
:10868000FDF7A7F9012007B0F0BD80235B421A4334
:108690000121D2B2F7F736FF40233021B2011A4050
:1086A00023010B401A4301230599A4080B4008211C
:1086B0001A43049B7608DB000B401A430439AB00D5
:1086C0000B401A43049B6D085B080493059B5B08F1
:1086D000059362E70120D66ACB00F3185E78064264
:1086E0000ED05E88A6420BD159683868BE6DFDF782
:1086F000FDF8290002003000F8F77AFA01347EE72D
:1087000001316145E6DB0521EFE70021F9E7D26A97
:10871000EB00D118D35C052B03D14A880121F7F770
:10872000F1FE01357DE720009DE7C046C30400103F
:10873000F0B504000D008BB0002900D0C0E001218D
:10874000FDF755FE02AB061ED87531D101002000A1
:10875000FDF74DFE002819D10122200009A9FEF7DE
:10876000A0F8172302A95B18190000222000FEF7C9
:1087700098F804220F2102232000FDF771FE002249
:1087800011002000FDF7B9FD0BB0F0BD3200200054
:1087900009A9FEF786F802AB20001A7F0421012305
:1087A000FDF75EFE32000121A06DF7F74BFFD8E721
:1087B000E36C626A013BDB00D118CD48D35A834297
:1087C0002AD1200001274E68FDF775FD172102A868
:1087D0003B00091809AA200000970995FFF7D2FB72
:1087E00020002A002900FDF77AFE02ABD87D06287A
:1087F0000DD007280DD0052857D10095330029004A
:10880000099AA06DF8F7C0F800220221B9E7009795
:10881000F4E702230093F1E7012308AE31002000C2
:10882000099309AA2B000095FFF7ACFB172302A9B7
:108830005B1819002A002000FEF733F820002A00F8
:108840002900FDF74CFE3078831E012B09D9FDF776
:1088500019FDA84B0200A8491800656808F02AFC19
:10886000286002ABD87D06280CD0072814D0052834
:108870001BD1B821099BC9019B011943A06DF7F7D2
:1088800050FEC1E74221099BA06DDB001943F7F7B9
:1088900048FEB521C901F1E78221099BA06DDB00EB
:1088A0001943F7F73EFEB121F4E7FDF7EBFC914BDE
:1088B000020092491800656808F0FCFB2860A3E7F5
:1088C00008AE012900D004E1FDF791FD02AB071EBF
:1088D000587529D101002000FDF789FD022105000E
:1088E00030702000FDF783FD02AB1877054308D0F8
:1088F000390020000322FEF78CFC03212000FDF745
:10890000CDFC0223029309AB0193002302AA00933A
:108910001533310020009B180122FEF700F80F21CB
:108920002000FDF7AFFD2FE7E36C626A013BDB003F
:10893000D1186F48D35A83424BD14B68200005931E
:10894000FDF7B9FC002315211727089302A802336D
:10895000320009180993200000932B00FFF712FB47
:10896000089E02ABFF18200033003900009509AAC9
:10897000FFF708FB3878431E022B09D9FDF782FC6C
:108980005C4B02005E491800656808F093FB2860A4
:10899000152302AA9B18187806280FD0072816D08E
:1089A000002305280BD0FDF76DFC524B0200554902
:1089B0001800646808F07EFB2060E5E60123009360
:1089C0003200059B0999A06DF8F708F8DCE6022350
:1089D000F5E708951625022302AAAD1829003200F2
:1089E0002000099300930023FFF7CCFA152302A976
:1089F0005B18190020000022FDF753FF2878831E22
:108A0000012B09D9FDF73EFC3A4B02003E49180004
:108A1000656808F04FFB28601726089D02ABF61822
:108A2000200000233100009509AAFFF7ABFA307847
:108A3000431E022B09D9FDF725FC2E4B02003049BD
:108A40001800666808F036FB3060152302AA9B18F0
:108A5000187806280DD0072827D00528A3D1A821EB
:108A6000099BAD011D43C9012943A06DF7F759FDCD
:108A70008AE60126B421AE400902A06D3143F7F722
:108A800050FD4021EB002B431943A06DF7F749FD42
:108A9000A421099BAD011D43C9012943A06DF7F72E
:108AA00040FDBC2109023143DFE70126B421AE407D
:108AB0000902A06D3143F7F734FD8021EB002B4311
:108AC0001943A06DF7F72DFD099BAD01A0211D43B2
:108AD000E2E70025310009AB01220095FDF7EEFE2B
:108AE00002232A000F212000FDF7BAFC4CE6C04605
:108AF00002020000287204100D170410041704105D
:108B000017170410201704102A170410F7B50700D0
:108B10005C200E001500019301F061FD85600825C1
:108B20000400076046600562402001F039FDE562FF
:108B30006062202001F034FD6063202001F04FFDD1
:108B40000199A065F7F792FC2000FEBD10B5040066
:108B50000021806DF7F792FCA06D01F055FD606B70
:108B600001F052FDE06901F04FFD606A01F04CFD3B
:108B7000200001F049FD10BDF0B587B005001E00D2
:108B80000F9F109C0592002809D0884207D3119BA3
:108B90005B0700D484E00C9B013701330C93022364
:108BA000119A1A400492119A1A420ED0002C0CD03D
:108BB00000DA7BE00D9B9C4207DA0C9B3F190024F6
:108BC000BB4202DC013BFB1A0E930C9B013B03935F
:108BD0000193019B002B00DB9BE00C9A7B1C9342D2
:108BE00000DAABE00123FE2F00DC00230C9AB5185D
:108BF0000E9A002A12D0039A0E99BA1A561A012117
:108C00002E278C4630202900002A02D163460131EC
:108C10002F70013A4D1C0870B242F4D1049A002A18
:108C20000BD0002B09D0013D2B002A78013D302AC2
:108C3000FAD05D1C2E2A00D11D000123119A134089
:108C4000234327D013005B0724D42023134045225D
:108C500013432B702B23002C01DA644202336B7018
:108C6000AE1C632C06DD6421200030F0EDFA3030BC
:108C7000EE1CA8700A21200030F0E6FA0A2130F03C
:108C8000E3FA3031317020000A2130F0DDFA303162
:108C9000B51C717000232B70059BE81A07B0F0BD5E
:108CA0000A2130F0F9FA0134050078E7231D00DAD3
:108CB0008BE70121244A25486A43CA412700002343
:108CC000824210D80C1B28000A2130F0E5FAE31983
:108CD00001370500002F06D001211B4A4243CA413B
:108CE0001A498A42EFD90C9AB41CD21A0C9230223B
:108CF0003270023A72700026DB1BB34200DD5E1E4A
:108D0000320020003021A61934F09EFF0024FF27F6
:108D10005BE7019B02939F4201DA01330293280033
:108D20000A2130F0B9FA029B3031F15428000A21AF
:108D300030F0B2FA019B0500013B49E72E230136D2
:108D4000F3552D3B52E7C046CDCCCCCC999999191F
:108D5000F0B59FB0099324AB20CB08901C78089BFA
:108D600013910792002B12DA011C34F020FE002828
:108D70000DD18022120694462D24089B634408934B
:108D8000139B5F1C1C70079B013B079302E0139F22
:108D9000002CF5D12024099B65491C40089B5E00EE
:108DA0007608301C34F003FE002815D16049301CD1
:108DB00034F0E8FD00280FD149214E2246232143FB
:108DC0002243F81C2343BB70002339707A70037070
:108DD000139BC01A1FB0F0BD0899081C34F0E7FDC2
:108DE000002806D04E234122234319002243F81CB9
:108DF000E9E72023099A1343662B64D1623B23439E
:108E00000993079B033B1C00002D62DA06250F9592
:108E10009D4200DD0F930026089B1293B34224D09D
:108E20005800000E7F3834F0D3FD424934F059FD2C
:108E300034F0F0FDFE230021129A9B059A4249412D
:108E40000600CBB20918FE2080050A930FF008FE39
:108E50000A9B002B43D001230B93089934F092FD19
:108E6000431E98410A9B98423CD00423099A1A4217
:108E70000CD0002E0ADDAA19079902328A4205DDBC
:108E8000099A0135534002221A4309920423099A90
:108E90001A401792099A1A4234D0079B023BAB4200
:108EA00000DD2C00002E2ADA022C24DDB31C22DA8D
:108EB0007342A34200DD2300023B0A93E51A092D09
:108EC0002EDC002232E0672B01D1653B97E70123BE
:108ED00095E7632D9BD1102309250F939BE7012371
:108EE0005B42B9E7FE200B9B8005F6180A9B991997
:108EF0000FF0B6FDB1E7651C00230A93DFE7751C90
:108F00002D19F9E7099B9B0708D5002D14D00023E4
:108F10000A93092D04DC1A00073311E00135F6E746
:108F20002A00179B0925093A002B08D0032307E0E4
:108F3000FFFF7F7F9B209A3E2A000A950125072389
:108F40000799491BCB1A1693934200DD1692079599
:108F5000062D01DD06230793079B9B1B013B159301
:108F6000169B079AEB189B1A1A93129B0C97191EC3
:108F70000D930ED0179B15990D93002B09D00D96CC
:108F8000002E06DA0A9B002B00D093E00A9B511EAC
:108F90000D930A2201231092079A9A4200DD9AE06B
:108FA0000124062A09DDA14207DD072A00D198E045
:108FB000022900D195E00239633408980FF050FD82
:108FC000FC21890534F014FC34F056FD099B444320
:108FD00005930D9B3A0003931A9B109902930F9BE4
:108FE00020000193079B049600930C9BFFF7C4FDA0
:108FF0001DAA0100119038000FF064FD08991D981A
:1090000034F02DFC0B900B9B002B50D001230E93C2
:10901000079B062B06DD0323079A53430122123BCD
:109020009A400E920B9B149419930C2318930B9B4C
:10903000002B59DA0E9BE418099B3A0005930D9B0F
:10904000109903931A9B200002930F9B049601939F
:10905000079B00930C9BFFF78FFD1DAA0100119049
:1090600038000FF02FFD08991D9834F0F8FB0B9095
:109070000B9B002B1BD05800199B40085900490836
:1090800034F0EDFB1B901B9B002B30DB0A212000F2
:1090900030F002F91B9B194329D00E9B012B2AD0DB
:1090A0005B080E93189B013B1893002BBFD1119BBB
:1090B000F8188DE630212E23BC1C0A9A39707B707B
:1090C000200034F0C1FD0A9B079AE3180C930A9B19
:1090D0009918FF235CE70A20109A0133424310924B
:1090E0005AE70A24013968E70E9BE41AA4E70B9BB0
:1090F00014941993D1E7159B01331593079BAB4249
:1091000002DA013307932BE7149B9C42CFD0099BD3
:109110003A0005930D9B109903931A9B14980293A0
:109120000F9B04960193079B00930C9BFFF724FD74
:109130001190BCE7F0B585B00E000290039237F0B5
:10914000BDFE0700002E01D0002333600023164D22
:1091500001932878002819D0280037F0AFFE0400CA
:10916000874218D83A002900029837F063FD00289A
:1091700011D1A7420CD1002E07D00223019A3360EF
:109180000A4B9200D358039A1360022005B0F0BD39
:10919000EB5D2F2B05D0019B013401332D19019379
:1091A000D7E70120F2E7C04650EC041018EC041099
:1091B000D02212061268024B9200D0587047C04667
:1091C000B41B0020F7B5AD229200002394466246FE
:1091D0002B4D0326AF580022013281188C083C5DCC
:1091E000314049000C413440022CF5D00101B0203F
:1091F000800028581201401812180192019A9042DA
:109200000AD1002B3BD0013B190069311C4AFF31C8
:10921000490052189088DAE70F220168114228D1DC
:10922000B024174AA40014598C4222D8B125AD00AD
:1092300055598D421DD9091B644614590F098909D6
:1092400065183E000095655C03212C000E407600F9
:1092500034410C40012C0CD1B1400D4300990D70EC
:109260003F2B08D819006931FF31490051188F8010
:1092700001330430C2E7B42189005450F9E7F7BD47
:109280007020002010B5074837F0B6FEFFF790FFBA
:109290000123028900211343B4220381024B92006F
:1092A000995010BDD0230020702000200F23994337
:1092B00070B505000E00081A832101388900C0002E
:1092C0002FF0EAFFAE22184C9200A050411C043A45
:1092D000A550030008326818A050B0209A01B21AB5
:1092E00080002250B1229200A6509A000732D20884
:1092F00052182800002134F0A7FCB22300259B005F
:10930000E5500433E550FFF753FFD52301229B00BE
:109310000581E252023A0833E2500448043BE5502A
:109320002DF005FE70BDC04670200020D023002027
:1093300010B5FFF73DFF03890233038110BD10B55F
:10934000FFF736FF0389023B038110BD10B5FFF71D
:109350002FFF0089431E9841C0B210BDF7B5B0265B
:1093600000240F2500900191B600019B9C4200D182
:10937000F7BD009AA300D3582B4220D1114A91592E
:1093800099421CD8B12080001058984217D95B1A16
:10939000AD218900525818099B09D1188C46D25C1E
:1093A000010003231700194049000F411F40012FFE
:1093B00005D18B401A4363461A70FFF703FF01344F
:1093C000D3E7C0467020002010B5FFF75BFFD62220
:1093D0000021044B9200995003487E31FFF7BEFFF5
:1093E00010BDC046702000207C200020F0B5B425C0
:1093F000AD2685B0AD00B6000023504F7C599C428D
:109400003FD1B3239B00FB58DB080193AF239B00A4
:10941000FB58E5001E5DAD239B00FB58002E48D194
:10942000019B0134A342F1D2330031000325AD206A
:10943000800038588A088418825C0800A44614000A
:109440002840400004412C40022C65D0032C00D160
:109450006BE0012C62D0B3229200B85801318142F6
:10946000E5D9B223BE5000229B00FA50FFF7A0FEC0
:109470000122038993430381314837F08DFE05B003
:10948000F0BD1C007B51AE239B00FB58BA599B00DA
:109490009C42B1D2A3080321D35C22000A405200AF
:1094A00013410B408B4202D12000FFF78BFE0134A9
:1094B000E9E7012216422CD0AA0803219B5C2A006E
:1094C0000A40520013410B40012B22D1B0229200DE
:1094D000B8582B01C0180368002B0FD0CE3102AA58
:1094E000FF3110F08BFC029B002B07D011F0C2FD66
:1094F0000399029811F06AFD11F0D2FDAF2292009B
:10950000B958072201202A409040EB08CA5C8243E8
:10951000CA54760801357EE7002B0BD02B00834020
:109520009A4363461A70012395E7022383409A43C6
:1095300063461A700E0000238DE7C046702000209D
:10954000D023002010B5FFF79DFEFFF74FFF10BDA1
:10955000F7B50400364837F04FFDB121B020354B48
:1095600089008000185859580022091A2160AD213D
:109570008900595810008C46AE2189005E58032797
:1095800011006260A260E26022616261A261B600C5
:1095900065468B08EB5C0D003D406D002B41A568D6
:1095A0003B4001956568012B33D0022B34D0002B52
:1095B00004D1019801320130A060180001318E42BF
:1095C0000AD065468B08EB5C0D003D406D002B41D9
:1095D00002252B4211D13B40012821D125690135BB
:1095E0002561A569854200D2A0618E4201D0012B80
:1095F000CED1E368934219D300228E42C8D163686A
:109600000B481B016360A3681B01A36037F0C4FD16
:10961000F7BD01356560D0E7013565600130CDE704
:109620000228DED1656901356561DAE7E260E3E7CA
:10963000D023002070200020F0B50F3085B00391BA
:10964000070903D10025280005B0F0BDFFF7B0FDE4
:109650000589002DF6D1624C200037F0CDFCD522D3
:10966000604B92009A5A002A0FD0D622D72192003E
:1096700089009A585B589A4208D3200037F08CFD35
:1096800025F096FF200037F0B7FC0125AE21554AA2
:1096900089005158B2238C46AD219B008900D358D4
:1096A000002452580C200321302601929C450CD8EE
:1096B0004B4C200037F070FD002DC3D125F078FF12
:1096C000200037F099FC0135E0E7019AD25C0A42AC
:1096D00056D10134A74254D89B001A1B511C414E4D
:1096E0000291012C04D1B220591C8908800031500C
:1096F000B3203C4D80002958994200D219002950CE
:10970000511C88080321551C0D406D008C46023900
:10971000A940019D02322D5C2943019D2954314904
:10972000019193424AD2B022029B9200B5581B018C
:109730009832ED18B358DB19294FB350380037F081
:109740002BFD220101240021280034F07DFA039B27
:10975000234200D177E7002338002B6037F04CFC20
:10976000029B0298DA08AF239B00F15807230340BD
:109770009C408B5C38001C438C5437F00DFD62E735
:109780000024024205D10134A74203D89B000133D3
:10979000A3E70024324205D10134A74203D89B003D
:1097A00002339AE700243F2A05D80134A74203D8A0
:1097B0009B00033391E70024013377E7AD20019943
:1097C00080000D5861460220114049008840010088
:1097D0009008285C0143900829540132A1E7C04653
:1097E000D023002070200020F8B50500FFF7E0FC32
:1097F0000389012B08D81E4C200037F0FDFB002DFB
:1098000003D1200037F0C8FCF8BDB02319499B00F4
:10981000C858043BCF580723281A012502091340D2
:109820009D40C609BB5D8009AB43BB55B2239B007D
:10983000CD58A84200D2C8500320AD239B00CF587A
:109840001300060003405B009E4095087B5D0132DB
:10985000B3437B55AD25AD004D599308EB5C150026
:1098600005406D002B410340022BE6D0C9E7C046FE
:10987000D02300207020002070B504001B4E25006E
:10988000300037F0B9FB0F231D401C4229D1B02214
:10989000174B92009A58A24223D8B12189005958F7
:1098A000A1421ED9A41AAD2292009A582109A409F6
:1098B0000320135D0C000440640023410340012B8E
:1098C0000FD101354B199C08145D03405B001C410E
:1098D00023000340022BF4D0300037F05DFC280158
:1098E00070BD300037F058FC0020F9E7D02300208D
:1098F00070200020F0B587B00090029105920028FA
:1099000007D101000298FFF797FE0500280007B075
:10991000F0BD029B002B04D10098FFF765FF0025E6
:10992000F4E7FFF745FC0689002EF8D1544837F0DC
:1099300063FB544B01240193B023019A9B00D3583D
:10994000009A0320D31A1D099C46AE23019A9B005E
:10995000D35801999B000493AD23029F9B00CB58E1
:109960000F373F096A1C0393049B9A4212D2039952
:109970009308CB5C1100014049000B410340022BCE
:1099800002D101340132EFE7002B03D10136A319D4
:10999000BB42F7D3BC4204D1394837F0FDFB009DF0
:1099A000B4E73849BC421ED96219EB19029203246C
:1099B0001A000298824207D1B222920088589B086E
:1099C0008342E9D28B50E7E7AD260198B60086596D
:1099D000100027002040400087409508705D01324C
:1099E000B8437055E5E73619BE4228D3EA19631922
:1099F000934213D3B321234889004358934200D2A2
:109A0000130043501E4837F0C7FB009B3A1B200150
:109A100000211201181834F017F9C0E7AD2501999B
:109A2000AD004D590326190031404900013E8E40DA
:109A3000310098082E5C013331432954D8E7AF2216
:109A4000634692008A58DB090D48D65C37F0A4FBC8
:109A5000059B002B00D162E7072331001D402941FF
:109A6000063B02981940FFF7E7FD051E00D14DE7C0
:109A70000099220134F0EEF80098FFF7B5FE45E7B3
:109A8000D02300207020002010B504008AB003A865
:109A9000FFF75EFD059B039A00932000049B074996
:109AA00002F0D4FF069B20000193099B0449009318
:109AB000079A089B02F0CAFF0AB010BD35170410C0
:109AC00057170410F7B5474B05001800009337F0FF
:109AD00093FAB023444F9B0028004449FA5802F0FF
:109AE000B5FF0024AE239B00FB589B00A34226D960
:109AF000AD229200B858A2062ED12600B208825C90
:109B00000321019232000A400199520011410A00DA
:109B100003210A4202D10136B342EFD8321B7F2A19
:109B200015D928003249920902F090FF34003F23F2
:109B30009C43AE239B00FB589B00A34207D8280000
:109B40002C4902F0F5FB009837F026FBF7BD280002
:109B50002949220102F07AFFAD229200BA58A308E7
:109B60000321D35C22000A40520013413D220B40E6
:109B7000022B31D030328B422ED03F3A012B2BD1E9
:109B8000B0239B00FB582201D3581C4954228B421E
:109B900022D01B49083A8B421ED01A49083A8B4200
:109BA0001AD019490F328B4216D018498B4213D064
:109BB0001749123A8B420FD016498B420CD01649E6
:109BC00005328B4208D01549043A8B4204D014491F
:109BD00026328B4200D11B3A2800124902F036FF90
:109BE00001347FE7D0230020702000209D1704104F
:109BF000B8170410DB480410D4170410A88304100D
:109C00005879041040710410388304103082041015
:109C1000686E0410F46D0410E87504108476041066
:109C2000F47A0410121E04100169F8B504000A2920
:109C30001ED1012283690133836101270A26237D16
:109C4000E2612361637D2375256E002D19D0A26D1D
:109C50006B1C2366555D626D934202D300236365DE
:109C60002366237D0D2B15D0002D17D06575F8BD0B
:109C7000C3695A1C0929E0D10722073393435A1CB0
:109C8000DBE7A36860689847431CEAD0051EE8D16B
:109C90003D00E6E726750A2DD6D0E5E7237D002BAB
:109CA000E4D00A2BE2D00A25E0E7000001690300B6
:109CB00010B50120272901D0222905D110BD1A7D18
:109CC000272A0FD12000F9E70C00623C0020132C5A
:109CD000F4D8114A22410124100020402242EED043
:109CE0000020EBE7222AEDD0722909D1662A0CD197
:109CF0005B7D0120272BE1D0223B58425841DDE714
:109D0000662905D1722AD9D1F2E7622AD6D1EFE7C6
:109D10006229F7D0D2E7C046EEFFF6FF70B5040027
:109D20000D00206900281CD00A2808D1002D02D07F
:109D3000636A002B16D02000FFF776FFF1E711F0E1
:109D400047FF0028F7D12369232B08D12000FFF714
:109D50006BFF2369002BE4D00A2BF7D1E1E75C2BE2
:109D600002D00025280070BD237D0A2BF9D12000E8
:109D7000FFF75AFFDFE700000023F0B507000121DD
:109D8000436487B0FFF7CAFFBB69396A7B63FB692D
:109D90000400BB63002907DA3B0007223C331A703A
:109DA0000131396207B0F0BD002905D03B00062221
:109DB0003C331A700139F4E7002836D03800FFF739
:109DC000ADFF390005233C310B70FA6AC24B386B8A
:109DD000D318FC695B001B5A013C9C42E2D019D9A4
:109DE000B96A8A4207D30831490000F0FCFBBB6A1C
:109DF00038630833BB62FB6A3A6B591C5B00F9623B
:109E00009C523B6A01333B62CCE7013BFB623B6AFD
:109E1000013B3B62FB6AB04A9A185200125A9442C4
:109E2000F3D3BFD002230B70BCE73D69002D02D1F4
:109E30003C373D70B6E73800FFF738FF0290002846
:109E400000D1EEE13B003C331C703C69722C17D012
:109E500008D8622C0CD0662C1CD00024260001945B
:109E60000B231FE00026753C63425C410196F7E737
:109E70003B7D0026722B67D0012401960C2311E054
:109E80003B7D622B5FD0662B62D0029B00260124B3
:109E90000193E5E73B7D029E722B5AD000230124FB
:109EA00001930B3339003C310A78002A54D10B70EE
:109EB000002C07D03800FFF7B7FE022C02D1380083
:109EC000FFF7B2FE3B690393222B01D027230393B4
:109ED0003800FFF7A9FE01223B690492039A9342DE
:109EE0000AD13B7D934207D13800FFF79DFE380031
:109EF000FFF79AFE03230493002E07D0BB6E002BBE
:109F000004D138007549643013F0D0F900253C695C
:109F1000002C00D179E1049B012B02D10A2C00D145
:109F200073E1049B9D424ED338002900403013F06A
:109F3000E2F901213800FFF7F1FE3800FFF7B6FE25
:109F4000002882D10AE00026029B0224019395E7B3
:109F5000029E0224019683E79A42A9D0BB6E002B91
:109F600000D11FE738003C002921643013F04EF97E
:109F70003B6E5034002B00D050E10321200013F041
:109F80002BF93B6903703B7D43707B7D8370BD6E15
:109F9000FE6E2A00396E200013F094F92A00310079
:109FA00033F058FE0023BB663B6EBA6D581C386612
:109FB000D15C3961991C3966105C033338753B6696
:109FC000535C7B75EEE6039BA34209D13800190070
:109FD0004030013513F021F93800FFF725FE96E7F0
:109FE000002E62D15C2C00D009E13800FFF71CFE86
:109FF000019B3D69002B73D038005C21403013F089
:10A000000CF92C00D2E03D00002464352821280002
:10A0100013F0FCF8BB6E05933969002910D0002CB1
:10A0200030D13A290CD07D290AD021292AD13B7D73
:10A03000723B012B2CD87B7D3A2B01D07D2B27D175
:10A04000F96EBA6E8B18013B1B783D2B09D1380095
:10A05000059B4030D21AC91813F048F8BB6E013B7B
:10A06000BB66BB6E059A9A4203D13B0004223C3387
:10A070001A702800292113F0C9F82C21280013F0A8
:10A08000C5F822E00B00202293435B2B08D101345A
:10A090002800C9B213F0BAF83800FFF7C5FDBBE7D6
:10A0A0005D3B5A425341E41AF2E77B2C9AD13800C7
:10A0B000FFF7BAFD3B697B2BA5D13800210040306A
:10A0C00013F0A4F83800FFF7AFFD38007B214030D3
:10A0D00013F09CF81AE7C046FFFFFF7F2118041019
:10A0E000782D89D85B2D07D8222D45D025D80A2D6B
:10A0F00000D081E700256FE728005C381C2860D875
:10A1000037F022F83A5F5F5F5F77265F5F5F2E5F11
:10A110005F5F5F5F5F5F2A5F5F5F0F5F28302C5F6D
:10A120005D000D243B003C331B780B2B63D13800C2
:10A130002100403013F071F8DCE7552D12D000D922
:10A140005AE7272D18D04E2D3BD1BE4810F0FEFE09
:10A150000824E7E70924E5E70A24E3E70B24E1E71D
:10A160000C24DFE73B003C331B780C2B06D1380076
:10A170005C21403013F051F82C00D3E70823752DF3
:10A1800000D1043B00245D1E3800FFF74DFD3B6904
:10A190001800059311F040FD002800D179E10598E1
:10A1A00011F080FD24012418013DEDD288235B03CA
:10A1B0009C42B7D33B0001223C331A709AE702233A
:10A1C000E0E72C000323303C0593072C00D913E76C
:10A1D0003B7D303B072BE9D8059B013B0593002BCA
:10A1E000E4D03800FFF720FD3B69E400303B1C1948
:10A1F000EEE7072496E7FF2CDCD80C2BDAD13800E9
:10A20000E1B2403013F002F874E7049B9D4200D3A2
:10A210008AE63B0003223C331A7085E6033B3B662B
:10A22000B5E6280011F0E0FC00281FD138695F284E
:10A230001CD07F281AD811F0E3FC00285ED13B69BE
:10A240002E2B56D0002602237F4D2C78002C03D0D5
:10A250003A69A24200D0B3E03800FFF7E5FC002CD9
:10A2600000D0B6E001223C373A709BE53E0008235F
:10A270003C003C363370403439692000C9B212F0DA
:10A28000C5FF3800FFF7D0FC386900281CD120003A
:10A2900012F0ADFF002405006C4FA3002800F95810
:10A2A00036F0F2FB00281DD10E34E4B23470112CCC
:10A2B00000D077E58622664B92009A580E23002A3A
:10A2C00000D1023333706DE511F08EFC0028D3D13C
:10A2D00038695F28D0D07F28CED811F091FC0028B3
:10A2E000CAD1D4E7002800DA5CE50134242CD4D1AB
:10A2F00058E5387D11F084FC0028A3D03D00396971
:10A300003C352E292DD10A232B70002301933C00CC
:10A310004034200012F081FF3800FFF785FC0A2648
:10A320003869002800D13DE5019B002B2ED10300A8
:10A3300020229343452B29D1652120002E7012F055
:10A340006CFF3800FFF770FC396902220B002B3BD1
:10A350009343E5D1200012F060FF3800FFF764FC62
:10A36000DEE709232B703029CFD120233A7D134318
:10A37000623BDBB2162BC8D8364ADA401300012202
:10A380001800104001901342C1D1BEE711F02CFC1F
:10A39000002804D039692E290CD12E70DAE73869EB
:10A3A00011F02EFC0028F5D13B692E2BF2D05F2B4B
:10A3B000D3D0F7E40B00202293434A2BCAD1ECE719
:10A3C000633C9C43E4B2624254412D19013601358D
:10A3D0003BE7212C09D13B693D2B00D042E73800F7
:10A3E000FFF722FC3C3739223EE7320001352E2CA4
:10A3F0001ED13C003B693C342E2B02D13B7D2E2BE1
:10A4000002D05C232370CDE43800FFF70DFC380048
:10A41000FFF70AFC0D23F5E76B783969013699429D
:10A420001AD13800FFF700FC3200652C16D0023537
:10A430002C7802212300633B8B43DBB2002B0DD130
:10A44000EAE7C0462A180410DC1704105C5C04100C
:10A450007020002001204000632CE8D1104B9B5C51
:10A460003A003C321370543BDBB2052B00D999E41F
:10A4700001229A4013002A22134207D1153A1342AF
:10A4800000D18FE47B6A01337B628BE47B6A013B02
:10A49000FAE73B0001223C3304001A7042E6C04652
:10A4A000EC5C04107FB506007420019102920393C6
:10A4B00000F076F8030001AD40C3040007CD07C3E8
:10A4C0000222002501235242E2610C32A262A36102
:10A4D000E36214202562656200F062F820632000C8
:10A4E0002021403012F014FE20002900503012F0DC
:10A4F0000FFE200029006430256612F009FE236B50
:10A5000020001D802561A582FFF78EFB2000FFF74C
:10A510008BFB2000FFF788FB2000FFF72DFCA36BCF
:10A52000012B06D023003C331A78052A01D00622DD
:10A530001A70200004B070BD1FB5040001A80FF010
:10A54000D7F820000199029A039BFFF7ABFF04B0F4
:10A5500010BD1FB50400010001A81CF097FA2000EF
:10A560000199029A039BFFF79DFF04B010BD10B53F
:10A57000041E14D0C368406898472000403012F091
:10A58000EFFD2000503012F0EBFD2000643012F09F
:10A59000E7FD206B00F038F8200000F035F810BD22
:10A5A00010B500210400FFF747F8002804D1002C63
:10A5B00002D0200010F0C4FA10BD10B50021FFF742
:10A5C0003BF810BD10B501210400FFF735F8002855
:10A5D00004D1002C02D0200010F0B2FA10BD10B54A
:10A5E000FFF7DEFF10BD10B501220C00FFF782F966
:10A5F000002804D1002C02D0200010F0A1FA10BDD8
:10A6000010B5FFF777F910BD10B5FFF7EDF810BDE5
:10A6100010B504004160002904D100200123A0608E
:10A62000236010BDC800FFF7DAFFF7E7072341609A
:10A63000C9001943016082607047C046037810B5B5
:10A6400004009B0706D5002322686360073313408C
:10A65000236010BD8068FFF7D7FFF4E7037810B5DB
:10A6600004009B0709D5042223681340033A1343CF
:10A67000236000236360A36010BD8068FFF7C4FF00
:10A68000F1E7C046F0B557464E46DE464546E0B5D2
:10A69000924606000F0083B0022A0FD041680029BD
:10A6A0000CD09D4AFB055B0E985C2EF0F5FDB4685E
:10A6B000C90064182368BB4200D18EE03378DA0702
:10A6C000D10F8846002A0DD007223A40022A09D02D
:10A6D000BA0704D1914A3968914200D1C2E052468A
:10A6E000012A79D15B0711D53568B468ED08ED0012
:10A6F0006519AC4203D36CE00834A54269D92068DF
:10A70000B8425BD04346002BF6D152E07368002B71
:10A7100005D15346012B5FD1300000F001F907232A
:10A720003B400193022B00D188E0390006200FF056
:10A7300027FC43100093716800982EF0ADFD894608
:10A7400000234D469B460BE0B84253D04346002BB6
:10A750004BD0681C71682EF09FFD0D00894512D00A
:10A76000B468EB00E418206800284BD00428EBD133
:10A770005B46002BEDD1681C71682EF08DFDA34661
:10A780000D008945ECD15346012B25D15B46002BAA
:10A7900000D0B0E0300000F0C3F8716800982EF0EF
:10A7A0007BFD8946CCE70834A54212D92068874250
:10A7B00004D0390004F006FD0028F4D05346022BE3
:10A7C0006FD0B368544AFF05E31A7F0EDB10BB5409
:10A7D00003E05346012B48D00024200003B0F0BC16
:10A7E000BB46B246A946A046F0BD390004F0EAFCDB
:10A7F0000028AED05346022B25D0474BFF057F0ED5
:10A80000FD54EAE75346012BE6D131680633CA0806
:10A810000132D2000B40134333605B46002B3ED025
:10A820005B465A461F6000235360019B022B03D0F6
:10A8300001223378934333705C46CEE7F8080EF07C
:10A840006CFE009077E733687168083B3360681CE2
:10A850002EF022FDB368C900CB58002B00D0042392
:10A860002360CAE7002290463CE733687268DB0841
:10A8700093422CD0B4680721581CDB00E418002355
:10A880003268C0000A40024332603940276063608A
:10A890000229A2D001223378934333709DE7A34667
:10A8A000BEE7210063682A1B984633682000083BF6
:10A8B0003360083A083136F065F900223468B3682D
:10A8C000E408E4001C192260424662607AE704331F
:10A8D000D9007360B068FFF786FE33687268DB08E2
:10A8E000D21ADB00B0600021C018D20033F0ACF9FE
:10A8F0003368DB08BEE733685A46083333605B468B
:10A900001F6000235360019B022B95D05246337881
:10A910005C469343337060E7A22200203883041022
:10A920001D4BF0B51900C6464768060000B57A1CF5
:10A93000443102E002338B4228D01C88A242F9D86D
:10A94000B368E0009846FFF74AFE06223368746059
:10A950001340053A13433360B060002F10D04446D3
:10A9600000252168002907D0042905D001223000E4
:10A97000FFF788FE6368436001350834AF42F0D1C9
:10A980004046FFF741FE80BCB846F0BD01235408A5
:10A99000A4181C43D4E7C046185D0410002310B56A
:10A9A0000400016043608800FFF719FEA06010BD3D
:10A9B000F0B54E46DE4657464546E0B5036806000C
:10A9C0008946934683B0002B04D11300DB0754D58E
:10A9D00000F06CF8494606200FF0D2FA4310180038
:10A9E000316801932EF058FC8846002344469A466D
:10A9F0000CE04946280004F0E5FB00283FD1601C2C
:10AA000031682EF049FC0C00884512D0B368A700CD
:10AA1000DB191D68002D1BD0042DEAD15246002AF7
:10AA2000EDD1601C31689A462EF036FC0C0088454A
:10AA3000ECD15B46DB0720D55346002B0ED130000E
:10AA400000F034F8316801982EF026FC8846CCE7F7
:10AA50005A46D20711D55246002A25D073684A4675
:10AA60000133736053464D461A60280003B0F0BCB2
:10AA7000BB46B246A946A046F0BD0025F5E75B46B9
:10AA80009B07F2D573683168013B7360B368601C43
:10AA900098462EF001FC43468900CB584744002BD2
:10AAA00000D004233B60E0E79A46D7E7F8B5174BA0
:10AAB0000568060087681800691C443002E002330C
:10AAC00083421DD01A889142F9D800233260736006
:10AAD0009000FFF784FDB060002D0DD00024A3008E
:10AAE000F958002905D0042903D001223000FFF7CE
:10AAF0005FFF0134A542F2D13800FFF785FDF8BDB4
:10AB000001234A0852181A43DFE7C046185D0410B3
:10AB1000016870B5002919D08668002335002C68BB
:10AB2000002C0FD0042C0DD04268013A4260581C12
:10AB30002EF0B2FB89008B59002B00D004232B6030
:10AB4000200070BD013304359942E8D10024F7E7B5
:10AB500010B504008068FFF757FD00232360636091
:10AB6000A36010BDD02212061268024B9200D0588A
:10AB70007047C046B41B002010B5FFF7F3FF006913
:10AB800010BD10B5FFF7EEFFC06810BD10B5010095
:10AB900007200FF0F5F910BD10B5010006200FF0E9
:10ABA000EFF910BD10B500210FF064FC10BD1FB50A
:10ABB00069460FF05FFC040020000FF0D9FC00286C
:10ABC00002D11E3004B010BD04F04CFA0028F3D1BD
:10ABD0000E20F7E71FB569460FF04CFC040020007B
:10ABE0000FF0C6FC002802D10E3004B010BD04F0F6
:10ABF00039FA0028F3D01E20F7E7000007B5044B10
:10AC0000019000226946022000930BF0A9FA0EBDC4
:10AC1000A21F000010B504F083F80E23002800D016
:10AC20001033180010BD000010B586B004F0CEF847
:10AC3000882304005B03984202D309480FF094FF75
:10AC400001AA02A8042112F078FA210002A812F049
:10AC5000E4FA0399049809F045FF06B010BDC04618
:10AC6000C018041010B50A00010023200FF084FF63
:10AC700010BD000010B50200212002490FF07CFF3A
:10AC800010BDC046D206000010B5020021200249C6
:10AC90000FF072FF10BDC046CA06000030B50B00B1
:10ACA000040085B0012800D04C68694618680FF090
:10ACB000E1FB050028000FF05BFC021E02D1200022
:10ACC00005B030BD21001B200FF056FF0400F1E756
:10ACD0001FB50B00012803D10021186803F0D4FF31
:10ACE0001021684612F014FA68460A4922F0E0F88A
:10ACF000032803D1002108480FF0E4F80199002946
:10AD000003D1042801D10548F6E7684609F0F2FEB0
:10AD100005B000BD9348041064750410FC73041062
:10AD2000F0B589B0019202900D0000222E490198E1
:10AD30000393FFF7A7FC061E00D04668029B012B79
:10AD400016D000273C000197029B9F4226D02B681B
:10AD50000093002E04D0190030000FF0FBF9009092
:10AD6000002C37D1009B2C68019301370435EBE7A9
:10AD7000286804A90FF07EFB00240290009402983A
:10AD80000FF0F6FB051E0CD1002C07D1220017494D
:10AD90000198FFF777FC002819D04468200009B01B
:10ADA000F0BD2F00002E04D0290030000FF0D2F9A2
:10ADB0000700002C02D12C000097E0E76B46390019
:10ADC000187B009A0FF0D8FE1E28D8D1F3E7084868
:10ADD0000FF0CAFE6B46019A187B00990FF0CCFE6B
:10ADE0001E28C2D1BEE7C0464A0300001A12000066
:10ADF000D918041010B50123FFF792FF10BD10B54C
:10AE00000023FFF78DFF10BD37B501A904000AF03C
:10AE100081FA072305002340022B05D0A30710D198
:10AE20000E4B22689A420CD12800019910F0BFFE07
:10AE3000019001280CD1280010F085FE07F0D7FA08
:10AE40003EBD0198012803D12B785B001843F7E73A
:10AE500003490448019A0FF03FF8C04638830410B4
:10AE6000E01804104C720410F0B50F0000218BB0F4
:10AE70001A4B07AC00930600032308000194F5F772
:10AE80007DFA0221A06810F0C9FDA3682100059396
:10AE9000134B0798656806930AF03CFA08A90290DC
:10AEA00028000AF037FA00250390B54207D105982B
:10AEB0006268039910F033FE06200BB0F0BD002D40
:10AEC00004D022680299059810F029FEAB000022F8
:10AED000F95805A803F0BAFE0135E6E7845D0410D1
:10AEE0001FBB011010B5040086B06A4602A81021ED
:10AEF00012F02AF901222100684603F0A7FE02A8F9
:10AF000009F00CFE06B010BDF7B50C6806000D0088
:10AF1000E30705D4A30750D1384B22689A424CD19D
:10AF2000012E46D9686803F051FF002841DA012755
:10AF30004242520015213A4322200FF01DFE052205
:10AF4000010005001F200FF017FE2A0021000190CC
:10AF500021200FF011FE2100020000901C200FF0B4
:10AF60000BFE009A0600019938000FF005FE04F070
:10AF700079F800281CD1019A009938000FF0FCFDE7
:10AF800004F070F82A00002805D031001B200FF0D3
:10AF9000F3FD04000DE021001F200FF0EDFD032262
:10AFA000010018200FF0E8FD04F05CF8002802D141
:10AFB00034002000FEBD2A00E7E7200003F05CFF1C
:10AFC000041C012E15D9686803F000FF32F000FD63
:10AFD000011C0B4830F082FE011C051C201C32F0C5
:10AFE00080FC31F0B5FD291C32F04EFC06F0A2F9D0
:10AFF000CFE731F0ADFD06F05BFFCAE74078041003
:10B000000000204113B50B001400012802D90848A4
:10B010000FF07AFF00220121064807F0BFFE220050
:10B02000019001A9012007F01DFD019816BDC04641
:10B03000F91804105879041013B5040008000AF038
:10B04000E1F8002301006A4620000EF019FF009B82
:10B050000E20002B00D0103016BD37B5002402287A
:10B0600000D98C6848680D680AF0CCF80100002C03
:10B0700010D16A4628000FF0CFF8009B002B07D0B4
:10B0800001991C00002903D0180004F061FE04009F
:10B0900020003EBD00236A4628000EF0F1FEECE7DA
:10B0A00070B50400080015000AF0ACF82A00010091
:10B0B00020000FF0B9F9062070BD10B50022FFF78F
:10B0C000EFFF10BD030010B508680C00012B08D17C
:10B0D0000FF01CFA002809D1FFF744FD006A0FF0B9
:10B0E00047FF0FF045FA002800D1606810BD02004C
:10B0F0000B00086810B54968022A05D10A00010052
:10B1000022200FF039FD10BD9A6807F0EFF8FAE73A
:10B1100037B50400062816D00C4D01220100280086
:10B1200003F094FD0A49280001F002F90423094ABA
:10B130000093537B082103339B00D21853680648C1
:10B140006A460194984706203EBDC04670690410C7
:10B15000DB480410F47A04109C5D0410F0B50E0076
:10B160000021050085B0080007F02DFE0400002D29
:10B1700014D1FFF7F7FCC668B368AB4202D82000D1
:10B1800005B0F0BDF368EA00D158002904D00429C5
:10B1900002D0200007F07EFB0135EDE702252F00ED
:10B1A000134B5A6A5368D2685B005B089B18019383
:10B1B000019B9D42E3D200232900306802AA0EF0D1
:10B1C0005FFE029B002B10D0022D09D1039B002BA8
:10B1D00006D0002102AA08000EF0C4FF0400CEE74A
:10B1E000E9002000394307F055FB0135E0E7C04690
:10B1F00070200020F0B587B00C000500FFF7B2FC0E
:10B20000C768002005F0CCFB0190FFF7ABFC019B69
:10B21000C36020680EF062FF0600FFF7A3FCC76062
:10B220000D4F022D03D0A06803F0FCFC07002100A5
:10B2300063680831A81E03930BF024FB019B049064
:10B24000059300220321380003AB0EF025FF062EE4
:10B2500000D0706007B0F0BD3C840410F7B501AABF
:10B26000694603F049FE009C201C32F0E7F9019F7B
:10B27000051C381C31F062FB061C201C31F08EFCD2
:10B28000041C381C31F0A0FB011C201C32F029FBEF
:10B29000311C041C281C32F024FB211C04F018FE75
:10B2A000FEBDF7B501AA694603F026FE009C201CEE
:10B2B00031F074FC019F051C381C31F03FFB061C6B
:10B2C000201C32F0BBF9041C381C31F07DFB8023BC
:10B2D0001B06011CE01832F004FB311C041C281C66
:10B2E00032F0FFFA211C04F0F3FDFEBD73B501AA94
:10B2F000694603F001FE009E019D311C301C32F0B6
:10B30000F0FA291C041C281C32F0EBFA011C201C4A
:10B3100032F06EFAFA21890530F0E0FC311C041C91
:10B32000281C2EF0CDFFFC21890532F0DAFA051C2D
:10B3300031F034FC061C281C32F080F9211C32F05C
:10B34000D0FA211C051C301C32F0CBFA291C04F069
:10B35000BFFD76BD73B501AA694603F0CDFD009E21
:10B36000019C311C301C32F0BCFA211C051C201C35
:10B3700032F0B7FA011C281C32F03AFA31F0D4FA54
:10B38000311C051C201C2EF09BFF064932F0A9FA47
:10B39000FC21041C8905281C32F0A3FA211C04F0AE
:10B3A00097FD76BDD95BDE3E73B501AA694603F011
:10B3B000A3FD009E019C311C301C32F092FA211C2E
:10B3C000051C201C32F08DFA011C281C32F010FAEA
:10B3D00031F000FA311C051C201C2EF071FFFC21FD
:10B3E000041C8905281C32F07CFA211C04F070FD35
:10B3F00076BD73B501AA694603F07EFD009830F072
:10B40000BDFF019D041C281C31F0C8FB061C281C34
:10B4100032F014F9211C32F064FA211C051C301C96
:10B4200032F05FFA291C04F053FD76BD70B50D00B3
:10B4300003F022FD041C280003F01EFD051C31F062
:10B44000ADFB061C281C32F0F9F8211C32F049FA39
:10B45000211C051C301C32F044FA291C04F038FD74
:10B4600070BD07B501AA694603F046FD0099019831
:10B470002EF026FF05F05EFF0EBD30B585B001AAA7
:10B48000694603F039FD0098019D011C32F029FA4C
:10B49000291C041C281C32F024FA011C201C32F048
:10B4A000A7F932F04FF905F045FF00990290019895
:10B4B0002EF006FF05F03EFF02A9039002200BF0DC
:10B4C000E1F905B030BD0000D5220021024B920009
:10B4D000062099527047C04670200020D5220121D5
:10B4E000024B9200062099527047C04670200020FF
:10B4F000D522044B92009B5A0E20002B00D0103016
:10B500007047C0467020002010B524F051F8062086
:10B5100010BD00B589B001A8FEF71AF80120039B01
:10B520005B00184309B000BD00B589B001A8FEF763
:10B530000FF80120029B5B00184309B000BD00001A
:10B5400070B5D7240C4DA400002807D12B59180042
:10B550005A1C02D0180106F04AFF70BD086803F0BB
:10B5600035FC002804DA01235B422B510620F4E766
:10B5700000092851FAE7C0467020002000487047B3
:10B58000E06304107FB50E0015000E496A461C00EA
:10B590000EF042FE300006F045FF0290280006F053
:10B5A00041FF6A460021039002200EF0DBFD03F00C
:10B5B0000DFC002803DA404220600120404204B024
:10B5C00070BDC046BF02000070B588B00D00160007
:10B5D0000C9901AA1C000EF01FFE01200C4A04ABBE
:10B5E0000492002101AA05900696079503930EF098
:10B5F000B9FD062805D10B2323600120404208B085
:10B6000070BD03F0E3FB0028F9DA40422060F4E764
:10B61000686E041013B5A4240094FFF7D5FF16BD7F
:10B6200013B57E240094FFF7CFFF16BD40004008FD
:10B63000704710B503F020FC011C32F0B8F91E234E
:10B64000002800D1103B180010BD000010B503F019
:10B6500013FC440064080849201C32F0A8F90028B3
:10B6600007D10549201C32F09DF9002801D11E3078
:10B6700010BD0E20FCE7C046FFFF7F7F10B503F032
:10B68000FBFB440064080849201C32F090F90028B4
:10B6900005D10549201C32F075F9002801D00E2093
:10B6A00010BD1E20FCE7C046FFFF7F7F10B501489C
:10B6B0000FF05AFA06190410F0B50D0087B0334B9D
:10B6C00004AC08310238009301940223F4F756FECB
:10B6D000286803F0D1FB071C686803F0CDFB061C4B
:10B6E0000498002814D003F0C7FB051C606803F021
:10B6F000C3FB00210390281C32F03EF9002805D13D
:10B700000021039832F038F9002803D0FFF7CEFF6C
:10B710001F4DEBE7311C381C32F026F91E230028A0
:10B7200031D1311C381C32F09AF8440064081949B0
:10B73000201C32F03CF9002805D11649201C32F0BB
:10B7400021F900281ED00398211C32F023F91E2372
:10B75000002818D1391C281C32F0C3F840004008DA
:10B76000211C32F017F91E2300280CD1311C281C93
:10B7700032F0B7F840004008211C32F00BF91E23CC
:10B78000002800D10E23180007B0F0BD006404109B
:10B790005F708930FFFF7F7F70B50D0003F06CFB99
:10B7A000041CA847011C051C32F001F9002807D031
:10B7B000211C201C32F0FBF800281DD1FFF776FF7A
:10B7C0006E0076080E49301C32F0F1F8002813D1D3
:10B7D0000B49301C32F0D6F800280DD16400640803
:10B7E0000749201C32F0E3F80028E7D10449201C67
:10B7F00032F0C8F80028E1D1281C05F09BFD70BD8F
:10B80000FFFF7F7F10B50249FFF7C6FF10BDC0469E
:10B81000EDD6031010B50249FFF7BEFF10BDC046BC
:10B82000F9D6031010B50249FFF7B6FF10BDC046A8
:10B83000B5D0031010B50249FFF7AEFF10BDC046EA
:10B8400005CC031010B50249FFF7A6FF10BDC04696
:10B850002DB6001010B50249FFF79EFF10BDC0467F
:10B86000D1A3031010B50249FFF796FF10BDC046E3
:10B8700031A0031010B50249FFF78EFF10BDC0467E
:10B88000EDA0031010B50249FFF786FF10BDC046BA
:10B89000ADD6031010B50249FFF77EFF10BDC046BC
:10B8A0003DD6031010B50249FFF776FF10BDC04624
:10B8B0009DCB031010B50249FFF76EFF10BDC046C7
:10B8C00091A5031010B50249FFF766FF10BDC046F1
:10B8D00005A2031010B50249FFF75EFF10BDC04678
:10B8E000499F031010B50249FFF756FF10BDC0462F
:10B8F0006DC7031010B50249FFF74EFF10BDC046DB
:10B90000C9C9031010B50249FFF746FF10BDC04674
:10B910003DC9031010B50249FFF73EFF10BDC046F8
:10B9200029C9031010B50249FFF736FF10BDC04604
:10B93000A50E002010B50249FFF72EFF10BDC0462E
:10B94000D1C4031010B50249FFF726FF10BDC04651
:10B950007DC3031010B50249FFF71EFF10BDC0469E
:10B9600045D7031010B503F087FA034931F0B9FF4A
:10B9700005F0E0FC10BDC046E02E654210B503F0B6
:10B980007BFA034931F0ADFF05F0D4FC10BDC04691
:10B9900035FA8E3CF8B50C00160003F06DFA051C64
:10B9A000200003F069FA011C041C281CB047011C8C
:10B9B000061C31F0FCFF00280DD0291C281C31F09A
:10B9C000F6FF002831D1211C201C31F0F0FF0028A7
:10B9D0002BD1FFF76BFE77007F081649381C31F03A
:10B9E000E6FF002821D11349381C31F0CBFF002895
:10B9F0001BD16D006D080F49281C31F0D8FF0028BD
:10BA000005D10C49281C31F0BDFF00280DD0640081
:10BA100064080849201C31F0CAFF0028D9D1054923
:10BA2000201C31F0AFFF0028D3D1301C05F082FC80
:10BA3000F8BDC046FFFF7F7F10B5024AFFF7AAFF9F
:10BA400010BDC0467DB0031010B5024AFFF7A2FF3B
:10BA500010BDC0468BBB001010B5024AFFF79AFF1D
:10BA600010BDC046C1A2031010B5024AFFF792FFF5
:10BA700010BDC046DDBC031070B50D00884202D178
:10BA800006F0B5FC70BD091A012907D16A00400013
:10BA90000A4301431D200FF06FF8F3E702290CD190
:10BAA0000124421C41005200224321431D200FF07B
:10BAB00063F86A0001002243ECE74B081C182100E0
:10BAC000FFF7DAFF29000600601CFFF7D5FF310001
:10BAD0000200DFE710B503F079F9011E02DA05482C
:10BAE0000FF042F80320002902D00238FFF7C4FF0C
:10BAF00010BDC0461419041010B503F0BDF931F0A3
:10BB00000FF806F0D5F910BD1FB50023019303F01F
:10BB1000B3F901A931F070FD05F00CFC0290019819
:10BB200005F008FC02A9039002200AF0ABFE05B064
:10BB300000BD70B50D0003F09FF9041C280003F050
:10BB400045F90100201C31F037FD05F0F3FB70BD15
:10BB50001FB50023019303F08FF901A931F004FD13
:10BB600005F0E8FB0290019806F041FC02A9039061
:10BB700002200AF087FE05B000BD10B503F07CF985
:10BB800030F09EFF06F094F910BDC90F4000C907C0
:10BB900040080843704710B503F06EF930F064FFB9
:10BBA00006F086F910BD000070B5060008680C00AC
:10BBB00003F062F90021051C31F0E4FE002801D0F9
:10BBC000FFF774FD281C30F005FE051C012E1AD06D
:10BBD000606803F051F90021041C31F0D3FE002805
:10BBE000EED1FE21201C890531F0BEFE002803D0D5
:10BBF000064907480EF066F9201C30F0EBFD011CE9
:10BC0000281C31F041FE05F095FB70BD271904108A
:10BC10006874041010B5F9F70BF9430001201843BC
:10BC200010BD000070B50500F9F702F9D021090632
:10BC300009680A4B8900CB58094C020009492000C9
:10BC40005B6800F003FF2000FDF71EFF012D02D10D
:10BC50002000FDF737FF062070BDC046B41B002052
:10BC6000086C04103319041010B503F0AFF821F07C
:10BC70003DF9062010BD10B5FDF75AFB062010BD9A
:10BC800010B586B0040005AB04AA03A902A80DF004
:10BC90006FFC059B07490193049B07480093029A98
:10BCA000039B00F0D3FE012C01D10DF0A3FC062074
:10BCB00006B010BD48190410086C041010B50FF040
:10BCC0000FFA002803D1034903480EF0FBF80620C1
:10BCD00010BDC04690190410DC72041070B58624A3
:10BCE000074DA400002804D12B5901305B001843F4
:10BCF00070BD086803F06AF828510620F8E7C046CE
:10BD00007020002010B5FDF71AFBD022012012068A
:10BD10001268044B9200D3581B895B085B001843E0
:10BD200010BDC046B41B00200268030010783E28F6
:10BD300005D83B2805D8212806D0402003E040281C
:10BD4000FBD101321A6070473E20FAE7F8B5076868
:10BD500004003D002E0068780FF052FF0135031EED
:10BD6000F8D1F11B0A22206801310CF0F7FD2560A3
:10BD70004010F8BDF0B5002487B0039003A80191EE
:10BD8000FFF7D2FF26000290039B1878002804D109
:10BD90003000019B1C6007B0F0BD0FF031FF0125A2
:10BDA000002803D003A8FFF7D1FF0500039F3978CF
:10BDB000782903D1641901370397E5E7732901D185
:10BDC0000136F7E705AA0298F5F724F9059B7619DD
:10BDD0005A1E5B42013DEED314191C400419F9E7C9
:10BDE00007B509F025FA01A9FFF7C4FF0120019B5F
:10BDF0005B0018430EBD0000F0B506008DB008686A
:10BE00000C0009F015FA07A90690FFF7B3FF03909D
:10BE100006A8FFF789FF0021059003980AF032FD7C
:10BE20000522029009A9606803F01EFA099D0A9B89
:10BE30000895ED18022E0DD9A06802F0C7FF002862
:10BE400005DA0A9BC01802D526480EF08DFE089B25
:10BE50001B180893089B0493049A079BD3189D42D0
:10BE6000F2D30025039B9D4202D302980DB0F0BD92
:10BE7000069B012418780FF0C3FE002803D006A803
:10BE8000FFF764FF0400069B01931B78782B06D113
:10BE9000089B1B190893019B01330693E2E7732B60
:10BEA00008D02700029BAE1CB6009E19002F0ED1B1
:10BEB0002D19F0E72100089808F0E0FE089B029A8F
:10BEC0001B190893AB1C9B00D0500135E3E7019B85
:10BED000049A1978059808ABF5F7A6F9013F01C651
:10BEE000E4E7C046A4190410F0B58DB0049307919F
:10BEF000039209F09DF9089008A8FFF715FF0024A8
:10BF0000079B06900593039B9C4201D30DB0F0BDA7
:10BF1000089B18780028F9D00FF072FE0125002840
:10BF200003D008A8FFF712FF0500089F3B78782B85
:10BF30000CD126002A000021079831F085FE079BCE
:10BF40005B190793013734000897DCE76619732BF8
:10BF500025D1049B661CA400E058052209A903F022
:10BF600083F90A9CAC4200D92C0022000999079859
:10BF700031F070FE079800212A1B001931F064FE91
:10BF8000079B5B190793DDE7049807AB3978A2009C
:10BF900000938258059B0698F5F7DCF90134B4420A
:10BFA000D0D0039BA342EFD11E00CBE7F0B50E002B
:10BFB00087B0019001CE0C00FFF712FF4510290059
:10BFC00002A811F0B2F8049F2A000021380031F0D5
:10BFD0003BFE019A330039002068013AFFF784FFE5
:10BFE00002A808F0A5FD07B0F0BD0000F0B50C00F8
:10BFF00085B005000622606801A903F035F9A06844
:10C0000002F0E4FE002805DA029BC01802D50C48B5
:10C010000EF0AAFD019F029EBE193F182068FFF78F
:10C02000DFFE401038188642F1D323002068390023
:10C030000C33EA1EFFF758FF062005B0F0BDC046DE
:10C04000A4190410030010B50448002B02D11900F4
:10C050000DF038FF09680EF081FFC04688750410A6
:10C0600013B5094B0C00012804D9022160680FF0B8
:10C07000D5FC63680093054B68462168019302F084
:10C080000DFE062016BDC04618D004101FBB0110BF
:10C0900010B508001100024B024A06F0E5FF10BD82
:10C0A00024210020A8680410037B0E20002B00D060
:10C0B0001030704710B50649102002F0A6FD0400AC
:10C0C00004302AF027FF00232000237310BDC04650
:10C0D000586A0410002110B501480DF0F3FEC04667
:10C0E0008875041010B523F03DFC06F09BF910BDD7
:10C0F00070B50C68251D012804D9486802F066FE59
:10C10000011E06D0280035F06FF8012323731D337C
:10C1100005E0280034F0C0FF0E230028F5D11800F8
:10C1200070BD000010B5037BD9B2002B02D10548C9
:10C130000DF0C8FE00230373043034F06DFF0620B9
:10C1400010BDC046DC72041010B50868FFF7EAFFA6
:10C1500010BD0000F8B5084E040030680F0006F06E
:10C1600061F90500002C03D0386802F02FFE0400AE
:10C1700028003460F8BDC046E0350020F7B50D005A
:10C1800004006946686801AA02F0CAFE022C27D1A1
:10C19000009806308000FEF703FA00230400436194
:10C1A0002000009A019922611830920031F052FD6E
:10C1B000D02212061268214B9200D3582100DA686F
:10C1C0001B692260220063601D4B08321B681D48FA
:10C1D000A3602B68E36023F0CBFB06F023F9FEBDE0
:10C1E000A86802F01FFD184B834202D017480EF0DA
:10C1F0008BFEAE68009B70680633C0084000C01814
:10C200008000FEF7CDF973680400DB084361B36872
:10C2100000989C4600239C45C2D0F168DA0089183A
:10C220000F68002F07D0042F05D082004968A2189C
:10C2300097610230D1610133EDE7C046B41B0020A5
:10C24000E035002051C2001040710410DE190410C6
:10C25000D02370B5826896B01B06013A1E680400B0
:10C2600001ABFF3A5A600022214D0068B6006168B8
:10C2700073510AAD01951A815A619A61DA6190424F
:10C2800001D11C4AD068002901D11A4A1169D8602D
:10C29000196123F0A7FB280002F07CFC00280CD1D8
:10C2A00023000C34183307CC0DF0F6FE02F032FCFC
:10C2B00023F099FB002016B070BD6E680E493068FF
:10C2C0000BF01AFB0028F3D10C4D0D49280000F0AB
:10C2D000BDFB01222800E16802F0B8FC28000949F2
:10C2E00000F0B4FB3100280002F0D8FCE0E7C046C3
:10C2F000B41B00207020002088750410086C041006
:10C30000E9190410DB480410054B010010B50022A8
:10C310001800FEF7B7F9002801D04068C00810BD2A
:10C320004C6B041010B50800110021F0ADF810BDE1
:10C3300070B5050008000E0034F0C0FD041E04D0E6
:10C34000020031006B6828689847200070BD00002B
:10C35000F0B587B01E000CAB0D9D1B7805910392C4
:10C360001900AC1A2022070091435AD00CAA02925D
:10C3700001220192302B1BD1730ADBB2002B55D066
:10C380005F2B4AD12E4B029305230193280001997C
:10C390002CF05AFF002901D1013401352800019900
:10C3A0002CF052FF019B5D1E029B6D1A5B190293DC
:10C3B00020231E423CD0E30F1B195B10E51A1C0022
:10C3C000002C3BDD2600019B0493B34200DD049664
:10C3D0007B68049A029938689847049BF61A002EE5
:10C3E000F1DC039B002B06D07B68039A0599386823
:10C3F0009847039BE418002D0CDD6419019EAE42A2
:10C4000000DD2E0032007B68029938689847AD1B2A
:10C41000002DF3DC200007B0F0BD0A4B029304238B
:10C42000B3E7094B029310230193C1E7074BF9E7E8
:10C43000012335001D401E42C2D025000024D0E754
:10C440001C6C0410216C0410276C0410106C041078
:10C45000F0B593B01D0018AB10CB0E001B78170081
:10C4600004900793CB070BD48B0703D1834B0A6847
:10C470009A4205D0300002F0A9FC01264000064394
:10C4800021231C4209D1079B302B06D11A9B1B9AF2
:10C49000934200DA1A9200231B93300005F0DBFE72
:10C4A0000AAA1300002806DBA1070FD52B2313705F
:10C4B000192304AA9B18EAB2210712D5022F09D129
:10C4C00030211970511C597002330AE06107F2D50E
:10C4D0002023ECE7082F6DD130211970210666D496
:10C4E000013300210AA819701B1A0EA80B90102006
:10C4F00006936312DBB29C461B9B0C900D91012BA3
:10C5000000DD0443172504ABED1810202300034081
:10C5100005936346297003930292044251D033007D
:10C52000019100970DAA0CA90BA805F05BFD0378FB
:10C5300007002D2B04D12B700D9B0137013B0D9370
:10C540001B9B012B00DC93E00D9B1B9A934200DAAE
:10C550001300059A002A08D0172204A9521812784D
:10C56000511E8A419B18069A9B1800261A9A35007C
:10C570009A4208DD012221001A981140C61A14427D
:10C5800001D135000E0001239C43002D09D01F333B
:10C590000093002301951A0039490498FFF7D8FE4B
:10C5A0000500059B002B17D1303307933DE01100A8
:10C5B0000E3188E7102F94D13021197011001731F6
:10C5C00081E70AAB0193009733000DAA0CA90BA8D1
:10C5D00005F008FD0700B3E730230793172104ABEC
:10C5E000C9180B78002B0AD000230122009304986D
:10C5F0000192FFF7ADFE1A9B2D18013B1A93069B83
:10C60000002B0DD0012301930023069A0093049878
:10C610000AA9FFF79DFE1A9B069A2D189B1A1A93DA
:10C620001B9B012B01DC1A9B1B931B9B3900019365
:10C63000079B0D9A009304982300FFF789FE451984
:10C64000002E09D02023009300230D491A000498DE
:10C650000196FFF77DFE2D180B980EAB984201D086
:10C66000FDF7D2FF280013B0F0BD00263500B5E776
:10C67000059B002BF9D11E001D00D4E74078041063
:10C6800093480410F0B51E008FB014AB1B78070060
:10C690002B24081C0393B30702D47407E40F64012E
:10C6A000169B05AD01940093290013002122FCF78D
:10C6B0004FFB0400F30518D52E21280034F082F931
:10C6C000002812D16521280034F07CF900280CD113
:10C6D0006E21280034F076F9002806D12E22631C42
:10C6E0002A5502340232EA542855730605D525220C
:10C6F000631C2A5500221C00EA541022350005ABA9
:10C7000019001540164212D01A7800252F2A0ED88B
:10C7100001222B00009538000192FFF719FE0D2130
:10C720000500159B013C013B159302ABC918159BF5
:10C7300022000193039B380000933300FFF708FEAB
:10C7400028180FB0F0BD00000023F0B5140093B01E
:10C75000089006930D002B78002B01D0252B39D1A2
:10C76000A9420AD2089B08986E1A5B6832000068DA
:10C7700098472900069B9B1906930B78002B00D144
:10C780005DE12023099300234F1C05933B78002B88
:10C7900007D02D2B28D01FD8202B30D02B2B29D0E1
:10C7A00000230A2107933B781A00303A092A28D936
:10C7B0002E2B4ED17B782A2B2AD000260A22013735
:10C7C0003B7819003039092924D85643F618303EF1
:10C7D0000137F5E70135BEE7302BE1D1102205998D
:10C7E00009931143059103E00122059B134305932F
:10C7F0000137CBE70223059A1A430592F8E7042391
:10C80000F9E7079A01374A43D318303B0793CAE741
:10C8100040CC0237F343DB171E403B786C3B5A4257
:10C820005341FF183D78002D00D108E1782D06D83E
:10C83000572D11D8472D36D8442D00D9EDE0089B4F
:10C8400008985B680122390000689847069B01330D
:10C850006BE001267642E0E7280058382028EED821
:10C8600034F042FC2300EDFFEDFFEDFFEDFFEDFFA7
:10C87000EDFFEDFFEDFFEDFF54006E002300DB0048
:10C88000DB00DB00EDFFEDFFEDFFEDFFEDFFEDFF6A
:10C89000EDFFEDFF23007800EDFF8A00EDFF2300A0
:10C8A000EDFFEDFF2300502DC9D10A2208CC0A92DA
:10C8B0000B93642D03D0752D01D006320A921722F6
:10C8C00008A9521800211170642D6BD18B4264DAD3
:10C8D0002D315B4211700B930F239D430F3DEDB241
:10C8E00012AE0A3D0B980A992CF0D6FC0B000B9A5D
:10C8F00030330B90092900D96B18013E33700EAB11
:10C900009E4257D00A9B9342ECD953E008CC002BAF
:10C910000ED00422079B4B490193099B0093059B72
:10C920000898FFF715FD069B1B180693791C11E765
:10C93000079B05220193099B43490093059BEFE761
:10C9400008CC0EA90B70079B01220193099B009351
:10C95000059BE5E70EA901CC0CF0FBFD0100731C63
:10C9600003D00E9B9E4200D20E96079B0E9A019317
:10C97000099B0093059BD3E720CC280034F09EFA56
:10C980000200731C02D0B04200D93200079B29007C
:10C990000193099B0093059BC2E7059989072FD551
:10C9A0002B211170002B97D1302227260EABDA7382
:10C9B00008ABF6181721102208AB059D0598C91879
:10C9C0000B781540104220D00025AB420BD0099BBC
:10C9D0000F3A0093019203000898FFF7B9FC050095
:10C9E000079B013B079312AB9A1B079B31000193F6
:10C9F000099B08980093059BFFF7AAFC401992E752
:10CA000005994907CED52021CBE7002BEBD00EAA04
:10CA10009642E8D9013E3370E5E7072307349C438B
:10CA200003CC2CF05BFF079B011C0193099B2A00A0
:10CA300000930898059B0296FFF724FE73E706987B
:10CA400013B0F0BD131A0410181A04100EB403B575
:10CA500003AA02CA0192FFF777FE02B008BC03B036
:10CA600018470000F0B507001D09180095421DD2B7
:10CA70000F236E000340501B8C193D00895B06009C
:10CA800001280BD06188228809041143D94002345F
:10CA90002980013E21880235012EF3D1D940421E62
:10CAA0005300D953002900D11000F0BD0020FCE74D
:10CAB000F0B51F00059B0600D31A9C46059B002B72
:10CAC00028D0002400250A5B385B013B1218551959
:10CAD00035532D0C0234002BF5D1059B5B00F71864
:10CAE000C9186346002B0CD0624600240B5B013A48
:10CAF0005D193D532D0C0234002AF7D163465800CE
:10CB00003F18002D01D03D800237BF1B7B109C4693
:10CB10006046F0BD634600250700002BE4D1F7E72F
:10CB2000F0B51F00059BD31A9C46059B002B33D004
:10CB3000002400260A5B3D5B013B521B96190653FD
:10CB400036140234002BF5D1059B5B00C718C918B9
:10CB50006346002B1DD0644600228B5A013C9E196F
:10CB6000BE5236140232002CF7D163465D1E5A00C5
:10CB70006B00BA18FB18984204D910E09A1E904234
:10CB800004D813001A88002AF8D00233181A40106B
:10CB9000F0BD3A00BB1EEEE707000026D8E7130001
:10CBA000F4E7C046F0B54E464546DE465746E0B58A
:10CBB00015009446099A9B460A9B521B994690463B
:10CBC00003000B9F0C9E002D15D13FE05A461488A0
:10CBD000022254449246D34436193C007440240443
:10CBE000240C4C44220C1C809146360C3F0C023322
:10CBF0000231002D0BD01B4A0C8892464246544409
:10CC0000013DE7195419AC42E0D9164CE4E76346FC
:10CC10005A004B468218002B13D1931E984204D918
:10CC20001BE09A1E904204D813001A88002AF8D0FC
:10CC30000233181A4010F0BCBB46B246A946A046C3
:10CC4000F0BD0123138013000232E7E74B46002BAF
:10CC500005D0012303800300E7E71300E9E70200A2
:10CC6000DBE7C046FFFF000070B504000C20FDF7B5
:10CC700097FC050023782068DB0780088200DB0F23
:10CC800013432B60636840006B60FDF789FCA8606C
:10CC90002268A1689208520030F0DCFF280070BDC5
:10CCA00070B5050080680C00002819D02B68072B90
:10CCB00016D90022002C01DA0122644201212B78CE
:10CCC0008B4313432B70A3B20380240C821C002CD3
:10CCD00011D0A3B21000138002226A60038070BDDD
:10CCE0000421FDF780FC03232A68A8601340082272
:10CCF00013432B60DDE70122EFE7C046002303600A
:10CD0000436083607047C046002370B505000C1E69
:10CD100003604360836000D170BD04210020FDF7F3
:10CD200062FC00210200002C01DA01216442022091
:10CD30002B68AA600340063001430B43A1B22B606D
:10CD4000240C1180901C002C06D002000223A1B2FA
:10CD500001806B601180DFE70123FAE770B51C00EA
:10CD6000022392000500080091081A4300232A605C
:10CD70006B60A860002C00D170BD002801D0012993
:10CD800009D80421FDF72FFC03232A68A86013406B
:10CD9000082213432B600022002C01DA0122644296
:10CDA00001212B788B431343A2B22B70240C0280F9
:10CDB000811C002C06D008000223A2B20A806B60FE
:10CDC0000280D9E70123FAE710B5002802D00378E2
:10CDD0009B0700D510BD8068FDF716FCFAE7C0463A
:10CDE000F0B54646D6464F46C0B51E0008AB1B7888
:10CDF00082469946030080689046002831D01B681F
:10CE00000F2B2ED94B4644463500002B01D0002E67
:10CE100034DB534601221B789343524613700023A0
:10CE2000536023002B4317D0534601229B682804EC
:10CE300084466746200C07432E0C35003E00A1B205
:10CE40009846100019803C00013202332E43EED187
:10CE50005346586043461980E0BCBA46B146A846DE
:10CE6000F0BD0821FDF7BFFB53461A689860032305
:10CE700013401022134352461360C3E722003300CD
:10CE8000002554429D41534601221B7813435246CC
:10CE90001370C9E7F8B5037804000120CE46474671
:10CEA000CA0F8343134380B52370FF23DB011800AF
:10CEB0000A0C104013424ED098424CD04A00120E39
:10CEC00010007F3847D4002857D016008027490229
:10CED0006F3E490A3F0436110F43162845DC1723DD
:10CEE0001B1ADF40002300259846B146022E01D2CE
:10CEF00002239946A068002803D023689B0899451F
:10CF00000BD94B465900FDF76EFB4B4603222168B7
:10CF10009B000A401343A060236043466660002BD9
:10CF200030D1002D0DD0002399463B004A46AB403E
:10CF3000835210235B1B4546DF400135B54210D0BC
:10CF4000A0686B007600C31880191F8002333F0C65
:10CF50009842FAD105E001222378934323700023FD
:10CF60006360C0BCB946B046F8BD0F25963A28406C
:10CF70001738131198460540B7E701212000FFF745
:10CF80008FFEEEE75B001A000021994630F05CFE50
:10CF9000002D01D0A068C8E74546CFE7F0B54F4661
:10CFA0004646D64688469246C0B5D2001E001709AE
:10CFB000089B013704009946C244022F00D2022781
:10CFC000A068002840D023689B089F423CD80121DC
:10CFD000320023780A408B4313432370002363609D
:10CFE000D0454DD24B4647461E04360C3B781D00BB
:10CFF000303D092D05D91A00413A192A2FD8373B5F
:10D000001D004D4533D2A36860689C46002835D08A
:10D0100001001A001388013973435D1915802D0C26
:10D0200002320029F6D140006044002D01D0058075
:10D0300002306346C01A401001376060BA45D5D14E
:10D0400053464246981A14E07900FDF7CCFA0322C1
:10D050002168BB000A401343A0602360B7E71A00B1
:10D06000613A192A03D8573B1D004D45CBD343469F
:10D07000F81AE0BCBA46B146A846F0BD1800D4E79D
:10D080000020F6E7F8B54746CE46140080B51D00EF
:10D0900007000126002902D0531EED18023EE300CE
:10D0A0000F331A0990461F2B01D802239846BB68FC
:10D0B0009C46002B33D03B689B0898452FD8012213
:10D0C0003B78E04693433B70002300207B60023BAB
:10D0D000002C10D00022002102E0072A2EDC0822BA
:10D0E0002B78013C9340194389B2AD19002CF4D13F
:10D0F00062464300D1526344634504D206E09A1E5F
:10D10000624504D313001A88002AF8D0023362461D
:10D110009B1A5B107B60C0BCB946B046F8BD434665
:10D1200060465900FDF75FFA4346032239689B00C9
:10D130000A4013438446B8603B60C0E74346013071
:10D140007860198002239946C844C3E770B50B780C
:10D150000678DB07F207DB0FD20F0500981A93421F
:10D160001DD16C684B689C4214D319D8AD6889688E
:10D170006300ED18C918002C0ED002235B4205E0B5
:10D1800000280DD1013C023B002C05D0E85ACA5AB8
:10D19000801AF5D501204042F60700D5404270BD07
:10D1A0000120F9E770B504000D00884221D04A68DB
:10D1B0001600022A22D3A068002803D023689B0807
:10D1C0009E420AD97100FDF70EFA03232268B600C9
:10D1D0001340334323606A68A060012629782378CE
:10D1E0003140B3430B4323706260A968520030F0B2
:10D1F00031FD012223789343237070BDA06802267D
:10D200000028DBD1DEE7C04670B504000D0088427F
:10D2100021D04A681600022A2BD3A068002803D028
:10D2200023689B089E420AD97100FDF7DCF90323AD
:10D230002268B6001340334323606A68A060012669
:10D24000297823783140B3430B4323706260A96887
:10D25000520030F0FFFC6368002B09D0012001214F
:10D260002278D307DB0F43400B408A431A432270D6
:10D2700070BDA06802260028D2D1D5E7F8B5040019
:10D280000D00884222D04A6880681600022A00D227
:10D2900073E0002803D023689B089E420AD97100DE
:10D2A000FDF7A1F903232268B6001340334323603E
:10D2B0006A68A0600126297823783140B3430B4384
:10D2C00023706260A968520030F0C4FC6168A068F5
:10D2D000002957D0012223781A4225D09343237086
:10D2E00003884D1E013B0380871C1B14012900D1BC
:10D2F00071E03A001688013DF31813801B140232C6
:10D30000002DF7D1023949007B18984204D964E016
:10D310009A1E824204D313001A88002AF8D00233DE
:10D320001B1A5B10636027E04D1C022D45D30028BB
:10D3300045D023689B089D4241D803884D1E013388
:10D340000380871C1B0C01290DD03A001688013D73
:10D35000F31813801B0C0232002DF7D1204A94469B
:10D36000614449007F18002B23D1012223783F1A02
:10D370007F10134367602370F8BD0226002800D099
:10D3800089E78CE7002802D02368072B09D80421FD
:10D39000FDF729F903232268A060134008221343F4
:10D3A00023600123012203806360237813432370E9
:10D3B000E2E701233B800237D7E70225B7E76900A0
:10D3C000FDF711F903232268AD0013402B43616878
:10D3D000A0602360B1E703009EE702317B189FE75E
:10D3E000FFFFFF7FF0B545465746DE464E46E0B5A7
:10D3F0000F00496805009046806883B000291DD061
:10D40000002A2AD10E00022918D3002819D02B682F
:10D410009B089E4215D801243A782B782240A343DA
:10D4200013432B7069604A00B96830F013FC03B0F5
:10D43000F0BCBB46B246A946A046F0BD0226002875
:10D44000E5D17100FDF7CFF803232A68B600134039
:10D4500033432B607968A860DDE714000F3423099B
:10D46000CE1899463400022E5AD300285BD02B6880
:10D470009B089C4257D8BB6844469C460F234246B3
:10D480001C400194134265D01023019A9B1A01930A
:10D49000374B1A00F3185B0098460300434400938F
:10D4A0008B185B009C44002960D08A460023002230
:10D4B0009B46634658469B5A019C03431800E04034
:10D4C000009C1B040139A0529B46023A0029F0D16E
:10D4D00053465B00E31A00935B46019AD3409BB22C
:10D4E000009901220B804B46D21A52008C18200062
:10D4F0000021524230F0A8FB002E08D0444403E043
:10D50000013E023C002E02D02288002AF8D00121E0
:10D510006E603A782B780A408B4313432B7086E772
:10D5200002240028A3D16100FDF75DF803222968D9
:10D53000A3000A4013432B604B467968A8605E182D
:10D54000BB6844469C460F2342461C40019413424C
:10D550009ED099E7064A8A46B3185B0098460300B6
:10D56000434400938B185B009C449FE70023B7E77C
:10D57000FFFFFF7FF0B5C64690464A6804000D00E5
:10D58000170000B5022A00D20227A668002A02D09E
:10D590004346002B23D1002E13D023689B08BB42A7
:10D5A0000FD3012029782378014083430B43237054
:10D5B00062603000A968520030F04CFB80BCB84675
:10D5C000F0BD30007900FDF70EF8BB00032722689C
:10D5D000060017401F4327606A68A060E1E7002E3D
:10D5E00003D023689B08BB420CD230007900FCF7C3
:10D5F000FAFF032306002268BF0013403B43236069
:10D600006A68A060AF68434639003000FFF72AFA25
:10D6100001239C46614660602A781A4023788B4338
:10D62000134323701942C9D0434641461A090F23B8
:10D630006D6819408846002DC0D00021002A05D110
:10D6400038E00131A9420BD08A4209D04B00FB5A85
:10D65000002BF6D000280ED1012333806360ADE7A4
:10D66000AA42ABD2012341468B405200D25B013B20
:10D670001342A3D0EEE73388411E01333380B71C39
:10D680001B0C01280DD03A0015880139EB181380C6
:10D690001B0C02320029F7D10B4A9446604440002B
:10D6A0003F18002B02D001233B800237BF1B7F10A5
:10D6B000676083E74246634693403A88013B1A42DB
:10D6C00000D17BE7C6E7C046FFFFFF7FF0B54746C6
:10D6D000CE46904680B506000F0088684A684146ED
:10D6E000434649689B68894683B08A4215D318D857
:10D6F0009C46510040188C44002A12D00224150088
:10D70000644205E0002B0CD1013D023C002D08D005
:10D710006146035B095B5B1AF4D53B004A4647460A
:10D72000984641463B780978B0684B40DB071CD4EB
:10D73000541C022C48D3002803D033689B089C4219
:10D740000AD96100FCF74FFF03233268A40013409D
:10D75000234333607A68B0604446434664689B68FC
:10D76000B9680094FFF7A4F91BE01400022A27D33C
:10D77000002803D033689B089C420AD96100FCF75B
:10D7800032FF03233268A4001340234333607A68D6
:10D79000B0604446434664689B68B9680094FFF7EC
:10D7A000BFF970600121431E98413A7833780240F6
:10D7B0008B431343337003B0C0BCB946B046F0BDD1
:10D7C00002240028D6D1D9E702240028B5D1B8E731
:10D7D000F0B54746CE46904680B506000F008868F3
:10D7E0004A684146434649689B68894683B08A42F5
:10D7F00015D351D89C46510040188C44002A4BD078
:10D8000002241500644205E0002B45D1013D023C95
:10D81000002D41D06146035B095B5B1AF4D53B00E8
:10D820004746984641463B7809784A464B40012492
:10D83000B068DB0738D41500022A52D3002803D081
:10D8400033689B089D420AD96900FCF7CCFE03238C
:10D850003268AD0013402B4333607A68B0604546B0
:10D8600043466D689B68B9680095FFF759F9002237
:10D870007060002806D03A78D207D20F002C01D071
:10D8800001235A40012133788B431343337003B093
:10D89000C0BCB946B046F0BD41463B78097800248B
:10D8A0004B40B068DB07C6D5551C022D1DD30028A0
:10D8B00003D033689B089D420AD96900FCF793FEA8
:10D8C00003233268AD0013402B4333607A68B060A5
:10D8D000454643466D689B68B9680095FFF7E8F8D0
:10D8E000C5E702250028ABD1AEE702250028E0D12C
:10D8F000E3E7C046F0B54E464546DE465746E0B53E
:10D9000014004B68526887B0804689460292934261
:10D9100003D3029323000C009946434698680123E1
:10D920002278134204D1494609780B4200D19BE08A
:10D93000029B5D1C022D00D282E0002800D183E012
:10D9400043461B689B089D4200D97DE04B469B687F
:10D9500001259A464B465B682E009B464B4619783C
:10D96000A7680B0053409E432A400D40714289B284
:10D970000191514289B233000091029E694289B2FD
:10D980008C46002E00D1AFE05946891B8B46039090
:10D990000100404605940490009C3888013E604098
:10D9A0008218584684196046A64206D350466446FB
:10D9B000008860400224A046C24445192C0001980A
:10D9C000144044402404240CE3180B802D0C120C4A
:10D9D0001B0C02310237002EDED1049A03989046C8
:10D9E000029A059C52008218002B24D11100931E2C
:10D9F000984204D97AE09A1E824204D313001A880E
:10DA0000002AF8D0023342461B1A5B1053604B4683
:10DA10001B782278DB07DB0F1A40434601211B7875
:10DA20008B4313434246137007B0F0BCBB46B2466B
:10DA3000A946A046F0BD0123911C13801300D7E72F
:10DA40000225002800D07BE76900FCF7CCFD4346A7
:10DA50001A689860032313404246AD002B431360BD
:10DA600063682278029371E7029D022D38D3002863
:10DA700004D043461B689B089D420BD96900FCF704
:10DA8000B2FD43461A689860032313404246AD0036
:10DA90002B4313604B465A68A6689F68002A27D01C
:10DAA00014000023F55AF95A013C2940C1520233AF
:10DAB000002CF7D15100013A53004118C318984285
:10DAC00004D918E09A1E824204D313001A88002A4F
:10DAD000F8D0023342461B1A5B10536000229CE7C9
:10DAE00002250028C5D1C9E702007DE70B008AE7BF
:10DAF0000100831EE3E70B00ECE7C046F0B54546A6
:10DB00004E46DE465746E0B54B68556880460E00E7
:10DB1000140085B0AB4202D31D000C001600434632
:10DB20009A68012321780B4203D13078034200D157
:10DB30007FE06F1C022F68D3002A69D043461B6820
:10DB40009B089F4264D8A7680124B3682140994686
:10DB500073689B4633781C404B429BB29A466342A3
:10DB60009BB29C46002D00D1A5E05B4610005B1BDC
:10DB7000029242469B462E00012301950392554690
:10DB80003A88013E6A4051185A4695196246AE429B
:10DB900006D34A46654612886A400225A846C14413
:10DBA00012190C001443E4432404240CE3180380EA
:10DBB000140C090C1B0C02300237002EDFD1019D22
:10DBC000039B029A98466B00013D6D00D3185519CE
:10DBD000AA4204D972E0AB1E934204D31D002B88E5
:10DBE000002BF8D00235AD1A01226D1043460121F9
:10DBF0005D601B788B4313434246137005B0F0BC45
:10DC0000BB46B246A946A046F0BD0227002A95D1E0
:10DC100079001000FCF7E7FC43461968986003237D
:10DC20000B404146BF003B430B6002006568217812
:10DC300089E72F00022D3AD3002A04D043461B68FF
:10DC40009B089F420ED979001000FCF7CCFC43469C
:10DC50001968986003230B4041460200BF003B4314
:10DC60000B6065687368B7689C46A468EE1A002B61
:10DC700026D018000023E15AFD5A01382943D15219
:10DC800002330028F7D163465B00E418D318002E56
:10DC900009D030000021655A01385D520231002858
:10DCA000F9D176009B199B1A5D1000229EE702278E
:10DCB000002AC3D1C7E71300951E89E71D0092E72C
:10DCC0001300E4E7F0B5C64600B516004B6852688D
:10DCD00004000D0084B0934203D31A0033000E00F9
:10DCE0001D00377829783B004B40A068DB0751D4F2
:10DCF0009046022A00D283E0002803D023689B08C4
:10DD000098450DD943465900FCF76DFC4346032264
:10DD100021689B000A4013432360A0603778726833
:10DD2000AB68B16898466B689C46FF0700D572E007
:10DD3000D31A6246002A00D17BE06646002247469D
:10DD40008D5ABF5A013E7D4085520232002EF6D1D7
:10DD500062465700C919C719002B67D01D00002261
:10DD60008E5A013DBE520232002DF9D15A00013BBC
:10DD70005B00BA18FB18984204D95CE09A1E8242F4
:10DD800004D313001A88002AF8D00233181A00228C
:10DD900040102BE0531C9846022B37D3002803D0A9
:10DDA00023689B0898450ED943465900FCF71BFC95
:10DDB0004346032221689B000A4013432360A0606E
:10DDC000297872683778AB689846B36801269C4614
:10DDD00033008B433100B943039302910196696884
:10DDE000434600916146FEF7DDFE012201212378C2
:10DDF00060608B431343237004B080BCB846F0BD11
:10DE000002239846002800D078E77BE70223984653
:10DE10000028C5D1C8E7002303930293019363460A
:10DE200000934346FEF7BEFE0022DFE73A00BB1E2A
:10DE3000A1E7070090E71300A8E7C046F0B55746F2
:10DE40004E464546DE46E0B54B680700884691469B
:10DE500085B0002B6CD05468002C69D0814200D171
:10DE600082E000220292814500D188E01C19022C38
:10DE700000D20224B868002867D03A689208944219
:10DE800063D8520000212FF0DFFE42469268BB6843
:10DE900093464246526892464A4656689068002E1B
:10DEA00030D0524654001A1903935B46A446544698
:10DEB000BA46019300926246009B27009D1AA34632
:10DEC00000230199002C4CD00A880488013F62434A
:10DED0002C8802311219D3182B801B0C0235002F0D
:10DEE000F2D1009A5C461500911C002B01D00D0068
:10DEF0001380013E02300091002EDCD15746039B77
:10DF0000ED1A6E1043467E601A784B4601211B784D
:10DF1000029C5A403B780A408B4313433B70002CD1
:10DF20000CD0A068FCF770FB2000FCF76DFB05E04F
:10DF300001223B7893433B7000237B6005B0F0BC2B
:10DF4000BB46B246A946A046F0BD6100FCF74BFBBC
:10DF500003223968A4000A4022433A60B860A2084C
:10DF60008FE700990231C4E70800FEF77DFE804686
:10DF70004368B9450CD04A460290546876E7484653
:10DF8000FEF772FE434681465B68446802906DE787
:10DF90001C008146029069E7F8B54B680600140042
:10DFA0000800002B45D01378DB0742D45368002BC0
:10DFB00046D0FEF759FE05002000FEF755FE04008E
:10DFC00001213000FEF76CFE62680127002A0FD1A4
:10DFD00020E001230100FEF745FD6060002819D014
:10DFE0002A0029002800FFF729FF6268002A11D0C3
:10DFF000A06803881F42ECD02A0031003000FFF7F0
:10E000001DFFA068012301006268FEF72BFD606020
:10E010000028E5D1002D05D0A868FCF7F5FA280006
:10E02000FCF7F2FAA068FCF7EFFA2000FCF7ECFA34
:10E0300005E0012233789343337000237360F8BD09
:10E0400001213000FEF72CFEF9E7C046F0B5DE46B0
:10E050004E4645465746E0B59046526893B0013269
:10E0600081468B4614000693022A00D202244B46B6
:10E070009868002800D18AE01B689B089C4200D960
:10E0800085E0520000212FF0DFFD4B4601221B7876
:10E0900093434A4613700023536043465C68651CF3
:10E0A000022D00D202255B469868002855D01B68D7
:10E0B0009B089D4251D8022C64D202249C4263D911
:10E0C0006100FCF790FA5B461A68986003231340DE
:10E0D0005A46A4002343136043461A785B46012145
:10E0E0001B780A408B4313435A46137043465A68C1
:10E0F0005B465A604346520099682FF0ABFD484694
:10E1000080685B4608905846069A4668916852684F
:10E110009B6801910792B24219D8700082461C1880
:10E12000B24244D351448C46002E00D19BE10221DF
:10E1300030006746494206E0002A38D101380239EA
:10E14000002800D18FE1625A7D5A521BF4D500237A
:10E150004A4653605B46596840E16900FCF743FA60
:10E160005B465A469860116803220A405946AB0044
:10E170001A430A6042465468022C00D257E1002834
:10E180009ED09B089C429BD85B469868A4E76100A0
:10E19000FCF729FA4B461A689860032313404A4655
:10E1A000A4002343136043465A68013269E7B64925
:10E1B000079A8C46624451000992019A94468C4415
:10E1C00060460090505A525E0025002A05DB42004E
:10E1D000013590B2ADB21204F9D500225846228022
:10E1E000721C029242605246023294469C4463453D
:10E1F00014D21022521B92461800674600229C46F9
:10E2000053468A4606883100A940DE400A43028010
:10E210000230B2B28742F5D863465146009A12885E
:10E22000AA400492079A012A08D91020009A401B9C
:10E23000023A1288C2400498104304904846089F4E
:10E24000029ABC46079E921B42608F483700101806
:10E2500040006044029058464068864200D30DE179
:10E26000661AB21E92460A9353460093019BC21B44
:10E270009A464B460B935B4605920C93002243460D
:10E2800003920D932388049918049946A31E984677
:10E290001B8818432BF000F8009E0700A64200D30D
:10E2A000C3E00023019400201900AC4654466246A6
:10E2B000238835889340A946090C19430A04120C97
:10E2C0007A43030415041B0C4B442D0C5B1B0014F8
:10E2D000120C3380801A1B14C018019B02360234C2
:10E2E0009E42E4D31C001B886546994681444B46F8
:10E2F0004E46002B1FD0009B9C4200D893E0504616
:10E3000000230022B1460099120C9446028866460A
:10E31000AA4032430E880230B4469C4413041B0CBE
:10E3200063440B8002311B0CA142EDD34E46F6181C
:10E33000013F002EDFD1029B009A1F80023B023A70
:10E340000293039B0092059A0133444603939A4239
:10E3500098D10B9A079991460C9A0A9B93460D9A6D
:10E3600090465A4651604A46526809994800181822
:10E3700083420CD810260021761B0488023827001F
:10E380002F41B44039434180A1B28342F5D9002ADC
:10E3900010D008983C498446511849004C466144C5
:10E3A00004E0013A62600239002A02D0088800289D
:10E3B000F7D0A1465A465268002A3ED03249584604
:10E3C000511849005B1804E0013A4260023B002A00
:10E3D00032D019880029F7D0834641680A005B468D
:10E3E000501E824101241B781A40A34313435A460E
:10E3F00013704346069A1B78127853401C420BD088
:10E400004B465A68531E9A414B461B78A34313430D
:10E410004A461370002912D113B0F0BCBB46B24675
:10E42000A946A046F0BD013F65E700205EE7022453
:10E43000002800D0A5E643E683460021CEE704216C
:10E440000020FCF7D0F809234946119004800FAA58
:10E4500048460F931094FFF739F959465846069AE3
:10E46000FFF734F9D8E700235A465360089A01337E
:10E4700013804A4653605B465968AFE7024C01007F
:10E48000A4466144099170E7FFFFFF7FF0B5C646DF
:10E4900000B51F004B6804000D00160084B0002B6F
:10E4A0005CD01378DB0759D47B68012B03D1BB68A0
:10E4B0001B88012B52D0A068002802D02368072BAC
:10E4C00009D80421FCF78FF803232268A0601340C9
:10E4D0000822134323600123227863609A43227049
:10E4E00003807368002B3FD02800FEF7BDFB0500BA
:10E4F0003000FEF7B9FB0023426806000193029347
:10E500000393002A48D00133984614E00123010008
:10E51000FEF7A8FA706000282AD02A0029002800F7
:10E52000FFF78CFC2A003B00290001A8FFF78EFDB5
:10E530007268002A1CD04146B06803881942E5D0B1
:10E540002A0021002000FFF779FC220001A83B00EF
:10E550002100FFF77BFDB0687268D7E701222378BE
:10E56000934323700023636004B080BCB846F0BDC1
:10E570006B461A79022313400ED0002D05D0A868EF
:10E58000FCF742F82800FCF73FF8B068FCF73CF8CD
:10E590003000FCF739F8E7E70398FCF735F8ECE7CB
:10E5A000436881685B00CB1810B5040000209942D5
:10E5B00005D2023B1A88000410439942F9D323780C
:10E5C000DB0700D5404210BD70B5802642688568E3
:10E5D0005200AA1800233602954202D307E0B34244
:10E5E0000DD2023A14881B0423439542F7D30278D4
:10E5F000D20702D401200B6070BD5B42FAE7002015
:10E60000FAE7C046037830B5DB0714D480254268AA
:10E6100084685200A21800236D02944202D307E0DE
:10E62000AB4208D2023A10881B0403439442F7D34A
:10E6300001200B6000E0002030BDC046F0B5DE4692
:10E6400057464E464546E0B585B084460C000291DB
:10E650000E9819000392002C00D0C01863469F68E2
:10E660005B680A00002B6DD001260124B246FE36FD
:10E67000A0460025B346894639882D040D434146FE
:10E680001026984601970091674651463F78ABB2F5
:10E69000394204D0594699430B199BB21C0A002AEF
:10E6A00045D00299DBB200293ED001380370013A0F
:10E6B0002D0A102E01D10826E6E74346019F009956
:10E6C000013B88460237002BD6D14946039B002BDD
:10E6D00015D0002A13D1002911D0029B002B34D071
:10E6E0000E9B1B784246002A16D06246DB43117807
:10E6F0000122DBB2DB090A40534098460CE0029B42
:10E70000002B1DD1634601211B781940FE230139DE
:10E710009943FF312FF098FA404605B0F0BCBB4654
:10E72000B246A946A046F0BD03700130BFE700998C
:10E730000029BDD0DBB259424B41DBB20093B7E7B1
:10E740000E98DFE701239846C0E70E9B5B18013B5C
:10E750001B78C7E7F8B54468866864003419070079
:10E760000020A6420DD28F21C9052FF0BAF8023C35
:10E77000051C20882FF02CF9291C2FF039F8A6420F
:10E78000F1D33B78DB0703D580231B069C4660440E
:10E79000F8BDC046F0B55746DE464E464546E0B5A4
:10E7A00017000A000A3A0E00511E8A4185B01C006B
:10E7B0000EAB1B7803329B46436882460292002BC5
:10E7C00017D10F9B002F10D130221A7000225A70DF
:10E7D0000F9A0133981A05B0F0BCBB46B246A94661
:10E7E000A046F0BD19700137013339780029F9D1FD
:10E7F000EAE75B0018009846FBF7D2FE5346424614
:10E80000996805002FF026FA4346EB189A1E9146A8
:10E81000C8460F9A3A3CB94603921F0001940092F1
:10E8200045452AD844460021208809040843310080
:10E830002AF032FD023C6080A542F5D930313929F9
:10E8400002D9019B9C466144009BC9B25C1C1970B3
:10E85000AF4218D9290002E002318F4213D90B8848
:10E86000002BF9D05B46002B04D0039BE11A029BDE
:10E87000994232D000944545D4D93021009B5C1C8C
:10E880001970AF42E6D84F462800FBF7BDFE002FB7
:10E890000DD0380032F012FB3B189F4207D2220005
:10E8A000013B1978117001329F42F9D12418534667
:10E8B0001B78DB0718D42000631E0F9A9A4207D2F8
:10E8C00011781C78013B1470013259709A42F7D3C9
:10E8D000002303700F9BC01A7DE75A46009B9C1CC7
:10E8E0005A7003940094C6E72D23601C2370230004
:10E8F000E3E7C04603000F2010B50840082811D8F0
:10E9000032F022FC05070C10101010101400180033
:10E9100010BD0E20002BFBD01030F9E7180003F0DB
:10E9200066FDF5E7180003F07DFDF1E70220DB004E
:10E930001843EDE710B500F09FFA2FF0B3F810BDC3
:10E9400010B500F099FA10BD10B52AF0C7FF02F01B
:10E95000F1FC10BD10B502F0EDFC10BDF0B58DB0AE
:10E96000070068460D001400166800F013F900282F
:10E9700010D1734273415B421D40290023003200D5
:10E9800038000BF07BFC050000F0C4F8012D0CD121
:10E99000280014E0019B23601149206802F0CAFBA3
:10E9A00000280ED1206800F007F92368002DF3D16C
:10E9B000002B01D106332360002E07D100200DB0BB
:10E9C000F0BD206802F0B1FA2060F5E7300005499B
:10E9D00002F0B0FB0028F1D030000BF0D3FBE2E7EF
:10E9E000D474041040750410036810B5002B00D1D6
:10E9F00040680BF0BDFD10BD10B5FF2413000A0ADE
:10EA0000224021400BF048FB10BD1FB50F230B40E7
:10EA1000012B10D00E220400114209D0023B012B21
:10EA20000DD9012201A900F01FFC002807D0019C8C
:10EA3000200004B010BD00F015FB0400F8E7200032
:10EA400000F0D0F9F9E710B5002805D0062803D06A
:10EA50000BF098FB00F0B0F810BD10B50C1E02D101
:10EA60000BF008FD10BD0BF005FD844202D0002321
:10EA7000606023600020F5E700280AD0D02212064B
:10EA80001268054B9200D2581369984202D0106167
:10EA9000180070470020FCE7B41B0020D0220300C0
:10EAA00000B5920090421AD8043A90420BD8022046
:10EAB0005E2B13D00020752B10D001303E2B0DD0D3
:10EAC000012040420AE00B4A83180420022B05D89B
:10EAD000180032F039FB0A0C0200052000BDF322B9
:10EAE000032092009342F9D0EAE70620F6E70720D8
:10EAF000F4E7C046C2FCFFFFD02212061268044BA6
:10EB00009200D3585A690260586100207047C0468D
:10EB1000B41B0020D02212061268034B9200D35877
:10EB20005A6912685A617047B41B0020D02212063D
:10EB30001268044B9200D3589A6941600260986150
:10EB40007047C046B41B0020D02212061268064B44
:10EB50009200D25810B5936919689161002802D0CB
:10EB600018005A68904710BDB41B0020D02270B521
:10EB7000040012061268064B9200D558AB69002BB0
:10EB800001D0A34200D370BD0120FFF7DDFFF5E700
:10EB9000B41B0020C4600561466187614146C161C4
:10EBA0004946016251464162594681626946C162E5
:10EBB00071468160A0E70000D02212061268114B56
:10EBC000920070B5D5586C69002C01D120F0FAFC88
:10EBD00060602000FFF7CAFF23686B61201CC468D7
:10EBE000056946698769C1698846016A8946416A3B
:10EBF0008A46816A8B46C16A8D4681688E460120AD
:10EC00007047C046B41B0020704710B50C00FBF7DE
:10EC1000C7FC046010BD10B50C00FBF7D3FC04600A
:10EC200010BD0000830701D1006870470F22024B1E
:10EC300010408000C058F8E7946D041010B5FFF73D
:10EC4000F1FFC0880AF07BFC10BD000070B50D001C
:10EC500004001600F6F7FAF82800FFF7E3FF437AFE
:10EC6000002B08D003339B00C018436832002900F2
:10EC70002000984770BDC28802492000FDF7E6FEDB
:10EC8000F8E7C0461E1A041010B5034B0A00010035
:10EC90001800FFF7DBFF10BD70690410F7B5040022
:10ECA00008000E0002F030FA00280FD0694630004C
:10ECB00001AA02F08DFA009B002B07D02000144916
:10ECC000FDF736FB009D033D002D09DA31000222DD
:10ECD0002000FFF7BBFF20000E49FDF729FBF7BD21
:10ECE000019AAF00D3195B68D25920000A49FDF799
:10ECF000ADFE019BDB199A68002A04D1200005496A
:10ED0000FDF716FBDFE720000449FDF79FFEDAE779
:10ED1000231A0410DB480410471A04105C1A04106C
:10ED200010B50400FFF77EFF837A002B06D0033373
:10ED30009B00C0184368054A934203D05A1E934172
:10ED4000D8B210BD200008F0AFFDFAE7C57601107B
:10ED500010B50400830703D1084B02689A4209D01A
:10ED6000210008200BF00CF9002802D120000CF043
:10ED70000BF90400200003F0C7FC10BD407804101C
:10ED800070B50C000E2804D1002323600125280053
:10ED900070BD01231E28F8D005001D40184202D086
:10EDA00040102060F2E7830706D1074B02689A42C1
:10EDB00002D103F063FBF4E7010008200BF0E0F858
:10EDC0000028F6D1E3E7C0464078041013B501A946
:10EDD0000400FFF7D5FF002802D120000CF0D4F882
:10EDE000019816BD10B5C30705D4830706D1054B9E
:10EDF00002689A4202D103F038FB10BDFFF7E6FF2C
:10EE0000FBE7C0464078041070B50C000E2829D0EE
:10EE10001E2829D0012305001D40184205D01841A5
:10EE20002EF0D6FD012520601AE083070CD103687F
:10EE30000F4A934202D103F07FFCF3E70D4A93425D
:10EE400002D102F0D3FAEDE7010009200BF098F8A7
:10EE5000002805D0830703D1064B02689A42F0D000
:10EE6000280070BD0020DDE7FE208005DAE7C046FF
:10EE700040780410E875041013B501A90400FFF7E9
:10EE8000C3FF002808D12000FFF7D8FE034B020083
:10EE9000034918000BF020F8019816BD4C720410BD
:10EEA000651A0410F8B504000E001700FFF7ACFF58
:10EEB000051E04D000233B6001252800F8BDA307F0
:10EEC00009D10C4B22689A4205D13A00310020004A
:10EED00001F0B0F8F0E721000A200BF051F800280B
:10EEE000EBD08307E9D1034B02689A42E5D13A009F
:10EEF0003100EDE7546F041010B50400FFF7D2FFA6
:10EF0000002808D12000FFF799FE034B02000349B7
:10EF100018000AF0E1FF10BD4C7204106C1A0410C6
:10EF200010B583070FD103680B4CA34204D143688B
:10EF300008300B60106010BD084CA34203D18368F9
:10EF4000C0680B60F6E7FFF779FE054B0200054944
:10EF500018000AF0C1FFC046A883041058790410B5
:10EF60004C720410731A041013B50C0001A9FFF7BA
:10EF7000D7FF019BA34204D02200024902480AF0B5
:10EF8000ABFF13BD7C1A041004720410F7B5060021
:10EF90000D0014001F00D3070FD554100194019BDE
:10EFA000002B01DA5B190193019B002F1AD0002B73
:10EFB00014DA002301930198FEBD100001A9FFF7A8
:10EFC000DFFE0028EBD12000F588FFF737FE0A4C62
:10EFD00003002A00200009490AF07EFFAB42EAD96B
:10EFE0000195E8E7002B01DBAB42E4D3F28804494A
:10EFF00004480AF071FFC0464C7204108E1A0410C7
:10F00000A51A04109073041010B5830702D003F002
:10F01000EEF910BD002803DB430001201843F8E798
:10F0200003F000FAF5E7000010B50400830708D1EB
:10F030000B4B02689A4204D1836801205B0018439D
:10F0400010BD2000FFF7EEFDC37A0200181EF7D0B6
:10F0500003339B00D2182100536805209847EFE73F
:10F060003082041010B5040000200E2C02D01E2C9B
:10F0700001D1012010BD0020062CFBD0601EE3074B
:10F0800019D42000FFF7CEFDC37A002B0DD0033337
:10F090009B00C0184368210004209847002804D032
:10F0A0001E3843425841C0B2E4E72000FFF7BCFFDE
:10F0B0000028DED00138431E9841F4E7F0B587B050
:10F0C0000C0015000300019005282BD1093305938E
:10F0D00010330493AC4207D1E3075FD42000FFF75D
:10F0E000A1FD83885B0759D507232340022B05D058
:10F0F000A3071BD1324B22689A4217D107232B401A
:10F10000022B06D0AB0718D12D4B2A6801269A4254
:10F1100018D12900200006F030F800283ED10498CC
:10F1200007B0F0BD1E230593103BD2E70123260054
:10F130001E401C4203D01D42F1D1012602E02B00EB
:10F1400025001C002800FFF76DFD037B07000293DC
:10F15000002B1BD0838803931B0704D42000FFF7E8
:10F1600061FD874212D1029B019A03339B00FB1879
:10F170005B68052A14D03B7B220003339B00FB18FD
:10F18000290002205B689847002813D1230001362C
:10F190002C001D00022ED5D19C42C0D10598BFE79E
:10F1A000039AD206E7D52200290001989847002843
:10F1B000B6D1E0E7019B022BB2D0FFF753FFACE7DB
:10F1C0003883041010B50A0001000220FFF776FF13
:10F1D000FFF748FF10BD000010B50400FFF724FF43
:10F1E000002808D12000FFF729FD034B0200034946
:10F1F00018000AF071FE10BD4C720410AC1A041015
:10F2000070B504000E001500FFF70CFD837B002B8A
:10F2100009D003339B00C01843682A003100200046
:10F220009847002816D120000B4E002D06D1FFF77D
:10F2300005FD0200094930000AF04EFE042D04D1FC
:10F24000FFF7FCFC06490200F5E7FFF7F7FC05496C
:10F250000200F0E770BDC0464C720410B91A0410E9
:10F26000D31A0410E51A041070B505000E0014003E
:10F27000FFF7D8FC037C002B05D1042320001840A5
:10F280001C420DD170BD032203339B00C01843689C
:10F2900031002800224098470028EED10120F1E7F4
:10F2A00001480BF031FEC046F71A0410042803D0C1
:10F2B000052807D0002070478B680E20002BFAD05D
:10F2C0001030F8E701208B685B001843F3E700007B
:10F2D000074A03000A60002208008A60CA604B6087
:10F2E000044A1968914202D15B681B0A8360704727
:10F2F000DC6D0410286E0410F8B57F270D0001792D
:10F3000004003940160040200022F1F783FEA16876
:10F31000E26841432A606960217903000F40AF60D1
:10F3200008482768874201D00020F8BD49B200296B
:10F3300002DB0120B607F8D46168090A4B43D318F1
:10F340002B60F1E7286E0410F8B5002206000D00CE
:10F3500001004020F1F75EFE07001020FBF720F9C6
:10F36000084B0400012E00D1074B280026712360B2
:10F3700063687843DBB2A5606360FBF711F9E06076
:10F380002000F8BDF46D0410686E0410416870B57B
:10F39000C2688C6803000020A24209D27F24087949
:10F3A000551C20409C68C9681219DD60F1F7B6FE53
:10F3B00070BD436870B504000E00FF2B1BD80022FF
:10F3C00001794020F1F726FEA1680500083141438C
:10F3D000E068FBF708F9802362681B01D2B213438F
:10F3E00007226360A3686A4301335D43E060002144
:10F3F00040192EF029FC33002079A268E168F2F769
:10F400009DF8A36806200133A3606368013BFF3BBE
:10F41000636070BD70B50E7904000D00012E0DD132
:10F420001949FCF785FF33002000AA68E96805F058
:10F4300011F920001549FCF77BFF70BD320014491B
:10F44000FDF704FBAB68002BF3D020001149FCF75B
:10F450006FFF0026AB68B34204D820000E49FCF7CA
:10F4600067FFE6E7002E03D020000C49FCF760FFA1
:10F470003200E9682879F1F751FE012201002000ED
:10F48000FFF7E4FB0136E5E7051B0410B71A04108B
:10F49000111B04101C1B041006480410201B041030
:10F4A000F0B5070014008BB0002A01D10024F8E069
:10F4B00003260D00974B806835400093314200D001
:10F4C00003E1954B0A689A4200D0FEE004AA0BF0D3
:10F4D00087FF002802D191480BF038FD7F2339794E
:10F4E0002A0040201940042C00D1B6E0F1F792FD2B
:10F4F000230033400500039334426ED12268937B8E
:10F50000002B5AD003339B00D31885495B688B428C
:10F5100053D17F2321794020039A1940F1F77AFDD6
:10F52000A84202D07F480BF01FFBA368009A01930A
:10F53000E36802932368934203D163681B0A6B4319
:10F5400003930498059C019B241A1E1BFB683A68D0
:10F550000093704B9A4242D13B797F2BA6D9002E63
:10F56000E0D17B68009A1B0A6B43D3180093039B7E
:10F5700068439C46019A009B02996A4361441818AB
:10F5800031F000FB0599BA68009B521A6943049850
:10F590005918019B6A4318186843009B181831F0EA
:10F5A000F1FA019B0099E21ABB686A43F3186B43B6
:10F5B000C81800212EF048FB43E05B4B9A420CD167
:10F5C000012DAFD10522200007A9FFF74DFE089BB2
:10F5D0000193079B02930023B2E754487CE7002E77
:10F5E000C5DD7B68009C1B0A9E4211D9B9682000CA
:10F5F00071186943FAF7F7FF7B683202DBB21343F5
:10F600007B60029B009A0400F860934200D1029054
:10F61000019B0498BA6805991818B218121A694320
:10F6200068436A436118201831F0ACFA039B019AD1
:10F630009C46049B02996B436A436144E01831F095
:10F64000A1FA7B681A0A921B1202DBB213437B6099
:10F65000BB689B19BB60062423E0F1F7DBFC3A682A
:10F6600000990500049B8A421ED1802252049342D5
:10F6700003DB2F492F480AF025FC1020FAF790FFF2
:10F680000300040023CF23C33A681A606368049917
:10F690001A0A52181202DBB213436360059B5B1A0D
:10F6A000A36020000BB0F0BD05993879C91AFFF7A7
:10F6B0004BFE049B059AF968D21A6A435D43040025
:10F6C0004919C0682EF0C6FAEBE70A0000230100D2
:10F6D0003868FFF75BFC3968020000983B7981428B
:10F6E0000ED17968090A5218042C0BD07F2B00D850
:10F6F000DCE67F20F96818402300F1F71FFFAAE736
:10F70000042CF6D17F20F9681840F1F707FD0400BA
:10F71000C7E7C046286E0410587F0410231B04104E
:10F72000A1F40010431B041030820410581B041075
:10F73000731B04108C740410F0B505000E0087B024
:10F74000012808D08B0726D10B68264A934202D0A5
:10F75000254A93421FD10122300003A9FFF784FDFF
:10F76000002818D0002229004020F1F753FC0100A6
:10F770000700049829F090FD060001002800FFF71B
:10F78000E3FD320004007A43C06803992EF062FA68
:10F79000200007B0F0BD3000FFF746FC071E00D088
:10F7A000471039002800FFF7CFFD0021040030008A
:10F7B0000AF060FE0026009000980AF0D9FE031EB1
:10F7C000E6D0002F04D119002000FFF7F2FDF3E787
:10F7D000721C019228003200E168F1F7AFFE019E31
:10F7E000EAE7C04630820410686E041070B50C0061
:10F7F0001100200006221D00F0F792FD211E0BD003
:10F800002868C30705D483070AD103680D4A9342C9
:10F810000FD1FFF7DBFA01000120FFF795FD70BD66
:10F8200007230340022B07D001000120FFF784FFCC
:10F83000F5E7054A9342F7D1012CF5D103480BF0C7
:10F8400063FBC0464078041038830410881B041002
:10F8500070B50D001C0011002800084AF0F760FD8B
:10F86000206805F0E5FC0078012D03D10021FFF7A9
:10F870006BFD70BD6168FFF75FFFFAE704000200EF
:10F88000F0B50F0085B001A9040001223800FFF790
:10F89000EBFC011E0FD138000AF0ECFD050028003A
:10F8A0000AF066FE011E02D1062005B0F0BD200060
:10F8B000FFF77FFDF3E7002221794020F1F7AAFB53
:10F8C00001000500029829F0E7FC636806001A0AA7
:10F8D00082421DD2A16841186943E068FAF783FEAD
:10F8E0006368E060DBB26360BC4204D105222000A3
:10F8F00001A9FFF7B9FC2A00A368E0686B437243D3
:10F90000C01801992EF0A6F9A3689B19A360CBE754
:10F91000121A1202DBB213436360ECE7F0B5050084
:10F920000C0016008DB01B2827D006D8042800D85C
:10F930006DE00E2852D000244DE02428FBD1012296
:10F94000300003A9FFF790FC002850D0A3075CD13A
:10F95000484B22689A4258D1012209A92000FFF79A
:10F96000CBFC0123039A00930A99049B099804F0A5
:10F970003DFF1E2400282ED147E03F4B0A689A42E3
:10F98000D9D00122200006A9FFF7B6FC05223000DD
:10F9900009A9FFF769FC089F0022FFB23900402047
:10F9A000F1F738FB010006000A9829F075FCA16800
:10F9B000050041183800FFF7C7FC079F04003A0014
:10F9C0000699C0682EF046F92A00E068724309994A
:10F9D000C0192EF03FF920000DB0F0BD264B0A688B
:10F9E0009A42A8D031002000FFF74AFFF3E7F3075F
:10F9F00002D500200BF0AAFAB30706D133681F4ADC
:10FA00009342F6D01E4A9342F3D00E24E3E701223C
:10FA100006A92000FFF770FC0122300009A9FFF7BA
:10FA200023FC0028F1D0089A012A1ED000215A2A6E
:10FA300001DC010020320B9B012B18D05A2B01DC7A
:10FA4000010020339342D4D102229343642BD0D0BF
:10FA5000954201D00029CCD00A9B28000093079A38
:10FA6000099B06990BF0FEFC83E74222E1E7422363
:10FA7000E6E7C046686E0410286E04104078041053
:10FA8000E875041070B5060010200D001400FAF798
:10FA900087FD044B0671036043688560DBB24360F9
:10FAA000C46070BD286E04107FB51D0008001100F1
:10FAB0001C4AF0F735FC052201A92868FFF7D4FBA2
:10FAC000039C0022E4B221004020029EF1F7A2FA3A
:10FAD0000100300029F0E0FB019A01002000FFF74F
:10FAE000D1FF04002868FFF79DF80F4B834209D12E
:10FAF000296863684A68DBB2120A12021343636022
:10FB0000CB68E3600322286801A9FFF7ADFB00285A
:10FB100004D0802322795B4213432371200004B078
:10FB200070BDC04602000200286E041070B50500CA
:10FB30000E0001000120FFF707FC04002A0031003D
:10FB4000C0682EF087F8200070BD000070B5050079
:10FB50000C0010200349FFF758F80123856043602B
:10FB6000C46070BD686E0410136870B5002B0DD1B1
:10FB70004568AC1CA40024589D4207D09E00A6599D
:10FB8000B14204D102339B001B58136070BD013396
:10FB9000F2E70000F7B501911149040016000025B5
:10FBA000FCF7C6FB7368AB4204D820000D49FCF794
:10FBB000BFFBF7BD002D03D020000B49FCF7B8FBBD
:10FBC000019BAF00DA5909492000FCF73FFF3300E1
:10FBD000083301222000D959FFF738F80135E1E751
:10FBE000B41D0410B71A0410201B04109C1B041031
:10FBF0004B6810B502339B000A005958FFF7CAFF43
:10FC000010BD0E394B1E99414B00012110B519430F
:10FC10000AF0B2FF10BD020010B50020052A08D07E
:10FC20000E394B1E99414B000121100019430AF077
:10FC3000A7F910BD10B5032A07D10E2903D0064934
:10FC4000FCF776FB10BD0549FAE70E2901D00449FF
:10FC5000F6E70449F4E7C046131A0410181A041012
:10FC6000461804103B18041070B50C001100200059
:10FC700002221D00F0F754FB002C05D02868FFF786
:10FC8000F1F91E23002800D10E23180070BD0023B7
:10FC900010B5022809D18C6890680E33844204D1D3
:10FCA00049685268914200D11033180010BD03001A
:10FCB0000020062B05D18B684A68013053405B0059
:10FCC00018437047136810B5002B02D140680AF042
:10FCD00095F810BDF0B585B000AFBB605B009B1818
:10FCE0005D1C78603960FA60AD00042B1FD86A464D
:10FCF000EB1DDB08DB00D31A9D4600266C46200076
:10FD00003B68B96A08C02A1F2DF0A4FFF9682300D8
:10FD1000BA68786801310AF0BFF90400002E02D0F9
:10FD20003000FAF771FC2000BD4605B0F0BD280098
:10FD3000FAF743FC041EDAD00600E0E707B50093AB
:10FD400013000A0081684068FFF7C4FF0EBD000081
:10FD500070B505000C000C200249FEF756FF456007
:10FD6000846070BDEC6E041010B5034904000820D7
:10FD7000FEF74BFF446010BD246F0410F0B5170070
:10FD8000826889B0019356187B000400F0185B1854
:10FD90009B000D000093052816D8210095002A002D
:10FDA0000C3103A82DF056FF03AB009A01995819A6
:10FDB0002DF050FF60683A00310003AB0AF06CF997
:10FDC0000400200009B0F0BD8000FAF7E9FB210033
:10FDD0000600A2680C3192002DF03CFFA068009A4A
:10FDE0008000019930182DF035FFA16833003A00EA
:10FDF000606869180AF050F904003000FAF704FC52
:10FE0000DFE710B5406809F0F9FF10BDF7B5CD1C6C
:10FE1000AD0007000E00280007490192FEF7F5FE2D
:10FE20002A0004004760866001990C3A0C302DF0DE
:10FE300011FF2000FEBDC046386F04107FB50D00D5
:10FE40000400002168682DF08FFD061E20D11249A4
:10FE50002000FCF76DFA63230293643B0193009644
:10FE60003300672220006968FCF70CFC02230B4E6C
:10FE700063220292643A019200220092A9686732DA
:10FE80002000FCF7FFFB31002000FCF751FA7FBD9A
:10FE90000023034EECE7C046B41D0410A01B041061
:10FEA000A31B0410136810B51400002B06D1064BD9
:10FEB000994204D1406801F03DFA206010BD034B27
:10FEC0009942FBD18068F6E75D030000B1020000B3
:10FED00070B5051C0C1C0C200249FEF796FE45600F
:10FEE000846070BD546F041070B50C0007283ED8B4
:10FEF00031F02AF912203D3D043D142A00216068AA
:10FF00002DF032FD002834D0A06800212DF02CFD0A
:10FF10001E24002800D0103C200070BD88682DF001
:10FF200079FD050060682DF075FD012445406D00E8
:10FF30002C43F1E78023896860681B06C918C01844
:10FF4000FFF7C6FF0400E7E748688D68011C2DF045
:10FF5000C8FC291C041C281C2DF0C3FC011C201CFF
:10FF60002DF046FC2DF0EEFB01F0E4F9EAE7002469
:10FF7000D2E71E24D0E700007FB50C00110020005E
:10FF800004221D00F0F7CCF9002C1DD02868012CAC
:10FF90001FD0830740D1254B02689A423CD1446868
:10FFA00086686D68AB073CD1204B2A689A4238D1ED
:10FFB000A968201C2DF053FC6968041C301C2DF02E
:10FFC00017FC011C201C01E00021081CFFF780FF2A
:10FFD00014E0072203000240022A05D0820714D150
:10FFE000026813498A420DD103A905F093F9002351
:10FFF000009301331A00039908F0F8FD030018007C
:020000041001E9
:1000000004B070BD09498A42F9D002A903AAFEF7DB
:1000100073FF03990298D9E7FEF72EFF0026041C10
:10002000BFE72800FEF728FF311CC8E7546F041013
:100030003883041043680B608368136070470000C6
:10004000F0B585B005000E1C141C180003AA02A907
:10005000FEF728FF00283ED0A81E202800D91BE16B
:1000600031F002F809011A011A011A011A011A01E4
:100070001A011A011A011A011A011A0121002B0092
:1000800085001A013B003E001A01A1001A011A0165
:100090001A011A011A0121002B0085001A013B00E8
:1000A0003E001A01A1000299301C2DF0A1FB03991A
:1000B000051C201C2DF09CFB08E00299301C2DF043
:1000C000CEFB0399051C201C2DF0C9FB041C211C30
:1000D000281CFFF7FDFE05B0F0BD70480AF014FFC4
:1000E000039B0021181C01932DF03EFC029F002170
:1000F000002810D0381C2DF037FC6949002800D0AA
:1001000080E0391C301C2DF0BFFB391C051C201C65
:100110002DF0BAFBDAE7381C2DF026FC002809D0B8
:100120000199201C2DF0B0FB80231B06051C0199B2
:10013000F018EDE7391C381C2DF0D3FB0199051C94
:10014000081C2DF0CEFB011C281C2DF051FB011CBE
:10015000051C381C2DF098FB802212069446019B4A
:10016000029063441800291C2DF08EFB0390029F1F
:10017000039B311C381C01932DF0B3FB211C051C83
:1001800001982DF0AEFB011C281C2DF068FB211CF2
:10019000051C381C2DF0A5FB311C041C01982DF00A
:1001A000A0FB211C86E7311C301C2DF09AFB211C82
:1001B000051C201C2DF095FB011C281C2DF018FBA4
:1001C0002DF0C0FA0021039F051C2DF0CDFB002867
:1001D0001BD00021381C2DF0C7FB002811D0029D38
:1001E0000021281C2DF0D6FB00280AD0281C002155
:1001F0002DF0BAFB0025002800D168E7FE25AD05EB
:1002000065E72849284809F05DFE281C2CF0E2FA31
:10021000311C051C201C2AF053F8391C0190281CA5
:100220002DF05FFB029E0199041C301C2DF059FB40
:10023000011C201C2DF0DCFA291C041C301C2DF0A4
:1002400050FB391C051C01982DF04BFB011C281C90
:100250002DF005FB2CF092F8061C201C2CF09EFCC7
:10026000311C2DF03EFB051C201C2DF0E7F9311C44
:100270002DF037FB2AE70298311C2DF075FB002882
:1002800008D00398211C2DF06FFB03001E20002BCB
:1002900000D020E70E201EE700201CE7A51B04105D
:1002A000BA1B0410C71B04106874041010B51300A7
:1002B0008A684968FFF7C4FE10BD816810B5C2683E
:1002C000CC6803000020A24209D008694968940064
:1002D00001322058DA608A4201D10022DA6010BD72
:1002E0000300080003499A68016003498360416084
:1002F000C2607047E07B0410BB020110C26870B599
:100300004468531C9C4200D1002346698568F60767
:1003100005D5AB4203D10949094809F0D3FD066967
:1003200092009151C360AB4203D101339C4202D091
:100330008360062070BD0023FAE7C0469F190410B1
:1003400090730410836870B5002B0AD04469C268AA
:10035000013BE40707D5934205D10949094809F053
:10036000B1FD4368F2E704699D008360295193421F
:1003700004D1002B00D14368013BC360062070BD4F
:100380009F1904109073041030B585B00500080063
:1003900069460AF06FF8040020000AF0E9F8011E2F
:1003A00002D1062005B030BD2800FFF7A7FFF3E714
:1003B00070B504000E00151E16D0E368A168006831
:1003C000591A01D56368C91800233200FEF7DEFD13
:1003D000A368C0186368834200D8C01A23698000EC
:1003E0001B18042D02D11D68280070BD1D60062554
:1003F000FAE70000F8B50F001E0011000400134AD0
:100400003800EFF78DFF7068FEF7E0FC051E02DA9A
:1004100000200AF0A9FB21001820FEF7F6FB0023BC
:10042000013504004560C3608360A800FAF7D7F87F
:100430002061022F03D9B068FEF7C8FC6061316803
:100440002000FFF7A1FF2000F8BDC0460600040011
:10045000C268836810B5934203D10849084809F07F
:1004600031FD531E002A01D14368013B0269C3607C
:100470009B00D318002218681A6010BDD41B04100A
:1004800090730410042803D0052808D0002070477A
:100490008A68CB680E209A42F9D01030F7E7C86816
:1004A0008B68C01A01D54B68C0184300012018435F
:1004B000EDE700008268C168030010B58A4203D1ED
:1004C0000849094809F0FEFC002419699000091840
:1004D00008680C60596801328A4200D122009A6093
:1004E00010BDC046D41B041090730410042803D020
:1004F000052807D0002070474B680E20072BFAD93B
:100500001030F8E701204B68DB085B001843F2E786
:100510000300054A08000A601A7A0A715B688B605A
:100520000023CB607047C046A870041010B50628A1
:1005300006D10B7A022B03D149000538084310BDC0
:100540004968FFF7D3FFFAE7044B88600B6001238B
:100550000B7100230800CB607047C046A8700410E0
:1005600010B5044904000C20FEF74FFB0223446041
:10057000037210BDC0700410037910B59B0702D53B
:1005800000200AF0C1FC10BDF8B506000D00141ED5
:100590000F6802D03800FFF7EFFF22006968381DAE
:1005A000FAF770F8031E02D0406800280DD1022E21
:1005B00006D10620022C04D1064869680AF0CEFC58
:1005C000A868012C00D15860F8BD022CFCD1002293
:1005D0005A60F9E76C73041010B50122FFF7D4FFDD
:1005E00010BD10B50222FFF7CFFF10BD10B50022DD
:1005F000FFF7CAFF10BD10B50400FFF7BDFF201DB7
:10060000FAF72CF8062010BD30B5040085680B6899
:10061000AB4201D3002009E0E268D800101802685C
:100620000133002AF4D0042AF2D00B6030BD13B598
:10063000010004000C318068FFF7E6FF00280CD0B1
:100640002279012A0AD04368022A09D00268694641
:1006500002200092019306F015F916BD0068FCE730
:100660001800FAE77FB504000A7A154B92000D00D6
:10067000D158FBF75DFE20001249FBF759FE6A4690
:10068000114B012600932B7A13716B6802930023A0
:1006900003936846FFF7CBFF051E04D120000B49EA
:1006A000FBF746FE7FBD002E03D120000849FBF773
:1006B0003FFE012229002000FEF7C8FA0026E8E7E5
:1006C0009C700410D71B0410A8700410DA1B0410CF
:1006D000201B04101FB50400FFF74EFF6368072BB3
:1006E00003D81049104809F0EDFB0022019222794D
:1006F000520702D5DB08013B019301A92000FFF757
:1007000083FF63680422083B6360036802A90293C5
:100710004368039300230CC0022006F0B3F804B032
:1007200010BDC046DD1B04106C730410F0B587B01B
:10073000040015000091032A2ED183680193C36839
:100740000293009B324A1B680392934206D0032D0A
:1007500004D02000DA882F49FCF778F920002E49D0
:10076000FBF7E6FD002301270593009805A9FFF795
:100770004BFF061E16D120002849FBF7D9FD009B30
:10078000039A1B68934205D0032D03D0200024490F
:10079000FBF7CEFD07B0F0BD224B01250293224BA3
:1007A0000193CEE7002F03D120000199FBF7C0FD94
:1007B0000027032D16D1072233681A40022A11D0D0
:1007C0002B420AD11A68137BBB4206D003339B002D
:1007D000D2185268154B9A4204D020001449FBF7F6
:1007E000A7FD01272A0020003168FEF72FFA002F0D
:1007F00003D020000E49FBF79BFD02992000FBF778
:1008000097FD2A0020007168FEF720FA0027ACE768
:1008100040710410F61B0410FA1B0410B6150410E6
:10082000B71A041097470410201B041059530110E5
:10083000424A041010B5044904000C20FEF7E5F903
:1008400000234460037210BDC070041010B5044949
:1008500004000C20FEF7D9F901234460037210BD97
:10086000C070041003220300134010420ED101682F
:100870000A7A002A07D00332920089184B68044A8A
:100880009B1A5A4253410120184070470023FAE74F
:10089000B9090110F0B5140007000E6885B03000EA
:1008A0000D00FFF769FE216838002F4AC908EFF7ED
:1008B00037FD022F10D16F683800FFF7D3FF011EFC
:1008C00019D02B689F4207D000230393686803A9BF
:1008D000FFF79AFE071E06D100256368AB4232D8A7
:1008E000062005B0F0BD01223968301DF9F7CAFEB7
:1008F0007B684360EAE7380009F0BCFD019001988D
:1009000009F036FE0028E7D0002109F0B3FD05000C
:1009100009F02EFE0090280009F02AFE07002800AA
:1009200009F026FE009B002B02D110480AF01CF9AA
:10093000002FFAD00028F8D101220099301DF9F7D4
:10094000A1FE4760DBE7A768EB00FF1839680029C4
:1009500007D0042905D00122301DF9F793FE7B68EA
:1009600043600135B9E7C04605000200FC1B0410D6
:1009700010B5002204300C00F9F784FE002803D1E2
:10098000210002480AF0EAFA406810BD6C730410B6
:1009900010B5024B08C0F9F73BFE10BD40710410C2
:1009A00070B505001020F9F7FBFD04002900FFF7E2
:1009B000EFFF200070BD0000F0B5070089B00020F7
:1009C0001E000D000192FFF7EBFF0E4B04000760C5
:1009D0009F4203D10423027913430371019B2B43EC
:1009E0000DD03368AA000199B21805A803940493A6
:1009F000F9F71CFE681C05AA03A9FFF74BFF2000AE
:100A000009B0F0BD70710410F8B50C0007000021AA
:100A1000606809F02FFD06260500022F00D9A668A0
:100A20006068FEF701FB002809D1FFF7B9FF040059
:100A3000280009F09DFD011E03D12000F8BD4010E3
:100A4000F3E70122201DF9F71DFE4660F0E770B5BF
:100A500004008068FFF7A4FF2368050003600423F7
:100A600022791340D207D20F13436268D208D20012
:100A700013434360A268E168D200C0682DF0EAF831
:100A8000280070BDF0B50C00150085B0162866D0A2
:100A900005D802280FD0092865D0002439E0242881
:100AA000FBD1081D00222900F9F7ECFD1E240028C7
:100AB0002FD10E242DE003222B00134011422BD105
:100AC0002D4A0968914227D1002BF2D12A688A4227
:100AD00024D10193029301A92000FFF795FD02A9FB
:100AE00007002800FFF790FD0600002F0ED0002819
:100AF000DFD031683868FEF765FB0028D9D071680F
:100B00007868FEF75FFB0028E5D1D2E71E240028B5
:100B1000CFD1200005B0F0BD002BCAD1174B2A68F9
:100B20009A42C6D163686A685340072BC1D8002334
:100B30000293200002A9FFF767FD061E01D11E24C3
:100B4000E7E700223168281DF9F79CFD0028B0D0A6
:100B500041687068FEF736FB0028EAD1A9E7080073
:100B6000FFF775FF0400064A02A9022002940395CC
:100B7000FFF790FECDE7C04670710410407104107D
:100B8000A871041010B50C7A0023012C05D124287B
:100B900003D14968FFF776FF0300180010BD4068D5
:100BA000C008704770B504000E001500FFF7E4FCA4
:100BB00031000122201DF9F765FD4560200070BD60
:100BC000022213B504000090019110006946FFF75E
:100BD000DBFC200016BD000010B50C00002A03D17C
:100BE000FFF7EEFF06200CE0042A0BD100220430B0
:100BF000F9F748FD002803D1210004480AF0AEF9B6
:100C0000406810BDFFF7CEFFECE7C0466C730410E0
:100C100013B50400406809F0ABFC00280BD0A368B2
:100C200001905A1CA26001225B0013436946022016
:100C3000009305F027FE16BD30B5040085B008000E
:100C400011001A000A4B02AD009301950223EFF741
:100C5000F1FB21000C20FDF7D8FF002104000298D1
:100C600009F008FC60602000039BA36005B030BD64
:100C7000B4710410C36870B55A680600012A1AD10D
:100C80009C68A30717D1174B22689A4213D1E368D7
:100C90001B78FF2B21D14A20F9F78FFC051E0BD1C1
:100CA0008822114B9200DD6B9B583435343B492B25
:100CB00002D80E4BF36070BD2800E16808F0C4FC58
:100CC0002800E56030F0FAF80023A0606360A168B6
:100CD000E06808F0DFFA6060EDE76368002BEAD1B6
:100CE000F5E7C04638830410702000206C830410A0
:100CF000F8B57F2753B205000C0016001740002BF3
:100D00000ADB7B1E012B0DD80B68D88808F017FC76
:100D100001002800FBF70CFB022F03D12800234918
:100D2000FBF706FB2000FFF7A5FF37007D231F40E0
:100D30001E4234D1E368002B02D05968002904D147
:100D400028001B49FBF7F4FAF8BD1A4A20689042C4
:100D50001ED102291CD89868C30719D5FBF7D4FA0D
:100D6000031E15D0E2682800926813495210FBF761
:100D70006DFEE3685B68012BE6D90C492800FBF7A0
:100D8000D7FA3A00E368D9682800FDF75FFFDBE790
:100D9000E3685A68012A02D100229968F4E7320018
:100DA0002800E16805F0F0FCCEE7C0469747041044
:100DB00093480410007304102A1C0410F7B50F00A8
:100DC000040011003800174A0193EFF7A9FA102028
:100DD000F9F7F3FB051E00D1134D00232C60AB6027
:100DE0009F4203D1114C2800EC60FEBDBE1CB60032
:100DF0003000F9F7E2FB041E09D188230C4A9B005E
:100E0000D158330018339942ECDBD46B18343200DC
:100E10002000084B019923606760083A08302CF0E5
:100E200019FFE0E7FEFF01009C2000206C83041006
:100E300070200020A8830410F8B51500826843686C
:100E40000E0051190400994211D3017800291CD0D9
:100E50002F001037FF1801223900C068F9F7D0FBC6
:100E600000280FD16568A368013D2070ED1AA368C2
:100E7000E0682A003100C0182CF0ECFEA3685B1972
:100E8000A360F8BD6760E060F1E7013B9D1AEEE703
:100E900088210022024B89005A50DA637047C0460D
:100EA00070200020F8B5FDF791FF00250400A8424E
:100EB00002DDF9F775FB0500084EF76B1EF0E0FC4C
:100EC00088239B00F450F5631EF0ECFC002F02D049
:100ED0003800F9F799FB0620F8BDC04670200020C5
:100EE00070B50500FDF79EFE037A0020834210D006
:100EF0002800FDF797FE04002800FDF793FE037A13
:100F000003339B00E4186068024BC01A4342584107
:100F1000C0B270BDBD0D011010B50400FFF7E0FFB9
:100F2000002800D12469200010BD10B5FFF7F4FFA0
:100F3000C36804005B680620002B04D02000FFF784
:100F400099FEE368986810BD136870B50500140039
:100F5000002B0AD0DC23FF33994205D15368062BBE
:100F600002D10023C380236070BD3D2903D1FFF768
:100F700081FEEB68F7E7A22902D0044B9942F3D136
:100F80002800FFF7D2FF2060EEE7C04673020000A2
:100F9000002310B51A001900FFF710FF10BD000064
:100FA00073B5050010200E00F9F707FB041E07D1EA
:100FB00088220D4B92009A58332A0EDDDC6B2434C4
:100FC0000A4B300023602FF079FF00220121A0603E
:100FD000E6606260019401AB02E0030002000100E0
:100FE0002800FFF7EBFE76BD702000203883041048
:100FF000F0B59DB0009010200E000192F9F7DDFAD7
:10100000040030002FF05AFF471C05003800F9F7A4
:10101000D4FA002C02D0002290420CD18823224A1C
:101020009B00D358432B27DDD06B343B04001F00BB
:10103000012224343430012305AD53402B700023AA
:10104000AB601A4B0395049333786F60E860FF2B15
:1010500004D1310009A808F0F7FA09AE3100019A6D
:1010600003A8FBF771FB0021EA68AB68D154AB68B9
:10107000A360EB68E3600DE0002C07D123002200A1
:1010800021000098FFF79AFE1DB0F0BD002809D19D
:10109000A560E6600022064B62602360012109948E
:1010A00009ABEEE70022C6E770200020390E0110E0
:1010B000388304100EB403B503AA02CA0192FFF7E5
:1010C00097FF02B008BC03B018470000020010B53B
:1010D00083070ED1094B016899420AD1037A002B8C
:1010E00007D003339B00C31805495B6801208B427E
:1010F00003D01000034906F0FFFB10BD3C84041030
:10110000BD0D0110AC75041010B50400FFF7E8FE2A
:1011100000280CD12000FDF785FDFFF7D7FF002840
:1011200005D0034B2069C01A431E9841C0B210BDC0
:10113000A084041070B504000D00FFF7E5FF00283F
:1011400003D02000FDF76EFD04002900200006F00A
:10115000D3FB70BDF8B50F0016001D00FFF7DCFED5
:101160000400806800281CD10C30F9F726FA03230C
:10117000A060002808D18822144B92009A58172AA0
:101180000EDDDB6BA3600623A3800023E380E288EF
:10119000A36891005B180332E2801F605E609D606F
:1011A000F8BDE388A18802338B42F0DB074BDB6B91
:1011B0009842F5D0033101228900F9F721FA00287D
:1011C000EED0A388A0600333A380E0E77020002066
:1011D00070B514000D00FFF79FFE83681A1E00D043
:1011E000C2882A60236070BD37B50400A06809F08A
:1011F000BFF9019000280DD06568062D05D00022AA
:101200000121280001AB08F047FFFDF72BFF002864
:10121000ECD001983EBD000070B504001D00080030
:101220001100084AEFF77CF821000C20FDF7EDFCD7
:101230002B68040043606868002109F01BF9A06076
:10124000200070BD040004001FB563220292643ABE
:10125000019200228023009249685B006732FBF70D
:1012600011FA05B000BDF0B503680E6885B00290B4
:101270000F00181C311C019329F000FF011C041CF5
:1012800001982CF0ECFA311C2CF0FEFA0021051C20
:10129000201C2CF069FB002818D00024002E01DA55
:1012A000802424060021281C2CF05EFB00282BD073
:1012B000311C01982CF0E8FA0026002801DA80267B
:1012C0003606029B1E603C6005B0F0BD0021201C6C
:1012D0002CF052FB431E98416B460021D873301C02
:1012E0002CF04AFB431E98416B46DB7B8342D9D0EE
:1012F000311C201C2CF07CFAFE21041C8905281CC2
:101300002CF0ADFA051CCDE7281C2BF0D9FB011CF5
:10131000061C281C2CF0A3FAFC2189052CF042FBAA
:101320000028CED0FE21301C89052CF061FA061C65
:10133000C7E7000010B5041C0820F9F731F9024B8B
:101340004460036010BDC046E875041030B50D0060
:1013500087B01100280002221C00EEF7E1FF0020F8
:10136000002D18D00122206803A9FDF77DFF002879
:1013700008D00022049913000398009207F036FC6D
:1013800007B030BD2068830703D1044B02689A423E
:10139000F6D0FDF771FDFFF7CDFFF1E7E87504101A
:1013A00010B54B6807281FD82FF0CEFE13171E1E4E
:1013B000041E0D150021181C2CF0D6FA1E21002841
:1013C00007D00E2105E0181C2CF024FB0121400061
:1013D0000143080010BD002BFBDA8022120698188A
:1013E000FFF7A8FF0100F4E70021F2E7406870472B
:1013F000F0B587B004000191100003A91500FDF7B6
:1014000003FD002800D1E7E0232C00D9E4E0200010
:101410002FF09AFEC3CCD1D6DBE2E2E2E2E2E2E2D6
:10142000E2E2121720E22534406CE2E2E2E2E2124C
:101430001720E22534406CAB039901982CF0D8F9C1
:1014400003E0039901982CF00AFA01900198FFF744
:1014500071FF81E0039901982CF043FAF5E7002130
:1014600003982CF081FA002803D05C495C4808F00E
:1014700029FD03A901A8FFF7F6FEE7E7039C002179
:10148000201C2CF071FA0028EFD10198211C2CF0BF
:10149000FBF9DAE7039E0021301C2CF065FA0028E6
:1014A000E3D1311C019829F0E9FD0021051C2CF045
:1014B0005BFA002806D00023002E01DA80231B06E9
:1014C0000193C3E70021281C2CF056FA431E9841D3
:1014D00000210400301C2CF04FFA431E9841E4B266
:1014E000844200D176E0291C301CA7E7019E002130
:1014F000301C039C2CF038FA002813D00021201C4B
:101500002CF03AFA00280DD067007F083549381CC6
:101510002CF04DFA0028A8D13249381C2CF032FAB0
:101520000028A2D10021301C2CF026FA002817D068
:10153000201C2BF0C5FA211C2CF016FA00280FD124
:10154000211C201C2CF033FA002809D12B0000228A
:10155000311C2230FEF774FD0300180007B0F0BD07
:10156000211C301C2AF0BAFB6FE7002103982CF0F5
:10157000FBF9002800D078E703A901A8FFF773FE64
:101580000198FFF7D7FE04900398FFF7D3FE04A954
:101590000590022005F076F9DEE7039901982CF01A
:1015A000EBF91E230028D8D1103BD6E70399019808
:1015B0002CF0F8F9F5E7039901982CF0D5F9F0E74C
:1015C000039901982CF0DEF9EBE7039901982CF0D0
:1015D000E1F9E6E7019539E70023BEE72719041092
:1015E00068740410FFFF7F7F10B54968930708D126
:1015F000054B14689C4204D113000022FEF720FD25
:1016000010BDFFF7F5FEFBE7546F041010B50400A2
:10161000080011000022EEF783FE6368984710BDB2
:1016200070B505001C0008001100034AEEF778FEB3
:101630006B682068984770BD0200020070B5050015
:101640001C0008001100034AEEF76AFE03CC6B6829
:10165000984770BD0400040070B505001C00080028
:101660001100034AEEF75CFE07CC6B68984770BD2B
:1016700006000600F7B504001F00160001250191C1
:10168000F3F7E4FBE368320004331D4320003B0022
:101690000199A847FEBDF7B504001F0016000125FB
:1016A0000191F3F7D3FBE36832001D4320003B00B8
:1016B0000199A847FEBD00001FB5020004000123E8
:1016C00040101A401C4210D11000062C0DD00E2CD8
:1016D0000BD018001E2C08D0A30708D123681B4A82
:1016E00093420DD1200000F0C0FE04B010BD0723CE
:1016F0002340022B07D1200001A903F00BFEF4E7E1
:10170000134A9342F7D02000FDF78CFA114B984210
:1017100005D12000FFF76AFE2CF07CF9E5E70E4BBF
:10172000984202D00D4B984206D16946200001AA8A
:10173000FDF7F6FB0198D8E70122200001A9FDF78B
:1017400093FD03002000002BCFD0F3E74078041076
:1017500038830410E8750410A88304105879041025
:10176000F0B50C001700050042683900200085B074
:101770001E00EEF7D5FD6B68DB070CD5A200390023
:10178000B21801A8F8F752FF31002000AB6801AA97
:10179000984705B0F0BD31002000AB689847F8E7E6
:1017A000F7B50F00060001251C00436811005A041C
:1017B0005B001A433800EEF7B3FDB3681D43032FF7
:1017C00029D838002FF0C0FC02070C17A847F16891
:1017D000FDF790F8FEBD2068FFF76EFFA847F6E71B
:1017E0002068FFF769FF07006068FFF765FF0100E9
:1017F0003800A847EBE72068FFF75EFF0700606846
:10180000FFF75AFF0090A068FFF756FF009902000B
:101810003800A847DBE72068FFF74EFF0700606845
:10182000FFF74AFF0090A068FFF746FF0190E068CD
:10183000FFF742FF019A030000993800A847C6E766
:10184000F0B587B000AF7861F960BA607B60F3F7FC
:10185000FDFA30200021844602247B69DB685A1C93
:101860001B783A615E065A07360FD20F5BB2002B27
:1018700043DB032555430136AD19AD002B0014336E
:101880003B612C2D46D86A463B6900250733DB08AF
:10189000DB00D31A9D466C46A681D0267B692000CA
:1018A000BA68F968236036067B68EFF799FB3368FE
:1018B0001E4A9B009B583A611A69002122617A698D
:1018C0002000526852681A610AF03EFA33683A6999
:1018D0009B009B58226978611A61002820D1A36877
:1018E0001E68002D05D02000F8F78EFE7B69002BC6
:1018F00019D13000BD4607B0F0BD60463B694D00D0
:101900005B5C1840A8400643180020408840013125
:101910000243ABE73869F8F750FE041EBCD1B2E7CA
:101920006669002DDFD13000FDF746F9B41B0020B9
:101930000268114910B5C36804008A4202D00F49F9
:101940008A4205D11A68A368002A01D09200D358B0
:101950001A7801331800013351B25A1E1278002947
:10196000F8DB037801307F2BFBD8EFF771F9636860
:1019700040009B68C05A10BD647604109077041034
:10198000136810B51400002B07D1172906D1FFF7F3
:10199000CFFFC30002201843206010BDEA235B0084
:1019A0009942FAD143685B681360F6E770B50500A9
:1019B00008000C00FFF7BCFF2300020002492800CA
:1019C000FBF744F870BDC046381C0410F0B585B074
:1019D00004000700051E01910292039308D00768D6
:1019E0003D1E00D07D686468681C002C00D1280072
:1019F00004300D498000FDF708F9019B0600C36023
:101A0000029B4360039B8360002F05D03900AA002E
:101A1000083110302CF01EF9002C02D00435AD0036
:101A2000AC51300005B0F0BD84760410F0B585B03F
:101A30000191040000210393C36802921A785D1C8F
:101A4000560753061B0FF60F52B2002A16DB03206F
:101A500070435F1CC01907300F498000FDF7D5F8AF
:101A600006230600846087824360029A039B0199E3
:101A70000830EFF7B5FA300005B0F0BD30206A5CF1
:101A80004F001040B8400227034310003840884000
:101A900001310643D8E7C0461C770410F7B501931F
:101AA000C36800921A6806000F008368002A01D0FC
:101AB0009200D3580022581C1B785D062D0F5BB294
:101AC000002B1CDB2800083011498000FDF79DF831
:101AD000062301350400866085823900009A436040
:101AE000019B0830EFF786FA01235B42E382F3683B
:101AF00020005A689B1801221343E360FEBD835CFB
:101B00003024190021405400A14001320D43D6E792
:101B10001C7704100300406810B5002802D1024869
:101B200009F022F8596010BD4E1C041070B5050074
:101B300088680C00FFF7FCFE230002000249280021
:101B4000FAF784FF70BDC046621C0410F8B50400AB
:101B50001E000F001500F3F779F9E368002B04D19C
:101B600006221D0032602800F8BD6168002902D1FC
:101B70002B4808F0F9FF062900D12900200023692D
:101B80001830E28A834204D1062F03D0254809F099
:101B9000BBF91F6000236360D0231B061B68224F24
:101BA0009B00D8590369A361A3685D686D680561EE
:101BB00020001E4D0830AA4218D1DA6801230832ED
:101BC00013439847C5B2D0231B061B68A2699B002C
:101BD000FB581A6106236360012D0BD00023E360DC
:101BE000022D0DD023691B683360BCE70AF0ACF806
:101BF0000500E8E722691268326022691360B2E7E3
:101C0000E0693060FDF70EF8094905F075FE00281F
:101C1000A9D008490848FFF7C3F93060A3E7C046D8
:101C20004E1C0410801C0410B41B0020FFFF000099
:101C3000D4740410A01C0410DC72041013B51C0032
:101C400001ABFFF783FF012814D0022814D0019BB9
:101C5000062B01D1002301930198002C01D009F03B
:101C600087F9D02212061268054B9200D3581862E9
:101C7000200016BD0198FCE70198FCF79DFFC046C7
:101C8000B41B002010B54A680C00022803D98B68E9
:101C9000062B00D01A00012306212068FFF7CEFF93
:101CA00010BD10B501230022FFF7C8FF10BD0023AF
:101CB00010B51A000621FFF7C1FF10BD13B50D4A7C
:101CC000062101ABFFF742FF012803D0022805D00F
:101CD000062016BD0849094808F0F4F8019C2000C8
:101CE000FCF7A0FF064905F007FE0028F0D1200010
:101CF000FCF762FFC8770410B71C0410DC720410F4
:101D00004075041030B58DB005006846FCF742FF01
:101D1000011E10D12A1D012008F024FA0122EB68CF
:101D200004005B1001335B001343EB60FCF7F2FE31
:101D300020000DB030BD0198054B02689A4205D0D5
:101D4000044B00249A42F3D0FCF736FF0024EFE75F
:101D5000D4740410907304100300054A08000A604C
:101D60001A684A605B688B600123CB607047C0468D
:101D7000D8770410F0B5012506000C002F0087B0BD
:101D8000A8420FD94868FDF721F8051E02DA0020A5
:101D900008F0EAFE0127022E04D0284BA768FF189E
:101DA0007B1E9F41012302A83B40290001930BF0B9
:101DB000BCF9049B20680093012318420AD12A0031
:101DC000009B019900F03CFA00281ED11C491D48D7
:101DD00008F078F8461001281CDD300027F022FAC0
:101DE00027240021241AE408AC42EFDC2A000098E2
:101DF0002BF02AFF0022974200D02A1B009B2000D4
:101E00009A1801993300EFF78FFA02A802F090FEBA
:101E100007B0F0BD731C07DAF04327F003FA28245B
:101E2000241AFF21E408DFE77342AB42CEDC002432
:101E30002100731CDAD10134FF31D7E796FCFFFF94
:101E4000A41904108C740410F0B50C0085B00522A0
:101E5000050001A96068FDF707FA019A022D14D95F
:101E6000029B1249A068013B88420ED1012700263F
:101E7000D3187F4280240299E4030D000020A44679
:101E8000002D06D100F0CEFA09E00126130037003C
:101E9000F0E7013D604504D3300000F0C2F905B021
:101EA000F0BD04021878DB192043E9E76A0300005B
:101EB000FF22030CD20170B51340041C934208D1D9
:101EC000440203D11249134807F0FCFF124808F0FE
:101ED0004BFE002811DA430012D0FF23DB05C318A4
:101EE0009C22D20593420BD900F064F9211C050015
:101EF0000430FAF7CFFF280070BDC30DDB05EFE714
:101F0000201C2BF087FD012540000543F3E7C04668
:101F1000CF1C04108C740410D81C04107FB50E0064
:101F20001100300004221D00EEF7FAF9002E34D023
:101F3000012E24D10820296808F022F8041E19D1A6
:101F40003200286801A9FDF78FF9002806D0230088
:101F50000A220299019806F001FD0AE02868830729
:101F60000BD10F4B02689A4207D1FFF73FFAFFF7F8
:101F70009FFF0400200004B070BD09F005F801A91E
:101F8000286803F0C7F904006868019EFCF71EFF8B
:101F90000023020031002000DDE70124EAE7C0460B
:101FA000E8750410F7B501930D4B0F00C95C1600DE
:101FB000002527F071F9019B0400AB4207D00130E6
:101FC00085080A2F03D1032127F066F90500301E8A
:101FD00001D02EF073FF033464192018FEBDC046F3
:101FE0002F780410F0B58DB0099214AA127807006A
:101FF0000A9215AA12780C000592DA073AD55A10FF
:102000000492002B43DB00230693129B20200A3B03
:102010005A1E934103330B93139A059B1299FFF7B2
:10202000C1FF23680600834203D2F8F7B9FA38608B
:10203000266000223D68AC19631E1A70049A002ABB
:102040002AD13023023C2370139B002B05D01800AB
:102050002EF034FF201A854259D3069B002B01D065
:10206000AC4250D820003B68099A9B191B1A013BCF
:1020700013600AE0059A03920A9A0292139A019257
:10208000129A0092099A00F0A3F80DB0F0BD049BDB
:102090005B4204932D23B7E7089307930A9B0A3BFF
:1020A0000A930498129927F0F7F80B000490303344
:1020B000092901DD0A9B5B18079A541E2370059BB2
:1020C000002B10D00028BFD0A542BDD2089B0B9A90
:1020D0001B1B93420BD1079C059B023C2370A5421E
:1020E000B2D2089403E0A542AED20028ACD0079447
:1020F000D7E7C2540133139AD25C002AF9D1069B68
:102100000400002BAED02D23601E0370ABE700232C
:10211000F1E7102230B58DB00692002203920292B0
:1021200001920A320B000400009206A907AA08AD2A
:1021300005A80595FFF756FF01002000FAF7F8F80B
:102140000598A84201D0F8F75FFA0DB030BD000045
:1021500010B5140001220E2C20D003221E2C1DD0FD
:1021600000231D281DD107222240022A13D0A207D6
:1021700017D12268137B002B06D003339B00D318A2
:1021800009485B68834206D0084B9A4203D008484E
:102190000023824205D10A001D20210008F0ECFC3A
:1021A0000300180010BDC04659530110A883041045
:1021B0005879041010B505491020FCF726FD0400DD
:1021C0000430FAF79BFD200010BDC0464078041093
:1021D000F0B51C0087B00EAB1B7806000593A06815
:1021E0000FAB1B780F0004920C990D9A000103931A
:1021F000FFF7D8FE3B680500834203D2F8F7D0F919
:1022000030603D603568039B0D9A00930C99059BE7
:10221000201D0195FCF7BEFA049B1860280007B04A
:10222000F0BDF8B50E0017000500FFF7C3FF04006E
:102230003B00320029000430FAF724FF2000F8BDEB
:1022400037B5150004790093E4072B00E20F043042
:10225000FCF7F4F93EBD01220300104205D0401006
:10226000002B09DB431E984170478168081EFBD094
:102270001B7910001342F7D001204042F4E770B5FB
:102280000C00082830D82EF05FFF0A131C2F052FF2
:102290000C240A008B680E24002B00D01034200080
:1022A00070BD081DFCF77CF9012440000443F6E7EB
:1022B000FFF780FF211D05000430FAF7A5FF2C0071
:1022C000EDE7FFF777FF211D05000430FAF7D6FF91
:1022D000F5E70B79DB07E2D5FFF76CFF211D050061
:1022E0000430FAF75FFFEAE70024D8E7F0B50123EE
:1022F000140002008FB01A4006000D00019218422F
:1023000005D183071BD12F4B02689A4217D10123B5
:102310002A001A4002921D4205D1AB070FD1294B6A
:102320002A689A420BD1012322001A4003921C42D0
:1023300008D1A30703D1234B22689A4202D0224836
:1023400008F0E2FD012C02D1204808F00DFCFFF757
:1023500031FF019B0090371D002B04D0711005A8A0
:10236000FAF7D2FC05AF029B2E1D002B04D069109A
:1023700008A8FAF7C9FC08AE039B251D002B04D062
:1023800061100BA8FAF7C0FC0BAD009B3200181DC2
:1023900039002B00FCF77AF805AB9F4202D13800D8
:1023A000FAF712FD08AB9E4202D13000FAF70CFD9D
:1023B0000BAB9D4202D12800FAF706FD00980FB042
:1023C000F0BDC04640780410E11C04102719041029
:1023D00073B50D000600FFF7EDFE01230400320087
:1023E000009304302B00FAF7FBFC200076BD43007D
:1023F0001A0010B5424002D40120184310BDC11785
:10240000FFF7E6FFFAE773B50D000600FFF7D2FE0F
:10241000002304003200009304302B00FAF7E0FCA4
:10242000200076BD802310B5DB05984203D243001F
:102430000120184310BD0021FFF7E5FFFAE7F0B5D2
:102440001E0085B0040017000391FFF7B3FE00964D
:1024500005003B00039A21680430FAF79FFD2368CA
:102460001B182800236005B0F0BD10B5C30701D5C7
:10247000401010BD0430FCF793F8FAE707B5C30726
:1024800001D540100EBD043001A9FCF79DF80028CD
:1024900001D00198F6E70249024807F013FDC04653
:1024A000F41C04108C740410F0B58BB007000C0001
:1024B00000920D1DCB0706D54B10022203A904A8DC
:1024C000FAF74CFC04AD009BDB071DD5009B0222F4
:1024D0005B1003A904A8FAF741FC04AE202F01D039
:1024E000132F3ED17368002B00D17BE02800FCF74E
:1024F00031F9041C3000FCF72DF9011C201C2BF0D5
:10250000C3F9FEF717FF22E0009B9B0723D1009B36
:10251000774A1B68934202D1009B1E1DDEE7754A75
:10252000934208D12800FCF715F9009A011C3800E5
:10253000FEF75EFF0BE0704A93420CD12800FCF7D7
:1025400009F90022011C009B3800FDF779FD040009
:1025500020000BB0F0BD21003800009AFFF7F8FD15
:10256000F5E73B00093B01936B461B791A2B00D919
:1025700099E0FFF71FFE019B04001A2B00D990E0A1
:1025800018002EF0E1FD51574B5D5D0E20268E2C7C
:102590008E407151574B5D5D0E20268E2C8E407102
:1025A0007B0032002900201DFBF790F8201D07A9B1
:1025B000FCF70AF80028CBD0079B5A005340C7D439
:1025C00001241443C4E732002900201DFBF700F961
:1025D000ECE732002900201DFBF730FCE6E77368CA
:1025E000002B03D14549464807F06CFC07A8FAF7D1
:1025F00085FB33002A00201D07A9FBF727FD07A84C
:10260000FAF7E2FBD2E77368002BEBD007A8FAF7E2
:1026100075FB33002A00211D07A8EEE732002900D0
:10262000201DFBF767F9C1E732002900201DFBF7E9
:1026300065FABBE732002900201DFBF743FBB5E735
:102640000098FFF71BFF021E02DA2E4808F08CFAF2
:102650002900201D192F01D00C2F02D1FAF7C2FE3C
:10266000A4E7FAF787FFA1E73378DB0700D559E73E
:1026700032002900201DFBF78FFC97E77368002BC1
:10268000B0D0FFF797FD0700211D33002A0004306A
:10269000FBF7DCFC07A902200797089404F0F2F886
:1026A00055E7002454E731002800FAF74FFD0024D5
:1026B0000300042F00D94BE738001E242EF044FD00
:1026C0000308140C1000002B00DA41E7103C3FE730
:1026D000002B00DD3CE7F9E7002B00DC38E7F5E7ED
:1026E000002B00DB34E7F1E7002B00D130E7EDE70A
:1026F00040780410E8750410546F04102719041072
:1027000068740410141D041007B5C30704D54310E2
:10271000002809DB18000EBD043001A9FBF772FF89
:10272000002801D00198F6E70149024807F0CAFBEA
:10273000F41C04108C74041010B50430FCF70AF873
:1027400010BD042803D0052807D0002070478B68EF
:102750000E20002BFAD01030F8E701208B685B00C8
:102760001843F3E7044B88600B60044B08004B6090
:102770000023CB607047C046E07B0410AD270110FA
:102780000022836870B5DC0FE41864109B00043BE2
:10279000944201DC062070BDC56891006918ED58AF
:1027A0000E680D60C1680132CE50F0E7816810B547
:1027B000C2688C6803000020A24204D2C96890005D
:1027C00001324058DA6010BD70B50C680B00A1688A
:1027D0000200002903D11949194807F073FB20684A
:1027E000012A27D05A680023FCF7D0FB0600E168D5
:1027F000A2688300C818013A04330568A260921BDE
:10280000C91892002EF0BEF90020A368E268990072
:102810008850616804290BD95B00994208D949089E
:10282000E0688900F7F7DFFE6368E0605B086360DB
:10283000280070BD01225242D5E7C046291D041070
:102840009073041010B5020008680B008168C0681E
:1028500008F086FE10BD07B5009001910220694680
:10286000FFF7F0FF694601900220FFF7ADFF062059
:102870000EBD70B50025040085601021C068F7F713
:10288000B2FE042329001022E06063602BF0DCF923
:10289000062070BD70B583680D00416804008B424E
:1028A00011D3C900C068F7F79EFE6268A3685200A2
:1028B0006260D21A0133013A9B00E060002192006D
:1028C000C0182BF0C1F9A368E268591C9B000620D0
:1028D000A1609D5070BD70B504000800002107F094
:1028E000C9FD0500280007F043FE01002000002973
:1028F00000D170BDFFF7CEFFF4E770B58368060026
:1029000015004C1000290FDAE4180DD5002406211B
:102910003000FFF7BFFFB368013BF2689C4207DB62
:10292000A4000620A55070BD9C42F0D91C00EEE723
:1029300098001118043909681150EDE710B50A0024
:102940008168C06808F040FE10BD0000F7B50400C3
:102950000F001600032A0ED18368019320000F494F
:10296000F9F7E6FC0025BB68AB4208D820000C490B
:10297000F9F7DEFCF7BD0B4B01260193EEE7002DC6
:1029800003D020000199F9F7D3FCFB68A9003200BD
:102990002000C958FCF75AF90135E4E71E1B041062
:1029A00006480410201B0410F0B585B00E00170077
:1029B00001900393F2F74AFA019BF31A042B01DC0E
:1029C00005B0F0BD33680293002F04D01900380021
:1029D00007F0C0FB02903500019C0434A54209D9E0
:1029E0002168002F18D10020029A08F0C5F8039B37
:1029F0008342F2D0043DAC4219D2002F11D12A6893
:102A00000020029908F0B8F8039B8342F2D02368B3
:102A10002A6822602B60E0E7380007F09BFB01008A
:102A2000E1E73800296807F095FB0200E8E7236832
:102A3000326822603360019B321BEB1A934207DB42
:102A400020003A003100039BFFF7AEFF019C06E037
:102A500029003A00039B0198FFF7A6FF35002E00DE
:102A60000194A9E730B50D0085B0104B02AC00937E
:102A70000431022301380194EDF780FC2A68936841
:102A8000012B10D9D1680A4A081F9B18029A9B0093
:102A9000C918062A00D1002224791E23002C00D058
:102AA000103BFFF781FF062005B030BD7C78041095
:102AB000FFFFFF3F70B503230E0004000D001E4012
:102AC000194229D1174B0A689A4225D1AB6881680F
:102AD000C9184368994210D904318900C068F7F7D2
:102AE00082FDAA68A368E0609B181A1D9B006260C3
:102AF00031001022C0182BF0A7F8A368E068AA687C
:102B00009B00C0189200E9682BF0A4F8A368AA689B
:102B10009B18A360062070BD29002000FFF7DBFE94
:102B2000F8E7C046587904100B4B70B505000360F8
:102B30000C000800042900D204206860AC6080000A
:102B4000F7F72EFD6A68E860121BA40000219200CE
:102B500000192BF079F870BD5879041070B5050094
:102B60001020F7F71DFD04002900FFF7DDFF20000E
:102B700070BD000070B504000E00150086B08B0714
:102B800000D081E04E4B0A689A4200D07CE0806819
:102B900003AA08F025FC042D19D1002807D1E0680C
:102BA00003A908F03CFC0500280006B070BD039B9B
:102BB0000498C01AFFF7D2FF0500039BAA68E168DA
:102BC0009B009200C918C0682BF044F8ECE7002D78
:102BD00000D13C4D002801D108F0B8F9280002AA24
:102BE00001A9FCF79DF90398049D019A2D1A551B24
:102BF000002D29DDA16863686918994207D9E0684A
:102C00008900F7F7F0FCA368E0605B196360019A44
:102C1000039BA1689B18EA1A52180499E0689B006C
:102C2000890041189200C0182DF0ACFF039B019A57
:102C3000E0689B0002999200C0182DF0A3FFA368E2
:102C40005B19A3600625AFE7E36880000299920054
:102C500018182DF097FF039B019E0499A268E06865
:102C60009B199B00521A890041189200C0182DF040
:102C700089FFA368E068EB18AA009B00002152427C
:102C8000C0182AF0E1FFDAE7002D06D103A90220DF
:102C900003940496FFF798FDD4E7002332002068E0
:102CA000A168042D05D1FCF771F9E3688000C558CF
:102CB0007AE7FCF76BF9E3688000C550C2E7C046CD
:102CC000587F04106C8304107FB50E0015001B287C
:102CD00024D007D8042848D90E2840D0002420004A
:102CE00004B070BD1D28F9D1100003A9FCF748F805
:102CF000041EF4D0039B002B01DA00230393B36876
:102D000003985843FFF72AFFC36804000093042187
:102D1000039BB268F06808F050FBE0E70323110062
:102D2000002419401A42DAD11B4B12680C009A4257
:102D3000D5D1AB68B068C018FFF710FF0400B268C7
:102D4000F1689200C0682AF085FFB368E068AA685D
:102D50009B00E968C01892002AF07CFFBFE71100D1
:102D60003000FFF7A7FE3400B9E7930703D10A4B01
:102D700012689A4204D000240228B0D10E24AEE793
:102D8000AB6800938A68EB68C96808F0A1FB00286B
:102D9000F4D01E24A3E7C0465879041070B50C0087
:102DA0001100200002221D00EDF7BAFA002C03D119
:102DB0002000FFF7D3FE70BD0020FFF7CFFE29688B
:102DC000FFF789FDF7E770B50D000400FFF7C6FEB9
:102DD000002D03D00023A400A34200D170BDE95808
:102DE000C268D1500433F7E710B5C1688068FFF7B7
:102DF000EAFF10BDF7B50500406800278000F7F72F
:102E0000CFFB06006968B94206D833000022A868E3
:102E100007F042F904000CE0BB0001932B00BA005C
:102E20000C33985807F0A4FB041E04D13000F7F7C8
:102E3000EBFB2000FEBDBB00F0500137E2E70000D5
:102E4000F7B50D000400110028000F4A1E00EDF731
:102E500067FAA81C21008000FBF7D7FE6B1E040058
:102E600000250193436033688360019BAB4201D826
:102E70002000FEBD0135AF000021F05907F0FAFA3D
:102E800023000833D851F0E7FEFF0500034B10B5CF
:102E9000984201D1F9F7FCF810BDC0462068041033
:102EA000F8B51400126806000D0002274068002AD9
:102EB00025D1CB001F4339000430F7F7E3FB021E96
:102EC00002D04368236013E0E9235B009D4201D1F7
:102ED0007368F7E70E2D0CD0706872210430F7F795
:102EE000D1FB002805D03900406807F033F9206095
:102EF000F8BD220029003000FFF7C8FFF8E703798A
:102F00003B420BD00C4B9842F3D10C4E336F002B4D
:102F100003D10120FDF744FD3067306F0221626864
:102F2000ED002943002A03D1FDF74AFE0023C9E73B
:102F3000FDF738FEFAE7C046A45D041070200020BB
:102F400070B5050048680E000022BA210430F7F77A
:102F500099FB0F4C002803D0406802F069F9040087
:102F6000706800220B490430F7F78CFB002809D069
:102F7000406802F05DF92200030007492800F9F7D4
:102F800065FD70BD220028000449F9F75FFDF8E7F0
:102F9000934804109A0E0000311D0410491D0410BE
:102FA00070B50226C0000643012231000B48F7F736
:102FB00069FB44680500002C0ED11020F7F7F0FAE9
:102FC000074B040003600120FDF7EAFC3200BA2140
:102FD0006060FDF7E7FD6C60200070BDC42000203C
:102FE000F47A0410F7B506000F1E1B4800D01B48EA
:102FF0000225F10000222943F7F744FB041E19D1F2
:10300000174B9E4225D0002F24D16946300006F090
:10301000A0FA0378752B1DD100990130013906F013
:103020005FF9C10022000D482943F7F72BFB002868
:1030300010D004006A461121606806F0DFFE009B94
:10304000002B04D000216A46080007F08BF8646862
:1030500000E0044C2000FEBD387A0410A47904106E
:10306000DA0300002068041030B500246500555BC9
:10307000002D08D085420BD10A68A4001B19002A34
:1030800002D11B680B6030BD4A681A600023F9E763
:103090000134EBE770B50C0005000B680549DA88D0
:1030A000F9F7D4FC2168280022003831FCF772FDC2
:1030B00070BDC046351C04100300426B002010B5E3
:1030C0003833824202D10120404210BD84001C5995
:1030D0008C42FAD00130F4E7136870B50500140093
:1030E000002B09D10068FFF7E7FF431C03D0023033
:1030F00080004359236070BD0149024806F0E2FE9A
:10310000571D041020740410F0B51600426B85B0F2
:103110008D19029001910393954204D02B00204910
:10312000204806F0D9FEA81C02998000FBF76DFD2F
:10313000019B45609B001F001A00040003990830A2
:103140002AF088FD38000830B200002120182AF04B
:103150007BFD039BAD19DE19019B9D4202D8200027
:1031600005B0F0BD306802F04DF80700010002988C
:10317000FFF7A2FF431C04D10B493A00094806F0AF
:10318000ABFE800020188368002B01D00749F4E7CC
:10319000736808368360019B02330193DCE7C04605
:1031A000021204104C720410981204108D120410B4
:1031B000F7B505000E3080000191F7F710FA0026F0
:1031C00004004563AE4201D12000FEBD019BB70063
:1031D000D85902F017F823003833D8510136F1E7F7
:1031E0001FB5019102F00EF80723019A0400134065
:1031F000022B05D0930708D1174B12689A4204D1CD
:10320000012001A902F064FB019003AA019802A920
:10321000FBF786FE03990298FFF7CAFF0F4A104B8F
:103220004261104A036002810F4A082382610F4AFB
:103230008380C2610E4A837402620E4A0E4B426260
:103240000E4AC48082620322C2720D4A0363C260C6
:103250000C4AC26204B010BD388304100931011059
:103260003C84041001020000953001102D6801100B
:1032700039690110D9300110A88304102D6A01109A
:10328000040506076D67011010B50349032A00D035
:103290000249F9F74DF810BD5E1D041041180410E5
:1032A0000620704770B504000D001600FBF7BAFC4D
:1032B00083880C489B050AD507232B40022B08D096
:1032C000AB0703D1084B2A689A4202D0002007F0CE
:1032D0001BFE29000122201DF7F7D4F946600620C5
:1032E00070BDC046631D04103883041070B504001F
:1032F0000D00FBF797FC83880E489B050AD5072332
:103300002B40022B08D0AB0703D10B4B2A689A4203
:1033100002D0002007F0F8FD02222900201DF7F757
:10332000B1F9002803D10549054806F0CBFD062078
:1033300070BDC046631D041038830410711D041055
:103340002074041007B5830706D1074B02689A4220
:1033500002D183889B0502D4044807F0D5FD01A95A
:1033600004F0E6F90EBDC0463C840410631D041051
:1033700010B50400080011000022ECF7D1FF210075
:103380000420FBF742FC10BD10B54368984710BD00
:1033900010B58368984710BD70B5040010200D006B
:1033A000F7F7FEF8030046CC46C3C56070BD70B5A4
:1033B000040010200D00F7F7F3F8030046CC46C3D5
:1033C00022681A60856070BD70B5040010200D0081
:1033D000F7F7E6F8030046CC46C322681A6045605A
:1033E00070BD000030B5050087B0080011001A005C
:1033F000094B02AC009301940423EDF71BF829005C
:103400001020FBF702FC029B4360039B8360049B3C
:10341000C36007B030BDC046F87B0410043070476D
:103420000300080010B5044C04330ECB0460416067
:103430008260C36010BDC046A07C0410C268030057
:1034400010B5002A05DD40689968884208DB002035
:1034500010BD101EFCD05C68996800208C42F7DD1E
:10346000586812185A60FEF7C2FFF1E70A00936825
:103470005268C9689B1A5B1810B50400581C0029D3
:1034800000DD581E25F0E0FE0300042C08D00020CB
:10349000052C09D1D843C0171840FEF7A8FF03E058
:1034A0000E20002B00DD103010BD000070B50E00A6
:1034B000040011003000134A1D00ECF731FF210019
:1034C0001020FBF7A2FB0023436001330400C3601C
:1034D00028689E4204D1FBF779FCA060200070BDF3
:1034E000FBF774FC60606868FBF770FCA060032E5B
:1034F000F4D1A868FBF76AFCE0600028EED102482E
:1035000007F032FB06000200791D0410136810B5A5
:103510001400002B05D1922904D14068FEF767FF03
:10352000206010BD962901D18068F7E79529F8D170
:10353000C068F3E770B50D0009496A68AB6804001C
:10354000F9F784FAEA68012A04D120000549F8F75E
:10355000EFFE70BD20000449F9F778FAF9E7C0469C
:10356000801D0410B71A04108D1D041030B504001E
:103570000D00002085B0042A2AD1A3686268E168A2
:103580009B1A5B18581C002900DD581E25F05CFEB4
:10359000C3430100DB171940AB071BD1134B2A684B
:1035A0009A4217D101AA280000F0BCFC1049102053
:1035B000FBF72BFBE368019A61685A43521842609B
:1035C000029A61685A4352188260039A5343C36057
:1035D00005B030BD00232A002068FBF7D7FCE36864
:1035E000434360681818FEF702FFF1E7587F0410A4
:1035F000747C04108168030010B5081E08D00122F5
:10360000013999604900114358680332FBF7F8FD0E
:1036100010BD000037B5040008001100104A1D005D
:10362000ECF77EFEEC216A462868490006F0E6FBCE
:10363000009B002B07D000216A46080006F092FD8F
:10364000040020003EBD21000C20FBF7DEFA040040
:1036500028686060FBF7C0FDFBF7B8FBA060F0E7EF
:103660000200020030B51C0085B005000800110002
:10367000154AECF755FE00230322206801A90193A7
:1036800002930393FBF7F0FD002807D12068FBF7B6
:103690009DFB01300290F6F783FF0190029B0B4ADD
:1036A000023B934202D9002007F05EFA2900102065
:1036B000FBF7ABFA019B4360029B038100238381EC
:1036C000438105B030BDC04602000200FDFF00008E
:1036D000F8B505001700032907D00024042921D0DC
:1036E000162201241A6064421CE0012314001C40CD
:1036F0001A4209D0018980896B894018C01A25F0C7
:10370000A3FD4B1E99410C00042637420AD029899B
:103710006889AB894018C01A013825F095FD002949
:1037200000D034432000F8BDF0B585B0019103937B
:103730000292068987890400408931008019C01BE4
:10374000013825F081FD029B0D00994200D91D0032
:103750003100E81925F0A0FD02918F420BD9606875
:10376000F21BC01901992AF075FA2389019ADB1B13
:103770000027D3180193029B6068DA1B0199C019D6
:103780002AF068FA029B2800A3810023039A1360A1
:1037900005B0F0BDF0B585B00191039302920689A2
:1037A00047890400808931008019C01B25F04CFD39
:1037B000029B0D00994200D91D003100E81925F047
:1037C0006BFD02918F420BD96168F21BC9190198F8
:1037D0002AF040FA2389019ADB1B0027D3180193B2
:1037E000029B6168DA1B0198C9192AF033FA029B1F
:1037F000280063810023039A136005B0F0BD10B563
:103800000189838940895B18181A25F01DFD012064
:103810004900084310BD0000030000209A0708D1AA
:103820001A68044B01309A4203D00348101A4342ED
:1038300058417047047F0410D87E0410044B886000
:103840000B60044B08004B600023CB607047C04600
:10385000E07B0410553B011010B501220430F7F74E
:10386000A7F8062010BD10B502220430F7F7A0F823
:10387000062010BD70B505000800002106F0FAFD15
:103880000400200006F074FE011E00D170BD01226C
:10389000281DF7F78DF8F4E770B506000D00012438
:1038A000B44201D3062070BDA300E9582868FFF791
:1038B000E1FF0134F4E770B505000800002106F0CF
:1038C000D9FD0400200006F053FE011E01D10620A0
:1038D00070BD0322281DF7F76BF8F3E730B585B00C
:1038E00005000800694606F0C5FD0400200006F04A
:1038F0003FFE011E02D11E2005B030BD0022281D52
:10390000F7F756F80028F1D00E20F5E770B50168FA
:1039100004001020FBF779F9050061680430F7F71F
:103920003DF8A3686268E868AB60E16892002AF03D
:1039300091F9280070BD70B50D00FFF7E7FF040096
:103940002900FFF797FF200070BD70B50D00FFF74D
:10395000DDFF04002900FFF7AEFF200070BD00006E
:1039600010B5022204300C00F7F722F8002803D12A
:103970002100024807F0F2FA062010BD6C73041013
:1039800010B50430F7F7E4F8062010BDF7B50E00C7
:103990000C680190002A03D12000FFF7B7FF040054
:1039A0000125019B9D4201D32000FEBDAB00F058D4
:1039B000271D844204D13800F7F7CAF80135F0E733
:1039C000002106F057FD0090009806F0D1FD011E81
:1039D000F4D002223800F6F7EBFFF5E710B501222C
:1039E000FFF7D4FF062010BD10B50022FFF7CEFF71
:1039F00010BD000010B50430F7F78AF8002803D195
:103A00000249034806F05EFA10BDC046931D04103B
:103A10006C73041089000B58181E03D0043B180067
:103A2000431E984170470000F7B504000E000025C2
:103A30008B0704D1214B0D68ED1A6B425D41B368D1
:103A4000002B0AD1002D03D020001D49F8F770FC8F
:103A50001C492000F8F76CFCF7BD002D03D02000B6
:103A60001949F8F765FC20001849F8F761FC0123B3
:103A7000002701937368BB4207D820001449F8F768
:103A800057FC002DE8D01349E3E73900F068FFF751
:103A9000C1FF00280FD0019B002B03D120000E494D
:103AA000F8F746FCF168BB00595801222000FBF7EB
:103AB000CDF8002301930137DCE7C046D87E04101F
:103AC000E02404109E1D0410A41D0410FA1B041011
:103AD000B6150410B71A0410201B0410F7B5030024
:103AE0000C0005280AD006280DD00020042B04D194
:103AF0008B680E30002B00D01030FEBD01208B688B
:103B00005B001843F9E703230E0000201E40194212
:103B1000F3D10F4B0D6830009D42EED14B680193FD
:103B2000019BB34203D101206D002843E5E7E7681C
:103B300031003800FFF76EFF002806D0B3000620E2
:103B4000D95906F01DFA40102D180136E8E7C04695
:103B5000D87E0410F7B505008668C46873680193C1
:103B6000019B9C4201D300200AE0F7682100380045
:103B7000FFF750FF631C002803D0A400E059EB605E
:103B8000FEBD1C00ECE70000F7B505000191102018
:103B90000B49FBF73AF8071D040029003800F6F737
:103BA000FDFE0026AE4201D12000FEBD0199B3000A
:103BB00001223800C958F6F7FBFE0136F2E7C0468D
:103BC000047F0410F7B505000E001700884208D1E5
:103BD000002A02D006242000FEBDFFF797FE040055
:103BE000F9E700210800FFF7CFFF002104003000B3
:103BF00006F040FC0190019806F0BAFC061E0BD1BD
:103C0000002FE8D0E868F6F7FFFC63686B60A368F4
:103C1000AB60E368EB60DDE700223100281DF6F7BA
:103C2000C7FE0028E7D031002000FFF715FEE2E7CD
:103C300010B50122FFF7C6FF10BD10B50022FFF737
:103C4000C1FF10BD10B501220430F6F7B1FE10BD62
:103C500070B50C0005001100200002221E00ECF7D8
:103C60005FFB002C07D121002000FFF78DFF04002F
:103C70002000256070BD00210800FFF785FF0021AE
:103C80000400306806F0F6FB0600300006F070FC19
:103C9000011EEDD02000FFF7D5FFF6E7F0B589B0A3
:103CA00004000390029101920027FFF7B5FDB8428E
:103CB00007D13A000121204803ABFFF7C9FF0400F8
:103CC0000137029D00262800FFF7A6FDB04207D16C
:103CD00032000121184802ABFFF7BAFF0500013698
:103CE000019B002B05D00E21A268AB6801919A427E
:103CF0000DD0124B06940493114B059300230793A8
:103D000004A8FFF727FF011E0ED11E230193002FE9
:103D100002D0201DF6F71CFF002E02D0281DF6F75A
:103D200017FF019809B0F0BD0022281DF6F740FEEC
:103D30000028E5D10E23E9E7047F0410E07B04109E
:103D4000553B0110030010B5080000221900FFF7D1
:103D5000A5FF10BD10B50022FFF7A0FF10BD0000A9
:103D6000F7B507000C0015000026009101928B07A3
:103D700004D13B4B0E68F61A73425E41242F05D0E6
:103D80002800FFF749FD00280BD1FEBD00222900C5
:103D9000201DF6F70DFE03001E20002BF5D10E208E
:103DA000F3E732001C2F58D838002DF0CDF93E44EF
:103DB000484C51565656561E2B3256565639565664
:103DC00056565656260F14565656190029002000EE
:103DD000FFF7BBFDD9E729002000FFF72EFFD4E74E
:103DE00069460220FFF700FECFE7002E05D06946A6
:103DF0000220FFF751FD2000C7E729002000FFF750
:103E00009AFDC2E729002000002EE1D0FFF753FD04
:103E1000F1E729002000FFF7D5FE002EEBD1B4E733
:103E200069460220FFF7B2FDAFE70122290020001A
:103E3000FFF734FFA9E7012221002800F8E7A26874
:103E4000AB689A42ABD129002000FFF783FF9CE7C3
:103E500029002000FFF776FF97E7002095E7C0468E
:103E6000047F041010B5034B4A681900F8F7EEFD03
:103E700010BDC046351C04100020704770B504000A
:103E80000D001049F8F754FA696801222000FAF78A
:103E9000DDFE0D4E20003100F8F74AFAA968012234
:103EA0002000FAF7D3FE31002000F8F741FAE96864
:103EB00001222000FAF7CAFE20000449F8F738FA78
:103EC00070BDC046AF1D0410201B0410B71A0410AB
:103ED0001368002B03D1922902D143681360704705
:103EE000962901D18368F9E7952901D1C368F5E7DF
:103EF000034B9942F3D1034B50601360EFE7C04688
:103F0000B7020000787F041070B506000D00102085
:103F100003491400FAF779FE46608560C46070BDFD
:103F2000587F0410F7B50600C0680D00170006287A
:103F30001ED0FAF74BFF0190002802D1264806F068
:103F400013FE019B7068002B14DC062835D16C1E13
:103F5000B06806283DD0FAF739FF031E00DA43198E
:103F6000002B01DA01235B42AB4221DB6B1E1FE019
:103F7000012301937068002406280AD0FAF726FF6F
:103F8000041E00DA4419E343DB171C40AC4200DD99
:103F90002C00B0682B0006280AD0FAF717FF031E82
:103FA00000DA4319DA43D2171340AB4200DD2B008D
:103FB0007B60019B3C60BB60F7BDFAF707FF041E06
:103FC00000DA4419002C01DA01246442AC42BEDA62
:103FD000BEE701235B42EBE7B61D041010B50400F9
:103FE00086B00800FAF7F2FE6A4601002000FFF7EB
:103FF00099FF0123009A03A952001A430392019AE0
:1040000003209A401A430492029A9A40134305935C
:1040100002F038FC06B010BD0122030010000E2B88
:104020000DD01E2B0BD019001140134207D10800F0
:104030009A0704D11868024BC01A4342584170478E
:104040004078041010B50400FFF7E6FF01230028B4
:1040500007D10300A20704D1034A23689B1A5A42DE
:104060005341180010BDC046E8750410044B886029
:104070000B60044B08004B600023CB607047C046C8
:10408000E07B041089400110072213B5040080680A
:104090000240022A10D1C00801A905F05AFA020014
:1040A000E368019900208B4205D2D25C01305200B6
:1040B00001331043E36016BD82680192C268EFE7E6
:1040C000F8B51D4B07000C00886849689F420DD168
:1040D00005F006F9051E09D0200009F041F8E800B6
:1040E00000230225236005432800F8BD616823688A
:1040F0000131A668994203D03000F6F774FA060041
:1041000000236268B354A36023600C4B9F4205D127
:1041100031006068FBF71AFD0500E5E73900102063
:10412000FAF773FD616805008160300005F0B2F8B0
:10413000EE606860D8E7C04638830410686E0410EB
:104140000723F0B50B4007000C0089B0022B16D1F5
:10415000C80803A905F0FDF906000025039904A885
:1041600008F0E3FF069B0193039BAB420BD82000B2
:10417000FAF758FD04A9FFF7A3FF09B0F0BD8B685B
:10418000CE680393E9E7705DB847019B5855013548
:10419000EAE7000010B5034B01001800FFF7D0FF5D
:1041A00010BDC04681BC011010B5034B01001800C2
:1041B000FFF7C6FF10BDC04693BC011010B5FAF75B
:1041C00031FD9723C2889A4200D1553B01490248EC
:1041D00005F082FEC51D04104C72041070B5040079
:1041E00008000D00FAF71EFD074B984207D09C42CD
:1041F00000D1064C844206D02800FFF7DFFF84423E
:1042000001D00248F6E770BD686E041030820410D9
:10421000F0B58DB004000391FAF704FD0723050003
:104220002340022B36D1E00804A905F092F9019051
:10423000039B3C489A0705D11B68834208D03A4A41
:10424000934205D00022012103ABFEF7A7FD0390A6
:10425000039806AA05A9FAF763FE344B0293344B80
:104260000093029B9D4200D0009500242600059BF0
:10427000A34214D831000727002608A808F055FFEC
:104280000A9C059BB3422BD8280008A9FFF718FF0A
:104290000DB0F0BDA3680493E3680193C8E7069BE3
:1042A000A700D859FAF7BEFC029B984200D12048DB
:1042B000009B834202D01F4806F026FE002C01D04E
:1042C000049BF618069BD85907230340022B05D1FF
:1042D000C00805F02BF936180134C8E78068FAE702
:1042E000002E06D02000049A019929F0B3FC049B0B
:1042F000E418069BB200D05803003B40022B0CD1BF
:1043000007A9C00805F025F901002000079A29F047
:10431000A1FC079B0136E418B3E78368C1680793E3
:10432000F3E7C04658790410A8830410686E04109F
:1043300030820410D71D0410072370B50340040019
:104340000D0086B0022B26D1C00801A905F001F9A5
:1043500006002800FAF73AFD019B0500834217D2B8
:10436000010002A808F0E1FE2A002021049829F0AB
:104370006BFC019A0498AD1A6D083100401929F0C0
:1043800069FC2000FAF74EFC02A9FFF799FE040031
:10439000200006B070BD8368C6680193D9E70000AD
:1043A000F0B589B00D0005900868FAF73BFC696824
:1043B0000700FFF713FF072328680340022B3CD1B7
:1043C000C00806A905F0C5F8060007236868034081
:1043D000022B36D1C00807A905F0BBF80490069A55
:1043E0003400B3180393059B022B17D9AB68062B37
:1043F00006D0012138000091310002F0DDF8040000
:10440000059B032B0AD0EB68062B07D00122310055
:1044100000923800069A02F0CFF803900026079B1E
:10442000B3421BD1039B2000191B07F0C0FB0130D6
:1044300043000120184309B0F0BD8368C6680693A5
:10444000C3E783680793C3680493C8E7200004990F
:104450002CF0F0FB00280AD101362C00079A039BB0
:10446000A5189D42F2D9012076003043E3E7044BC2
:10447000651C9F42F1D1200007F081FB0500ECE7AD
:10448000388304100723F7B50B400500022B09D130
:10449000C80801A905F05DF80600019B002B05D1B5
:1044A0000E20FEBD8B68CE680193F6E7124B9D424D
:1044B0000AD0124B00249D420DD12700019BA3423C
:1044C0000ED8002F0AD1EBE70024F6E7305DA847AD
:1044D0000028E5D00134019BA342F7D81E20E0E775
:1044E000305D07F081FB002803D0305DA847071E30
:1044F000D6D00134E2E7C04651BC011069BC0110BE
:1045000010B5034B01001800FFF7BCFF10BDC046FB
:10451000D1BB011010B5034B01001800FFF7B2FF2B
:1045200010BDC046E9BB011010B5034B01001800D7
:10453000FFF7A8FF10BDC04601BC011010B5034B2A
:1045400001001800FFF79EFF10BDC04651BC0110CE
:1045500010B5034B01001800FFF794FF10BDC046D3
:1045600069BC0110F0B58BB005220190080003A9C9
:10457000FAF77AFE049906A8490808F0D6FD039CCC
:10458000049B089DE3180093009B26009C4208D3DF
:10459000089B0198ED1A06A90795FFF791FD0BB04E
:1045A000F0BD37780134380007F012FB0028EBD15A
:1045B000009BA34202D10D4806F0D6FA380007F05E
:1045C0002BFB0028F7D0B41C7678300007F024FBD2
:1045D0000028F0D0380007F065FB0700300007F036
:1045E00061FB3F0107432F700135CDE7031E041027
:1045F00030B5884213D20378303B092B0FD8002303
:104600000A241360136805786343303D5B19013059
:104610001360814203D00378303B092BF2D930BDBF
:1046200013B5030001200C0082420DD107221A406D
:10463000022A0AD1D80801A904F08BFF019B20604F
:10464000636042230020A36016BD9A68D868019277
:10465000F4E70000F7B58F1804000D00272601933A
:10466000B94212D20A00012000211378272B1BD057
:10467000223B5E427341DBB20132002B17D19742DD
:10468000F3D12226002900D105361E4B3200190035
:1046900020000093F8F7DAF9BD420AD33200200077
:1046A0000099F8F7D3F9F7BD00230100E4E72726C6
:1046B000EBE72A78B24205D1320013492000F8F71F
:1046C000C5F91AE011495C2A14D01F2A09D97F2A9A
:1046D00015D0019B002B02D053B2002B0FDB0099A9
:1046E000ECE70B490A2A05D00A490D2A02D0092A0B
:1046F00005D109492000F7F71BFE0135CCE7074932
:10470000DCE7C046121E0410111E0410151E041012
:10471000181E04101B1E04101E1E0410211E04105F
:10472000F8B5154F0D00160039000400F7F700FE2C
:10473000AE19B54204D339002000F7F7F9FDF8BDF2
:104740002A78222A01D05C2A04D10C492000F8F7EB
:104750007DF90FE00A491F2AF8D80A490A2A06D02B
:1047600009490D2A03D00949092AEFD10849200037
:10477000F7F7DEFD0135DCE7424A0410111E041094
:10478000121E0410181E04101B1E0410281E0410F4
:104790001E1E0410072373B50B4004001500022BE6
:1047A0000CD1C80801A904F0D4FE0600032D09D1DC
:1047B00031002000019AFFF7B3FF73BD8B68CE680C
:1047C0000193F3E763682068042D03D13100019A57
:1047D0009847F2E70122044998470123310020005D
:1047E000019AFFF737FFE8E70F1B0410F7B51F002A
:1047F000002600900192994215D3CC1A089B3500EF
:10480000B34201DC25003400009B3A005E19300001
:1048100001992CF00FFA002805D0A54202D0089B80
:10482000ED18F1E700263000FEBD0000F0B58BB0BA
:104830000D000590086807930692FAF7F3F9696886
:104840000600FFF7CBFC072328680340022B42D168
:10485000C00808A904F07DFE04000723686803402F
:10486000022B3CD1C00809A904F073FE0490089AF9
:104870002700A3180393059B022B17D9AB68062BBF
:1048800006D0012130000091210001F095FE0700C3
:10489000059B032B0AD0EB68062B07D001222100D1
:1048A00000923000089A01F087FE0390039B9F421C
:1048B00009D8D91B069B38000093049A099BFFF77F
:1048C00095FF011E10D10120079B4042002B14D000
:1048D0000D4806F049F98368C4680893BDE783680A
:1048E0000993C3680493C2E7084B9E4207D1200096
:1048F00007F04EF94300012018430BB0F0BD011B37
:10490000012049000843F8E72F1E041038830410E3
:1049100010B500230122FFF789FF10BD012210B559
:1049200000235242FFF782FF10BD012310B51A0089
:10493000FFF77CFF10BD012210B513005242FFF7B4
:1049400075FF10BDF0B50C0095B0042809D1C868FA
:10495000FAF73CFA002801D12068A4E0069000286C
:1049600002DA01235B4206932068FAF75BF961687B
:104970000990FFF733FC0998A168FFF72FFC072384
:1049800020680340022B31D1C0080DA904F0E1FDDD
:104990000790072360680340022B2CD1C0080EA9A2
:1049A00004F0D7FD0B900723A0680340022B27D10A
:1049B000C0080FA904F0CDFD08900E9A0D9B0027AA
:1049C0009A42C9D800220E9B0D9D049203929342F5
:1049D0000AD1974204D038000F9A089929F03AF981
:1049E0000F9B039301230493079E33E083680D9389
:1049F000C3680793CDE783680E93C3680B93D2E730
:104A000083680F93C3680893D7E70A9A53425A41C1
:104A1000059B9B1805939D1B002F05D0039B2A0027
:104A20003100F81829F016F9039BED18002F04D077
:104A30000F9A0899781929F00DF90F9B0E9EEB1823
:104A40000393059B0D9D9E19079B5D19049BAD1B50
:104A500001330493049B069A93420ED0002D0CD090
:104A60000E9B29000A930123300000930B9A0A9BA6
:104A7000FFF7BCFE05900028C7D1039B002F09D18A
:104A8000E918049B002B00D166E710A808F04DFB45
:104A9000129F97E731002A00F81829F0DBF80998EF
:104AA00010A9FFF70DFB15B0F0BDF8B50F00010020
:104AB00010201400FAF7A9F805008460002F0FD029
:104AC0002100380004F0E6FB6860601CF5F768FD23
:104AD00022003900E860060029F0BCF800233355B5
:104AE0002800F8BD10B504F047FCC30002201843AD
:104AF00010BD0000416810B50400806807F0D9F8C7
:104B0000011E02D1034805F0DDF921000248FFF73C
:104B1000D7FA10BDE07104103883041010B5034BB0
:104B200001001800FFF7CCFA10BDC046388304100E
:104B300010B5034B01001800FFF7C2FA10BDC046C4
:104B40003082041070B50D00040007F0B2F8011EA9
:104B500002D1094805F0B6F92900200004F0C0FB95
:104B6000002803D0C3000220184370BD2A00210092
:104B70000248FFF79AFFF8E7E07104103883041049
:104B8000F0B507000D0014001E0087B0002A01D008
:104B9000EBF766FC062221002800EBF7C1FB002D95
:104BA00046D0012D0FD16A46102102A808F0CCFA98
:104BB000684631682200FAF749F8380002A9FFF781
:104BC0007FFA07B0F0BD3068830728D1194B02681F
:104BD0009A4224D144688668C568002C04D131000B
:104BE000280004F057FB04003100280007F061F8AA
:104BF000011E02D1104805F065F93100280004F0CB
:104C00006FFB002803D0C30002201843D9E7390006
:104C10001020F9F7FAFF8660C5604460D1E702A969
:104C20000522FAF721FB03990298FFF78BFFC8E7EB
:104C30000A20C6E730820410E07104100B0013B59F
:104C4000012805D10B6801300093054B01936B4699
:104C5000044C010000222000FFF792FF16BDC04661
:104C60000A0500003883041010B504002CF026F962
:104C700001002000FFF766FF10BD000010B5034BD8
:104C80000A0001001800FFF710FF10BD3082041069
:104C900070B5020008680C008CB083070ED1036861
:104CA0003C498B4231D03C498B420BD10723034016
:104CB000023A012A0AD9394806F026F907230340A7
:104CC000022BF5D0012A28D03548F5E7022B1ED15A
:104CD000C00808A904F03DFC050007232068034034
:104CE000022B18D1C00804F018FC0400002C04D1D9
:104CF0002800089904F0CEFA040010202549089EE7
:104D0000F9F783FF8660C56044600CB070BD8368AE
:104D1000C5680893E1E74468E8E703001340DBB2A5
:104D2000002B0CD04110002802DA002005F01CFFF7
:104D300008A808F0FAF908A8FFF7FAFEE5E701A9C4
:104D4000FAF792FA002804D002990198FFF796FF2B
:104D5000DBE72068FAF768F91021002800D041103D
:104D600004A808F0D5F9206808A905F083FB040021
:104D7000200005F0FDFB002801D104A8DCE7FAF7CC
:104D800025F8FF2801D90748D0E7C1B204A808F0E8
:104D90003DFAEDE73082041038830410881B0410BC
:104DA0003C1E0410421E041010B50C001900002A0D
:104DB00001D0EBF755FB0348002C02D02000FFF791
:104DC00067FF10BD907F0410030007B5012809D1CB
:104DD0000B6869460093054B019302231800FFF707
:104DE00057FF02E00248002BF8D10EBD0A05000073
:104DF000907F041003000800094910B58B4203D1CD
:104E00001100FFF79FFE10BD06498B4204D101003F
:104E10001000FAF78BFEF6E71100FFF72FFFF2E71D
:104E200038830410686E0410F0B585B004000D00DE
:104E30001700F9F7F7FE072306002340022B16D1CF
:104E4000E008694604F085FB0400042F27D1009890
:104E5000AB0719D1134B2A689A4215D1290001AA30
:104E600006F0BEFA002806D10F4806F06FF8A368D6
:104E7000E4680093E9E70199029A3000521A611838
:104E8000FFF7B8FF05B0F0BD002301002A00300095
:104E9000FAF77CF8235C01205B001843F2E700205E
:104EA000F0E7C046587F0410231B0410F0B50C0037
:104EB00087B0234B04AF04310138009301970123DD
:104EC000EBF75CFA2068F9F7ADFE002103900800CB
:104ED000FDF779FF0723029020680340022B0BD1D6
:104EE00005A9C00804F035FB0100059E8E19B142EA
:104EF00006D3029807B0F0BD8368C1680593F4E754
:104F00000D002B780A2B19D00D2B12D16C780A3C8E
:104F100063425C4101343B786A1A002B00D01219BD
:104F20000398FFF767FF01000298FDF7B3FC29190A
:104F3000DDE70135AE42E4D10024ECE70124EAE7E5
:104F4000887F0410F0B58FB0099010680C0016002F
:104F5000F9F768FE0890012C3AD07168FFF73EF926
:104F6000072370680340022B2DD1C0080DA904F05F
:104F7000F0FA05900D9B0A93072330680340022B3B
:104F80002BD1C0080DA904F0E4FA06900D9B049300
:104F9000099B012B26D1049B5D1E01235B420B93D1
:104FA00000242700049B03940793079B002B1DD12B
:104FB000039B002B2DD1264B089A26489A4200D1FC
:104FC0000A200FB0F0BD83680D93C3680593D1E745
:104FD00006230A93204B0593CEE783680D93C3689D
:104FE0000693D3E7012300250B93D9E7069B0A9983
:104FF0005A19012305980093FFF7F8FB002816D1F2
:10500000039B002B19D1099B002B09D12F00049B76
:105010005C1E049B0134E21B9A4212D13068D0E737
:10502000099B2C00012B0AD001232F0003930B9B1B
:10503000ED18079B013B0793B7E72C00F7E7039FA9
:10504000E7E7069B0898D919FFF7D4FEB9E7C046F1
:1050500038830410907F0410807F041010B50A007C
:1050600001000220FFF76EFF10BD10B50A0001001D
:105070000020FFF767FF10BD10B50A0001000120F6
:10508000FFF760FF10BD0000F0B50C008BB006000C
:105090000392F9F7C7FD21000700FFF79FF80723E8
:1050A0003340022B13D1F00805A904F052FA050091
:1050B00007232340022B0ED1E00806A904F049FA89
:1050C0000290069B002B0BD1234805F04DFDB368E1
:1050D000F5680593ECE7A3680693E3680293F0E7AD
:1050E0001E4A1F4B974200D10A2307930893099346
:1050F000039B012B2DD107962000F9F793FD8742E2
:1051000005D03800069A0299FFF774FE0400039B4D
:1051100028000093029A069B0599FFF767FB002879
:1051200011D0461B320029003800FFF763FE069BB2
:10513000059A0790D21A9B193800921BE918089417
:10514000FFF758FE099007A9032001F09BFB0BB065
:10515000F0BD0996D0E7C046491E041038830410FC
:10516000907F041010B50122FFF78EFF10BD0122C1
:1051700010B55242FFF788FF10BDF0B503000726B7
:1051800085B0334005000C0001930E40022B08D17E
:10519000401A022E2AD0E80804F0BFF90700606820
:1051A00005E04768022EFAD1C80804F0B6F9002FCE
:1051B00006D0002804D0B84202D0002005B0F0BDCF
:1051C000019B022B16D1E80802A904F0C2F90500E0
:1051D000022E13D103A9E00804F0BBF90100029AE2
:1051E000039B9A42E9D128002BF024FD4342584109
:1051F000C0B2E3E7AB68ED680293E9E7A368E16852
:105200000393ECE7072310B50340022B01D1C0083C
:1052100010BD830708D1054B02689A4204D181680A
:10522000C06804F0A9F8F3E7FEF7C8FF388304105C
:10523000072307B50340022B0ED083070AD102686B
:10524000137B002B06D003339B00D2185268064B09
:105250009A4206D0FEF7B2FFC00801A904F079F91E
:105260000EBDC068FCE7C04659530110F0B50E00F2
:105270008BB0019015003068052203A9F9F7F4FFFF
:10528000049B002B06D11D4B1D489D4200D10A20D6
:105290000BB0F0BD019A00245F00012A05D9013B43
:1052A0007068FF18FFF7C4FF04000F26390006A836
:1052B00007F03BFF089A04990398013904D22800AB
:1052C00006A9FEF7FDFEE3E707783B099F2F00D90B
:1052D00027333033137003783340092B00D9273339
:1052E0003033971C5370002C04D0002902D023784F
:1052F000D71C93703A000130DFE7C04638830410B2
:10530000907F041010B5024AFFF7B0FF10BDC046F1
:1053100038830410072313B503400C00022B0ED072
:1053200083070AD10268137B002B06D003339B004E
:10533000D2185268074B9A4208D0FEF73FFFC008C8
:1053400001A904F006F9019B236016BD8368C068BB
:105350000193F8E759530110F0B507279FB00500F6
:105360000C0016000D920F40212800D00BE2100017
:10537000F9F758FCC37B002B14D03000F9F752FC2E
:1053800005003000F9F74EFCC37B03339B00ED189A
:105390006A68B54B9A4205D173680836069307963A
:1053A00000260AE003231E4238D10120AF4B3168AA
:1053B00006900DA807909942F2D1022F33D1E00850
:1053C0000FA904F0C6F8099000230A93A30705D19A
:1053D000A74A23689B1A5A425A410A9212AA1021DC
:1053E00016A807F0B1FE099A0F9B1400D318059375
:1053F00000230493059BA3421AD8002E04D1069BD8
:10540000049A9C48934230D10A9B9B48002B00D0C1
:10541000974816A9FEF754FE0600D0E10123069333
:105420000DAB0793BCE7A3680F93E3680993CBE741
:105430002178252904D016A807F0E8FE0134D9E721
:10544000059B671CBB4202D88C4805F08DFB617838
:10545000252904D116A807F0D9FE3C00EEE7002567
:10546000282914D1AE4202D1854805F04DFDA01C7B
:1054700004002378292B52D1211AFFF733FB0100B6
:105480003000FBF775FA01230500671C0493002325
:105490003C0000270B9320330893059BA34245D87B
:1054A0000023109301235B421193059BA342CBD9A8
:1054B00023782E2B19D1059B601C8342C4D96378B5
:1054C0002A2B6ED1069B049A934240D913000133D4
:1054D0000C939300079A02349858F9F777FC0C9BC9
:1054E00011900493059BA342AED9002D09D1069BD0
:1054F000049A93422BD99300079A9D58049B013339
:1055000004932278472A54D8442A00D9E0E0099B22
:105510005C49E41A5C481300009404F0DDFC059B30
:10552000A34201D1594890E70134A2E723782B2BFD
:105530001BD00ED8202B1AD0232B1AD00023109367
:1055400023782A2B26D1069B049A934214D85048DC
:105550008BE72D2B05D0302BF0D110220893174369
:1055600001E001231F43013497E70223FAE70423F4
:10557000F8E708230B93F6E7049B079A01330C9393
:10558000049B01349B009858F9F720FC0C9B109069
:10559000049387E72000059910AAFFF729F8040073
:1055A00080E70023059911AA1193FFF721F8040061
:1055B00098E710005838C3B2202BA8D82028A6D8C6
:1055C0002BF092FDD400A5FFA5FFA5FFA5FFA5FF29
:1055D000A5FFA5FFA5FFA5FFA5FF21006C00860084
:1055E00086008600A5FF6C00A5FFA5FFA5FFA5FF0F
:1055F000A5FF9600A5FFA5FFA500A500A5FF6C00CF
:10560000A5FFA5FFD40007232B40022B05D0AB0735
:1056100016D1194B2A689A4212D11AA92800FFF70D
:1056200079FE1A9A0100012A01D01A481DE7109B41
:105630000193202300933B0012A8F6F789FEFDE6B4
:105640002800FEF7E9FC00280BD02800F9F7BEFB84
:10565000109B1AA9087001932023012200933B009C
:10566000EAE70D4801E7C0466D670110407104107C
:1056700030820410B21E041038830410551E04102A
:10568000621E0410961E041004720410681E04109A
:10569000781E0410821E04108D1E0410AB0709D161
:1056A000874B2A689A4205D12800FBF79FFEFCF73A
:1056B000FFFB0500119B0A220393109B00970293A6
:1056C000089B01936123290012A8F6F7C1FEB5E6F5
:1056D0002800F9F7D1FB119B22780293109B011C43
:1056E0000193089B12A800933B00F6F7CBFFA5E6B9
:1056F0000B9B002B01D088231F43119B082203938F
:10570000109B00970293089B01936123DBE714AA87
:1057100010211AA807F018FD23780122722B0BD054
:1057200000220A9B934207D0AB0705D1654B2A683C
:10573000D21A53425A419200290014A8F9F786FA66
:10574000119A1B9B002A00DA1193119A9A4200D9F0
:105750001A00109B1C990193202312A800933B0070
:10576000F6F7F6FD1AA807F0FBFC67E61300119A9E
:10577000173B0392109A0292089A01920B9A1743D0
:10578000009710229FE70800F9F74CFA0490022FC7
:1057900018D1E00814A903F0DCFE05901D2D26D1D8
:1057A000300016A9F9F7ECFA061E08D0169B002B5C
:1057B0000DDC454B049A454E9A4200D10A26300032
:1057C0001FB0F0BDA3681493E3680593E6E714994E
:1057D0001AA8594307F0A9FC1C9B01210093149AB5
:1057E000169B059805F0E9FD04981AA912E6300009
:1057F000F9F718FA049B834217D107233340022B91
:105800000ED1F0081AA903F0A4FE06901A9F1B2DD2
:105810002ED01ED8042D4AD90E2D29D00026CEE731
:10582000B3681A93F3680693F0E7264B049A9A42FA
:105830000AD1012230001AA9F9F716FD0028EDD08F
:105840001A9B1B9F0693E2E7242DE7D13000FEF759
:10585000B5FC242DE2D10123069A009314993B0054
:105860000598FEF7C3FF0E260028A8D01E26A6E73F
:10587000149B002B14D02600002FA0D014991AA836
:10588000791807F052FC149A05991C9828F0E2F94F
:105890001C98149B3A000699C01828F0DBF9A3E77E
:1058A0003000F9F7BFF9049B8342E4D187E7280071
:1058B000069B149A0599009705F0D4FDD3E7C046DE
:1058C000E87504103082041038830410907F0410AF
:1058D000F0B5050087B008680C00F9F7A3F901904E
:1058E000012D2ED96768022D2CD0A068F9F76EFA29
:1058F000060000210800FDF766FA072302902068E1
:105900000340022B21D1C00804A903F022FE0400A9
:10591000049D6519062F43D1AC4230D2207806F0A1
:1059200057F9002815D1AC4229D2002E13D12100FD
:1059300001982A1BFFF75EFA01000298FCF7AAFF04
:105940001DE0062701267642D3E78368C4680493E6
:10595000DEE70134E0E72700387806F039F900285F
:1059600002D10137BD42F7D1210001983A1BFFF760
:1059700041FA01000298FCF78DFFBD4202D802985F
:1059800007B0F0BD387806F023F9002802D00137BF
:10599000BD42F7D1002E01DC3C00C4E7013EFBE72D
:1059A00039000198FEF71AFC380005A9FFF7B2FC90
:1059B000059B03900093002B13D1124805F0D4F8F7
:1059C0002F00210001983A1BFFF714FA01000298FA
:1059D000FCF760FFAF42D2D2009BFC18002E00DD26
:1059E000013E2F00002EECD02700009BFB189D42AB
:1059F000E6D33800009A03992BF01CF90028E0D078
:105A00000137F2E7491E0410F0B507000D0089B018
:105A1000022807D829003800FFF75AFF05002800A0
:105A200009B0F0BD0868F9F7FDF80723029028686F
:105A30006E680340022B15D1C00806A903F089FD4A
:105A40000090A868F9F7C2F9041EE3DB431C0021AB
:105A500018000393FDF7B7F90500062E07D12D486E
:105A600005F074FA83680693C3680093E9E7300091
:105A700007A9FFF74FFC079F0490002F02D126488B
:105A800005F072F8069B009AD3180193019BDE1B68
:105A9000002C0BD0009BB3420ED83A003000049982
:105AA0002BF0C8F8002801D0013EF3E7009BEA681C
:105AB000B34201D8002C1ED1019B009A0099029894
:105AC0009A1AEF68FFF796F9A600BF193860002C04
:105AD000A5D0039BE8681C1BA7003A0081192BF096
:105AE00051F86A68E868121B00219200C01928F07A
:105AF000ABF8AC6093E7A300D3180593019B029821
:105B00009A1BD21BF119FFF775F9059B013C186030
:105B10000196BBE7C11E0410491E04100723F0B50F
:105B20000E6887B00D000392871E3340022B3DD1D3
:105B3000F00805A903F00DFD0400002F20D030006F
:105B4000F9F770F8059A0290A618012F08D0EB68B3
:105B5000062B05D001210091210000F02DFD06004B
:105B6000AB68062B07D00122210000920298059A0B
:105B700000F022FD0400331BDA43D21713400593D3
:105B800001226B68059F2E1D02929A0707D1154AC4
:105B90001968914203D15A6808331E000292002509
:105BA000029B9D4206D10E2007B0F0BDB368F46899
:105BB0000593C2E7AB00F05805A9FFF7ABFB010066
:105BC0000020039B059A834200D0B81ABA4204D839
:105BD00020182BF02FF8002801D00135E0E71E2017
:105BE000E2E7C046A883041010B50022FFF796FF35
:105BF00010BD10B50122FFF791FF10BDF0B59BB0AD
:105C00000E000B90089210210EAA12A8099307F01B
:105C10009BFA089B9E4208D30B9A12AB13CB13C27C
:105C20001B6813600B981BB0F0BD3178771C7D2981
:105C30000ED1089B9F4208D271787D2905D112A808
:105C400007F0E4FA3E000136E3E7B94804F08CFFC0
:105C50007B2903D012A807F0D9FAF4E7089B9F42EA
:105C60002BD271787B29EAD03E007D2903D02129EF
:105C700001D03A2923D100273D0000223378069233
:105C8000212B0BD1089A731C9A4221D97378069361
:105C9000723B012B1CD80236B2420ED93378002455
:105CA0003A2B25D17378741C7D2B26D02600012336
:105CB00015E0089B0136B34201D19E48C6E7337810
:105CC0007D2B03D0212B01D03A2BF2D13500D4E724
:105CD0009948BBE732787B2A05D101330136089A0F
:105CE0009642F7D3E9E77D2AF8D1013B002BF5D1A5
:105CF00033787D2B07D09148A8E7089BA342DCD9D5
:105D000026000024F4E7002F4BD0002338781693A8
:105D100005F076FF00283FD0099B1B68002B01DDB2
:105D2000874893E716AA29003800FEF761FC209AFD
:105D3000169B013A07909A4203D88249824804F0A0
:105D4000C1F8219A01339B009B5801220593099BBE
:105D500052421A60079BAB4234D27C4805F0F6F8F9
:105D6000079B01330793079BAB4204D21B782E2B72
:105D700001D05B2BF4D1079B3800D91BFEF7B2FE94
:105D80000022070001002298F4F77CFC002805D1CE
:105D900039006F4805F0E2F80797E4E74368059398
:105DA000D8E7099B1B68002B01DA6A484EE7209A66
:105DB000013A9342C1D2013321999A005258059277
:105DC000099A1360069B002C17D1002B05D0069B67
:105DD000733B5A1E9341DBB20693102110AA16A8FA
:105DE00007F0B2F9069A059910A8F8F72FFF5A485C
:105DF00016A9FEF765F9059001E0002BE7D1012314
:105E00005B420D931093002C00D1C8E0EFF71EF811
:105E1000229B32000293219B21000193209B16A814
:105E20000093099BFFF7EAFE16A807F0E0F90027A8
:105E3000179B0500C3180A9303780693BB4207D04B
:105E4000464C190020002AF0BDFDB8425AD0013559
:105E5000297800240B00203BD8B20D280DD8404AE9
:105E6000C240012014000440024206D002242B2923
:105E700002D05A4253419C0001352B78232B02D18A
:105E80001B3B1C4301352B780793302B0CD1069B11
:105E9000002B06D10598FEF7D5F8002801D03D2348
:105EA0000693002F00D1079F28000A990DAAFEF73C
:105EB0009FFB037807902C2B01D05F2B04D15B0252
:105EC0001C43079B01330793079B1B782E2B06D19E
:105ED00007980A99013010AAFEF78AFB0790079BE2
:105EE0001D78002D08D029001E482AF06BFD0028DF
:105EF0001BD0079B01330793079B1B78002B35D0E2
:105F00001948A3E66F78002F0AD0390020002AF044
:105F100059FD002806D03B000235069F069397E7FF
:105F2000069795E70700069092E70500E4E7C0466C
:105F3000D01E0410F91E0410EB1E04100A1F0410DA
:105F4000131F0410391F041090730410401F041015
:105F50006C7304104E1F041038830410741F041057
:105F600001280000791F0410891F041016A807F0EB
:105F7000F7F8069B002B08D10598FEF763F83C2341
:105F80000693002801D002330693002F00D120375A
:105F900006231C420AD0732D04D16B4856E6250017
:105FA0002700E9E7632D01D168484FE6069B3D2BAA
:105FB00020D05E2B20D03C2B01D13B3B1C430598CD
:105FC000FEF72AF8002868D0782D09D8612D15D859
:105FD000472D25D8442D60D8002D48D0252D5CD0E4
:105FE0000598F8F72BFE5A4C03002A002000594967
:105FF00003F072FF1023E1E72023DFE72800623877
:106000001628EDD82BF090F8182533494949ECECC7
:10601000ECECECEC333CECECECECECECECEC0E00F3
:10602000582DDDD100222B0003920D9A173B0292CE
:1060300001971022009407E0002303930D9B022296
:10604000029361230197009405990EA8F6F700FAD0
:10605000F9E50598F8F7BAFE0D9B16A9087001221C
:106060000193230000970EA8F6F772F9EBE50023E1
:1060700003930D9B0A220293019761230094E3E7A7
:10608000230701D580231C43002303930D9B082283
:106090000293019761230094D6E70598FDF7D2FF9C
:1060A000002832D0002D1DD06E2D1BD0252D1BD0E9
:1060B000242D95D9472D10D8442D91D90598F8F75E
:1060C000DBFE109B2A0002930D9B011C0193230011
:1060D00000970EA8F6F7D6FAB5E52B00653B022B24
:1060E000ECD97DE76725E9E70598F8F7C5FE402379
:1060F00019491C4327F0F5FB109B662202930D9B68
:10610000011C019300972300E3E7069B3D2B01D17F
:1061100012489BE5002D02D0732D00D060E716A930
:106120000598FFF7F7F8109B0100169A002B00DA8C
:106130001092109B9A4200D916930D9B169A0193C8
:10614000009723008FE7C0468E1F04109A1F04108B
:1061500004720410A91F04100000C842B71F0410E5
:1061600070B516000722050008680C008AB00240CE
:10617000022A17D104A9C00803F0EBF9010000239B
:10618000049A05938A1805AB06A802960194009517
:10619000FFF734FD2068F8F745FD06A9FDF790FFED
:1061A0000AB070BD8268C1680492E8E707B501A92A
:1061B000FFF7B0F80199FEF795FC0EBD70B504002D
:1061C000022905D0042921D0012918D1002070BD51
:1061D0005568012D05D00020022D03D16168486863
:1061E00000E0806816683118002D06D0002E04DA11
:1061F000884209D3A1601160E8E78842FAD91622E3
:1062000001201A604042E2E70021F3E7406806F00F
:10621000BDFF00236360D9E710B5054B0C680A0089
:1062200004499C4200D10449F6F710FC10BDC04659
:1062300094820410DF1F0410CC1F041010B5002836
:1062400002D1024804F090FC10BDC046F11F0410BA
:10625000F7B54568040028001F0016000191FFF7FC
:10626000EDFF2B7B002B0ED0AB6868680093F4F732
:1062700097F900226368A86098681A730099E26031
:106280005A6827F0E7FCA5687519AE4205D91B23AB
:1062900001263B6076423000FEBD606801684768B9
:1062A000A94203D24160691A06F096FFA268BA4279
:1062B00006D9636800219868D21BC01927F0C4FC76
:1062C000636832009868A3680199C01827F0C2FC7F
:1062D0006368A5605A68AA42DDD25D60DBE7000012
:1062E0007FB50D00010010201E00F8F78EFC002382
:1062F00004008360C3609D4242D03068C30705D468
:10630000830714D11F4B02689A4210D1F8F75EFD43
:10631000002506F030FF6060002D2BD00023200008
:10632000029A0199FFF794FF0023A36022E005225F
:1063300001A9F8F799FF072233681A40022A0CD006
:106340009A071AD11B681A7B002A16D003329200D2
:106350009B185B680C4A93420FD11020F4F720F988
:10636000019A0299606006F0E8FE6368029A5A603A
:106370003368E360200004B070BD01250298C8E7CF
:106380001020C6E74078041059530110F7B50500F6
:106390004768160038000191FFF750FF7A68AB6834
:1063A00000249A420CD9D41AB44200D93400B968F6
:1063B0002200C918019827F04DFCAB681B19AB608F
:1063C0002000FEBD70B5040045682800FFF736FFC9
:1063D000054B226805489A4200D105486A68A968B9
:1063E000FEF708FD70BDC046948204103082041090
:1063F00038830410044B88600B60044B08004B602A
:106400000023CB607047C046E07B0410116401108C
:10641000072373B5050080680340022B16D1C0081E
:1064200001A903F096F80400EB68019A002093425A
:106430000BD2E418200005F0A2FB061B310020005F
:10644000FEF750FBEB689B19EB6076BD8368C46870
:106450000193E9E7072313B50B400400022B09D190
:10646000C80801A903F075F8042C07D0052C0BD03F
:10647000002016BD8B68C8680193F5E7019B0E20CC
:10648000002BF6D01030F4E7019905F090FB4300A3
:1064900001201843EDE700000723F0B50B4004008E
:1064A000160085B0022B0DD1C80803A903F051F8DE
:1064B0000500039A032E09D129002000FEF730F9C8
:1064C00005B0F0BD8B68CD680393F2E7002E04D1D0
:1064D0002900636820689847F2E7AB1827270093E4
:1064E0009D4218D22A00002101201378272B0ED0BC
:1064F000223B5E427341DBB20132002B0AD1009B8A
:106500009342F2D12227002905D1053703E0002369
:106510000100F1E727271F4B3A00190001932000E3
:10652000F6F794FA22E0280005F00DFB060028009B
:1065300005F025FB0500B74202D13A001649EEE707
:1065400016495C2E0FD03300203B5E2B02D8320060
:106550000199E4E712490A2E05D012490D2E02D006
:10656000092E0CD110492000F5F7E2FE009BAB424A
:10657000D9D83A0020000199F6F768FAA0E70B494C
:10658000FF2E05D980230A495B029E4200D30949A8
:106590003200C4E7121E0410111E0410151E041050
:1065A000181E04101B1E04101E1E0410211E0410B1
:1065B000281E041005200410F7B51E0008AB1D7836
:1065C0002A4B0C001700984202D0294B984206D162
:1065D0002B0032003900F8F7D9FC2018FEBDF30774
:1065E00015D576100196019BE719002B29DA781E44
:1065F00000213F260127844218D9002900D00193A9
:106600002000002DEAD11B491B4803F05BFC300041
:1066100001A9F8F7B5FB0028E5D13000F8F70EFB2B
:10662000164B02001649180003F056FC0278B243DC
:10663000802A01D039000133421E002BCED0100039
:10664000D9E72000002101243F26B84204D30029C5
:1066500000D001933800D4E7013BBFD321000130C3
:106660000278B243802AF0D10130F9E73082041079
:10667000686E041023200410907304104C720410F0
:106680000C200410F0B585B004000D001700F8F7D9
:10669000C9FA072306002340022B16D1E00803A9FC
:1066A00002F057FF0400042F4CD1AB0732D1264B28
:1066B0002A689A422ED1EA686B68AF68062A08D029
:1066C000032A06D0214804F041FCA368E468039340
:1066D000E9E72500062B07D00122210000923000B7
:1066E000039AFFF769FF0500039AA318062F07D046
:1066F00001232100009330003B00FFF75DFF030002
:106700000A209D4204D8290030005A1BFEF772FB74
:1067100005B0F0BD00232100039A009330002B0048
:10672000FFF74AFF0023C35601210278002B06DA47
:106730004023012101E001315B081342FBD1FEF748
:10674000D1F9E5E70020E3E7587F0410231B04108C
:1067500010B58468C2686168030000208A4204D2D0
:10676000911C890001320859DA6010BD044B886021
:106770000B60044B08004B600023CB607047C046A1
:10678000E07B041051670110F7B504000F001500FD
:10679000032A16D11649F5F7CBFDA368019300260D
:1067A0007B68B34214D81349032D06D0012B03D1C3
:1067B00020001149F5F7BCFD10492000F5F7B8FDA0
:1067C000F7BD0F49F5F7B4FD0E4B01250193E6E740
:1067D000002E03D020000199F5F7AAFD3B00B1007F
:1067E00008332A0020005958F8F730FA0136D7E765
:1067F0001E1B0410064804102A200410B71A0410A7
:10680000B41D0410201B04100B00096802000800CE
:1068100010B54968083004F0A3FE10BD030010B5A0
:106820000A005968083004F0CFFE10BD70B50300AF
:106830000C0005281ED0062808D00020042B04D107
:106840004B680E30002B00D0103070BD01230C4D72
:1068500062685E1C013B9A4203D801206D00284308
:10686000F3E7B300E158062003F08AFB4010330041
:106870002D18EDE701204B685B001843E5E7C046A3
:106880006C83041070B505000E000B48002D11D06C
:10689000AC1CA40020000949F8F7B7F94560002EA8
:1068A00008D002000023083C0832F158D1500433CC
:1068B000A342FAD170BDC0466C830410A8830410B3
:1068C000F7B50C001100200002221E00E9F728FD98
:1068D000174D002C1ED03568AB0703D1154B2A6825
:1068E0009A4217D01020F3F75BFE002104003068B5
:1068F00003F0C0FD002504270190019803F038FE45
:10690000061E09D128002100FFF7BCFF050020006A
:10691000F3F77AFE2800FEBDBD4205D32000F90042
:10692000F3F761FE04007F00AB001E510135E4E780
:106930006C830410A8830410F0B505000E00140049
:1069400085B010280CD007D8042846D90E2822D0AC
:106950000025280005B0F0BD1B281CD01D28F7D14C
:10696000200003A9F8F70CFA051EF2D0039B2C4D6A
:10697000002BEEDD706800215843FFF783FF050010
:106980002B003000083300930421039B7268083009
:1069900004F013FDDDE72000F8F744F9214900F089
:1069A000ABFF0028D4D0636870680021C018FFF7DF
:1069B00069FF07003100726808370500920038004F
:1069C000083127F047F92100736862689B00F818C6
:1069D0009200083127F03EF9BBE71000F8F722F9E2
:1069E000C37B002B06D003339B00C01842680E4BBC
:1069F0009A4205D020000B4901F020F8041EA7D0D0
:106A00002300310062682800009272680833083160
:106A100004F05EFD0E2500289BD0103599E7C04696
:106A20006C830410A88304106D67011030B5040056
:106A300085B0042A2ED103230D0040681D40194261
:106A40001ED1154B0A689A421AD101AA04F0C8FC5B
:106A5000002802D1114804F079FA019B029829001C
:106A6000C01AFFF70FFF0500019B6A6808349B00FE
:106A700008309200E11827F0EDF8280005B030BD8D
:106A80000A00002301002068F8F780FA0230800035
:106A90000559F2E70025F0E7587F0410231B041086
:106AA000F8B50D008021134A134B890090421ED087
:106AB00084880C4203D1012428602000F8BD847C26
:106AC000002CFAD00334A4000419606804689C42C6
:106AD000ECD10600002447680836BF00F719BE4213
:106AE000EBD2290001CEFFF7DBFF2418F7E70024E3
:106AF000E3E7C046307B0410A8830410F7B50D000F
:106B000000230400170040CD01A930680193FFF76E
:106B1000C7FF0198611E047A3A680334A40004197F
:106B20002B006768D208B84730610620FEBD000020
:106B3000F7B5802705000C00BF00AB68002B0FD015
:106B4000A2883A420CD1E15C002905D10F2B07D174
:106B50007233FF331A4203D00422EB681A60F7BD88
:106B6000E37C002B2CD00222033393406968E318A6
:106B70005868C900114304300022F3F783FD021E58
:106B80001ED02B7C2868002B06D001000020EB686B
:106B9000526803F0F3F8E2E700280DD0A3889B05C4
:106BA0000AD4284B9C4207D00069274B984203D156
:106BB0002649274803F086F92100EB685268E8E788
:106BC0002B68002B1CD1A37C002BC8D003339B0067
:106BD000E3185C681B491F4B226800919A420BD155
:106BE000260063681C4A08369B189B00F318019323
:106BF000019B34689E4216D3009B9C429DD1AEE718
:106C00002A7C002ADFD1A2883A42DCD10D4A944284
:106C1000D9D01869EA68696803F0F0F8EB681B6876
:106C2000002BD0D09BE7009B9C4201D10436DFE7CC
:106C300021002800FFF77CFFEB681B68002BF5D0D4
:106C40008DE7C046307B0410A08404102C20041073
:106C500020740410A8830410FFFFFF3FF0B51368F1
:106C60000600150089B0002B26D142688068049187
:106C7000113903904842414103ACC9002374A1601B
:106C8000E560917C00290ED00331890052185768C5
:106C90001A4A3968914223D17A6801920093009B85
:106CA000019A93420AD12B68002B21D0042B03D1E7
:106CB000134B2B60B3686B6009B0F0BD009B9A006A
:106CC0003B00083399580F4B994202D1009B013386
:106CD000E4E72000FFF72CFF2B68002BF6D0E2E75B
:106CE000084B9F42DFD039002000FFF721FFDAE791
:106CF00020000449A360FFF71BFFDDE7A883041011
:106D0000A0840410307B0410F0B589B001AF0400FA
:106D100008220D003800002126F096FF13230026DC
:106D200003A843602168043B83600674C760039432
:106D3000FFF7FEFE0198B04209D0042818D120695F
:106D4000F7F770FF838806001B0602D5206909B09B
:106D5000F0BD002D03D11020F3F722FC0500F37BDA
:106D6000290003339B00F618736820699847EEE703
:106D70003A003100300003F0F5F9E8E7114B37B580
:106D80000D0098421BD0104B984218D003230C00E2
:106D90001C40194211D10D4B0A689A420FD00C4B7E
:106DA0002800195D6A46012303F06AF8009800285C
:106DB00005D10134032CF2D13EBD0024EFE70120C0
:106DC000FAE7C046D20E00008A0E0000187C0410BC
:106DD000D8830410F0B513680400160089B0002BA6
:106DE0004BD1172905D1C2880233D2001343336037
:106DF0001AE0E9225200914218D1C37C3A48002B94
:106E000006D003339B00E3185868002800D13648A9
:106E100002240379234201D0306005E0F9F717FE20
:106E2000306003791C43047109B0F0BDE7225200C1
:106E3000914217D12D4A2E489442EDD0A37C1000E8
:106E4000002B03D003339B00E3185868039083079B
:106E500003D1284B02689A42DED003A90120FFF734
:106E600011FDD9E703A80394836001234160C66044
:106E700021000374FFF75CFED6E7C37C002BD3D060
:106E8000022703339B00C3185B681A793A42CBD1BF
:106E9000043301937368CD0000933D43002B08D168
:106EA0003A0029000198F3F7EDFB009B00289ED1E2
:106EB000BAE783883B420ED128000099FFF75EFFB6
:106EC000002808D0A388DA0703D50B490B4802F045
:106ED000F9FF1F43A780012229000198F3F7D2FB95
:106EE00073684360002382E7A4710410307B0410B0
:106EF0006C830410A88304104A200410207404102A
:106F000010B5CA880149F5F7A1FD10BD7320041022
:106F100070B51D00040008001100054AE9F700FAE9
:106F20000820F3F73DFB2B680460436070BDC0464A
:106F300002000200F0B50B2306000F0014008BB016
:106F4000002A03D00433042A00D00D33002201ADFF
:106F50000192099205A86A6031680E32059607927F
:106F600008950693AF60EC60FFF7E2FD01980428F6
:106F700006D1220039003069F8F742F90BB0F0BDB4
:106F80000028FBD00120002C03D0201F431E984175
:106F900001302A00002103F0E5F8042CEED0062091
:106FA000ECE70000F0B51500126804000F008FB088
:106FB000002A00D07BE0CB000221061D194303907C
:106FC00030000191F3F75EFB031E02D043682B6093
:106FD00011E0E92209A8520097420ED132007B4B02
:106FE00009930AAB52CA52C3F9F731FD0222286055
:106FF0000379134303710FB0F0BD09942168476012
:107000008360C5600374FFF793FD286800282FD0C4
:10701000022223689B881342EDD0032304001C4006
:10702000184213D16A4B02689A420FD1FCF7F6F965
:107030000068062803D16749674802F043FF220031
:10704000012103AB03F028F82860D4E7B72105AA93
:1070500002F0D4FE059B002BCDD003980790F7F7E4
:10706000E1FD00210890022005AA03F07BF8EBE780
:107070000E2FC0D0B72FBED0D52FBCD0B12FBAD0D5
:107080003B00DA3BFF3B012BB5D9D223FF339F42B4
:10709000B1D00E21039805AA02F0B0FE059B002B8B
:1070A000A9D0019B00210120079305AADDE7022258
:1070B00003686E6801939B88134272D000210632E8
:1070C00003A826F0C1FD002309A803AA0994019989
:1070D00047608360C2600374FFF72AFD03980028AD
:1070E0003ED0032302001A40019218421CD1384BB3
:1070F00002689A4218D1FCF791F905940696002E81
:107100000AD18068062800D175E73200012105AB5D
:1071100002F0C2FF00235AE74068062800D16AE760
:107120000221019A05ABF3E705AA002E0AD1B1218D
:1071300002F064FE059B002B14D00794002101206F
:1071400005AA0AE0D52102F059FE059B002B17D0B5
:10715000002102200794089605AA03F003F8D9E756
:10716000002E0DD1D221200005AAFF3102F046FEEB
:10717000059B002B17D00223FF003B430793DDE75D
:10718000ED21200005AA490002F038FE059B002BE6
:1071900013D00220FB00034300210793089605AAA1
:1071A000DBE7002E09D10222F9001143201DF3F77D
:1071B00069FA002800D11EE7ACE70221FB0001229A
:1071C0001943201DF3F75EFA4660A3E740710410EF
:1071D000187C04108020041020740410F0B50C27D3
:1071E0001B4B8BB01B5C0D0004000021160002A895
:1071F0003A00019326F028FD07970027019B05A878
:107200004360296802ABC36005950774FFF790FCE3
:10721000029B042B0AD132002000296903F0ACFC48
:107220000C4B984200D100200BB0F0BD002BFAD0DF
:107230003900012002AA049602F094FF242CEFD119
:10724000F7F710FF03000E20002BE9D01030E7E71E
:1072500060840410307F0410F0B5274B8BB01B5CAA
:1072600003AF0C000822002106003800019326F02D
:10727000EBFC019B05AD6B600B23AB60002328008A
:107280002168EF6005942B74FFF752FC039F042FD5
:1072900007D13000216902F073FE070038000BB0FF
:1072A000F0BD002F19D03800210002F053FF070075
:1072B000062E0CD0082EF1D1C307EFD4830703D1DB
:1072C0000E4B02689A42E9D0002003F01DFEF7F74A
:1072D00089FD012740000743E0E7062EDED1B323F6
:1072E000280021686B60FFF723FC039B002BD5D19E
:1072F000012764002743D1E79284041040780410EA
:107300001B23F0B58BB007000C00151E019301D1B3
:10731000023301930822002103A826F095FC019B6B
:1073200005AE06930923079303AB089300233000AF
:10733000216833740594FFF7FBFB039B002B08D1F6
:10734000002D06D11B333000216806930795FFF707
:10735000EFFB0398042817D12069F9F7C1FD2A0033
:1073600000280BD0002D07D02368D88802F0E7F85A
:1073700001003800F4F7DCFF80222A43216938003D
:10738000F7F764FC0BB0F0BD002805D0210002F037
:10739000E1FE00220100F2E72000F7F74FFC230096
:1073A000020002493800F5F751FBEBE78D2004108D
:1073B00070B504000D000B49F4F7BAFF69680022AC
:1073C0002000F7F743FC20000749F4F7B1FFA96854
:1073D00000222000F7F73AFC20000449F4F7A8FF48
:1073E00070BDC0469F200410201B04107E20041096
:1073F00010B5047A002C04D1C2880549054802F072
:107400006BFD0334A40004196468A04710BDC04696
:10741000A82004104C720410F0B58BB003AF050027
:107420000191160000210822380026F00DFC1023DF
:1074300001240793002305A8296803744460C760EA
:107440000595FFF775FB039B2000042B0BD12869E2
:10745000F7F7E8FB037C320003339B00C018436856
:107460000199286998470BB0F0BD0000F0B50C00F9
:107470008DB0110020007F4A1D00E8F751FF012C5C
:1074800003D0032C08D07C4816E02868F7F7CAFB25
:10749000040020000DB0F0BD2868FDF7B3FE6E6853
:1074A000AB683500049001932540264203D1734B0D
:1074B00032689A4202D0002003F026FD0198F9F7C5
:1074C000D1F90028F7D073680121059387239B0029
:1074D00002931C3B9C460220694B0393059BAB42E5
:1074E00056D12F000A21002D08D0B2680131537CFB
:1074F0001F1E03D003339B00D21857683800431E69
:107500009841401805308000F3F769F8039B0400A8
:107510000360029B8380049BC3805A4B43615A4B98
:1075200083615A4BC3615A4B03625A4B43625A4BB5
:1075300083625A4BC3625A4B03635A4B83605A4B64
:10754000C36009230374594B43630A23C374019B2B
:107550008363002D09D00B238374012D37D0E6639C
:10756000002F02D00C23276463741022002108A886
:1075700026F06AFB002708AD019B9B689F4228D339
:10758000200007A9FFF78CFA01284ED9484893E755
:107590003300AA0008339B5823428CD11A68039FFA
:1075A000BA4288D11A7A002A04D1DA88414942487D
:1075B00002F092FC67469A883A4206D00F001743C1
:1075C0009F80029B024013430293013584E7B66813
:1075D000C5E7019AFB00D668F6183068002822D06B
:1075E000042820D00222A3887168134207D1FFF734
:1075F000C5FB002803D00222A3881343A380DA210D
:1076000033682A007068FF31029302F0F7FB6B6861
:10761000002B08D01020F2F7C3FF0023A86083607E
:10762000029BEB60AD680137A6E701980022C221FA
:107630000430F3F727F8051E10D0436803211A0021
:107640000A400B420AD119681C4BC988994205D1DE
:10765000031D01211A48FFF75BFC686008AA9568C2
:10766000002D00D115E794600021022002F07AFD80
:107670002A00F4E706000200F8200410A883041092
:107680003C8404106177011001730110C57601106C
:1076900059720110DD710110A56F0110356F0110D5
:1076A000096D011001020304050607081974011091
:1076B000D1200410BB2004104C7204108F02000073
:1076C000F4830410F0B50400160009221D00002305
:1076D0008DB007A84260039105AF01322168826036
:1076E000C7600374059307947B60FFF721FA059840
:1076F000002808D12000F7F7A1FA0B4B02000B4934
:10770000180002F0E9FB042807D12B00320003998E
:10771000206902F0C1FC0DB0F0BD00953300039A62
:107720007968F8F7D7FAF6E74C72041005210410CF
:1077300070B50400FFF7B4F90500043021008000A3
:10774000F7F763FA002104000430F2F761FF002D1F
:1077500001D0024B2361200070BDC046A0840410FC
:10776000F0B58DB005AE070000920D000822002193
:107770003000019326F068FA1823002407A843601C
:107780003900103B83600474C6600794FFF7D0F99A
:1077900005980394A04201D0042825D1380003A9FC
:1077A000FFF7C6FF040000231122390007A8069343
:1077B0000593099307940892FFF7BAF9059B002BEC
:1077C00059D00098284339D1010005AA02F0CAFC1B
:1077D0000600062E4FD03000F7F730FA2F4B02008C
:1077E0002F49180002F078FB009A2A430DD101219D
:1077F00004AB049702F050FC04002000F7F712FAE3
:107800008742D0D020000DB0F0BD009B5C00641911
:107810000134A4002000F2F7C3FE06000199221FE4
:1078200080C026F017FA3300009A0598691C02F010
:1078300033FC04003000F2F7E7FEDEE7009B5B005C
:107840005B1902339E003000F2F7AAFE32000700F7
:10785000059B01990360069B083A4360083026F0B7
:10786000F9F93A002800009902F07CFC0600380083
:10787000F2F7CAFEADE703980028C3D0094B22698E
:107880009A42BFD1037A290003339B00C3185E6874
:10789000009A019BB0472061B4E7C0464C720410C7
:1078A00012210410A084041010B503000924002242
:1078B00088B001A903A84460C1600134196803932A
:1078C0008460027401920292FFF732F90198431E1C
:1078D0009841C0B208B010BD1FB5064B0A00019315
:1078E0004B6802938B68010001A8039302F094FC9B
:1078F00005B000BD1C840410F8B50E00032715491F
:10790000154AB0421FD038421FD104688C421CD1A6
:10791000837C002B1BD003339B00C318586803687B
:107920009342EED1050044680C4B0835E418A400DE
:107930002C192868A542E2D23100FFF7DDFF0028AC
:1079400002D10435F5E70120F8BD0020FCE718005E
:10795000FAE7C0463C840410A8830410FFFFFF3FF1
:10796000F7B505000C0001918A070DD10A6810498E
:107970008A420CD00F498A4206D166680834002733
:10798000B74207D10E20FEBD0B4803F0BDFA012619
:1079900001ACF4E7BB00E158084B994206D028003F
:1079A000FFF7AAFF002801D10137E9E71E20EAE727
:1079B0003C840410A883041027210410307B041099
:1079C00070B51C000500080011000D4AE8F7A8FC7E
:1079D0006068F7F727F90B4B984200D1606821687F
:1079E000FFF7BEFF0E2802D1002003F08DFA0C2015
:1079F000F2F7D6FD0CCC05604260836070BDC046D6
:107A0000040004003C84041010B5830703D1054B27
:107A100002689A4202D0044803F076FAFFF7A0FF0A
:107A200010BDC0463C8404103B21041010B50C006E
:107A3000F7F7F8F82100FFF793FF10BD70B50D00C0
:107A40000400F7F7EFF8A84205D02900FFF754FF2C
:107A5000002802D02469200070BD0400FBE7F8B5BF
:107A6000002507002C007B68AB4201D82000F8BD40
:107A70003B00AA000833985802F07AFD061E0BD08E
:107A8000002C04D121007868FEF7FCFE0400AB1C3A
:107A90009B001E510135E6E70400E7E7F7B50C004F
:107AA0000500110020000D4A0193E8F739FCA01CE5
:107AB00029008000F7F7A9F8002605004460A642D7
:107AC00001D12800FEBD019BB700D859002102F06A
:107AD000D1FC2B000833D8510136F0E7FEFF01003E
:107AE00070B50D000400F7F79DF8837B2900033380
:107AF0009B00C318042220005B68984770BD70B5D6
:107B00000D0016000400F7F78DF8837B3200033375
:107B10009B00C018290043682000984770BD70B5CD
:107B20000D000400F7F77EF8837B290003339B00E8
:107B3000C318002220005B68984770BD70B50D0027
:107B40000400F7F76FF8037B2A0003339B00C31888
:107B500021005B682420984770BD70B503000D00BC
:107B6000140000290FD0002A0CD0110028009847DB
:107B700000280DD06B68002B07D16C6001232B43CC
:107B8000AC60E3602C00200070BDAB68DC60F5E702
:107B90006368EB606560002BF5D101332343A5607A
:107BA000EB60F0E7F7B50700002908D000250126B3
:107BB0000B003340314204D000232900EB60080061
:107BC000FEBDCC68CB6023003340344208D1E2686C
:107BD00038000192E3602200FFF7BFFF0100019C23
:107BE0000A0038002900FFF7B8FF21000500DFE791
:107BF000F7B50C008A4207D1002349686360FFF79C
:107C0000D1FF04002000FEBDD76815000121002F20
:107C1000F8D0ED680D42FCD08D436B68394001917E
:107C20005168934214D10023994205D1019B013B35
:107C30001F406F60D160E5E75360D360FFF7B2FF8C
:107C400006006860019BF760002BDBD0AE60D9E7CF
:107C50001E00DB689342FBD100225A60DA60FFF716
:107C6000A1FF0028EED0F0600600EBE7036942694F
:107C7000013B03619B0098587047036942695B1A96
:107C8000013B9B0098587047F8B5446A06000D0008
:107C9000002C16D063682268CB18934222D9083191
:107CA000891820000022F2F7ABFC021E17D1616890
:107CB00020000831F2F7A4FC63682360336A636034
:107CC00034622F00802D00D2802738000830F2F770
:107CD00067FC0023076043600400706202E02368D1
:107CE0005B19236060684519656008342018F8BD89
:107CF00070B50D000C211400FFF7C6FF9D235B003B
:107D000005604360846070BDC368026970B504009B
:107D10000D009A4208D3103399004069F2F763FCD2
:107D2000E36860611033E36023696269591C9B005A
:107D300021619D5070BDF8B50F001D0001684368BA
:107D4000040016008B4208D310318068C900F2F796
:107D50004AFC2368A060103323606268A368511C4A
:107D6000D20061609B1819683F02090E3F0A09069C
:107D7000394319605D60DE70F8BD10B5CAB2816923
:107D80000023496BFFF7D7FF10BD0000F0B58DB0A1
:107D9000040068460E0017001D00F6F7FBFE0028E1
:107DA00002D000200DB0F0BD20003A00310002F0FA
:107DB000E3FE0400F6F7AEFEA30703D1034B2268EF
:107DC0009A42EED001202C60ECE7C046546F0410BC
:107DD000012270B5050003001540104203D01000C9
:107DE00013430B6070BD0028FCD00600032428005C
:107DF00026402342F6D15D683000EDB23A2DF1D134
:107E00009B6810000B60190011401342EAD1080072
:107E10002342E7D11968044B10009942E2D003488D
:107E2000081A43425841DDE740780410E875041011
:107E30000121020030B5050008000D400A4211D1B1
:107E400003241000204022420DD00F2308001340CD
:107E5000062B07D028000A2B04D113090D3B9C42A6
:107E60006841C0B230BD002AFCD05368DBB23A2B67
:107E700005D02D2BF6D1906843425841F1E7080018
:107E8000F0E7000003000120034202D083431843BF
:107E900070479A0711D00F211A090B40062B03D106
:107EA0000220D2001043F3E713000E3B0748022BD9
:107EB000EED8074A9B009858EAE70648002BE7D01F
:107EC0005A68D2B23A2AE3D19868E1E7387F0410C1
:107ED000E88404106C83041070B504000D00FFF7F3
:107EE000A7FF0023984207D02000FFF7CBFFF7F74A
:107EF000B9F8431B5A425341180070BDF7B506004C
:107F0000140015000191002D11D129002000FEF769
:107F1000B9FC0700002C14D13A0001993000FFF79A
:107F2000E7FE01003000FFF7EFFE012008E0013D11
:107F300029003000FFF7A1FEFFF77AFF0028E2D109
:107F4000FEBD3000FFF792FE0500FFF79BFF3B00F0
:107F5000013CA20008339850002DDBD003231D42C2
:107F6000D8D1716A0B0008339D42D3D34A689B185D
:107F70009D42CFD26B681B0A02339B00D21A4A6023
:107F8000C8E70000F7B5856904002B003C331B7877
:107F90000F0018000838042853D829F0D5F8032317
:107FA0002B384D00696CA86C01F0E6F90600902FA3
:107FB00010D1C30002212000002219432830F2F71B
:107FC00061FB002806D04268012002421AD0824399
:107FD000104302E002203601304301002000FFF789
:107FE00093FEF7BD00222B00696CA86C00F0B6FC74
:107FF0000200E9E7009500230122696CA86C00F0FB
:10800000F5FD02002000696BFFF772FEE5E7696C81
:10801000A86C0A2907D801F0AFF9002806D003019F
:1080200006201843D9E701F05BF9F6E76A6CA96C02
:108030000548FCF73AFDE4E7696CA86CFCF71EFE06
:10804000DFE70A201B01ECE73883041010B50C00B1
:10805000FFF7BEFE002398420DD0226801331100C5
:1080600019401A4207D10B00910704D11368034A43
:108070009B1A5A425341180010BDC0464078041064
:1080800010B50021FFF728FF10BD10B50121FFF743
:1080900023FF10BDF0B58BB004001F0002910192C8
:1080A0002D2A0CD10021FFF7E8FD00281BD0830703
:1080B00003D14368DBB2922B15D00BB0F0BD019B0E
:1080C000922B00D0AAE10021FFF7D7FD051E0AD0B0
:1080D000830708D1FF2346683340952B0AD120003F
:1080E000FFF7C4FD013F019B1E3B012B46D83E001C
:1080F000049718E0962BF6D12000FFF7B7FDFF2379
:108100009E43019B33436B60D7E7019B1E2B28D115
:10811000FFF7BBFF002819D12800FFF7B1FF0028A7
:1081200001D1039B0493049B013B0393002E0DD0CC
:10813000013E31002000FFF7A0FD2369049A0500ED
:108140009B1A62699B009850002EDED10025039B8C
:10815000AB420ED1FF1A012FAFD0019B332B1FD1A1
:108160005FE0FFF78DFF0028F0D12800FFF78DFFBB
:10817000D5E72000FFF77AFD0135E8E7019B202BCA
:108180002CD100212000FFF778FD0500FFF778FFD4
:1081900000281CD12800FFF778FFEA25002818D115
:1081A000B91C20008900FFF76FFD0500029B019AB2
:1081B00003603B0213434360002F00D0AAE1019B00
:1081C000962B09D129002000FFF79EFD04E08525AC
:1081D0006D002000FFF74AFD290047E0019B052BB9
:1081E00000D1A9E018002338C5B2092D0DD80928FF
:1081F0000BD828F039FF1F001F001F005400540047
:1082000054007C001F000A002001019B922B00D02B
:1082100060E16368A268013BDB00D318DB782D2B9B
:10822000BED13A0020000299FFF768FE002800D076
:1082300043E7B5E7791E2000FFF71FFD07A9FFF709
:10824000C7FD002889D02226022D02D8019E0D3EAE
:10825000F6B2BD1E002D0DDA002F00D02FE1012156
:10826000079A0A4200D12FE18A4311432000FFF709
:108270004BFD22E729002000FFF7FFFC08A9FFF7CC
:10828000A7FD002800D168E73000089A079907ABDE
:10829000FFF77CFD002800D15FE7013DDAE7791E9A
:1082A0002000FFF7EAFC07A9FFF792FDBD1E00289A
:1082B00000D152E7002DCFDD691E2000FFF7DDFC65
:1082C00008A9FFF785FD002800D146E72900200016
:1082D000FFF7D3FC00092438089A0799C0B207AB0E
:1082E000FFF754FD002800D137E7023DE2E7002107
:1082F0002000FFF7C2FC07A9FFF76AFD002800D1A4
:108300002BE701212000FFF7B8FC0309DBB21800BE
:108310003F380799C0B2332B0AD1CB0707D48B075C
:1083200000D01AE7804B0A689A4200D015E7022075
:1083300001F026FE07908FE700212000FFF79DFC4B
:10834000051E00D12CE7032302001A4003921842B5
:1083500005D1FE2243681340562B00D120E70121AE
:108360002000FFF78AFC0F2203001340022B00D0ED
:1083700016E7039B002B00D012E7FF216B680B4030
:108380002C2B00D00CE7AB681A400592022A00D0D3
:1083900006E71B09482B00D002E7EB68002B00D151
:1083A000FEE69A0700D0FBE65A680A40302A00D061
:1083B000F6E69E68020930000492FFF739FD0028B6
:1083C0000DD15A495A48F8F7EBFD0600A169039B05
:1083D0002A680968F8F7BEFE3000F6F7EDFB3000BA
:1083E000FFF750FD05002000049B0122D900059BEA
:1083F00028300B431900F2F745F94560049801F065
:108400009EF8037820005F2B0ED1FFF72FFC200091
:10841000FFF72CFC0027082302970193019B963B52
:108420005A425341FF185EE6FFF720FC310020005E
:10843000FFF76AFCB4E601212000FFF71EFC0021D3
:1084400005002000FFF719FC0F212940022900D068
:1084500083E6002800D180E6032602003240304245
:1084600000D07AE64368DBB2322B00D075E62D09E6
:10847000B540836829432F480393F2F703F9002896
:1084800000D16AE6039B4068190908AA01F0B6FC0E
:10849000089B002B00D160E6DA070AD4334200D0F3
:1084A0005BE61A6820498A4203D023498A4200D0F9
:1084B00053E6099A002A00D04FE60793CCE6200045
:1084C000FFF7D4FB013FC7E639002000FFF710FC9F
:1084D0000100CBE6019B962B14D16368A268033B95
:1084E000DB00D318DB782D2B00D059E63A002000B2
:1084F0000299FFF703FD002800D151E66368023BB3
:108500006360DAE5019B062B00D18AE6362B00D1A9
:1085100087E622E62000FFF7A9FB2B00013FBA0007
:108520000833985048E6C0464078041044210410AF
:1085300094720410F4840410E875041003000068B9
:1085400030B500280AD084070AD14468E5B28D42CC
:1085500006D10300200A0833136030BD0300FBE797
:108560000120F9E7F0B5C14B99B00F0005900A91D1
:1085700007A8BF4904920993F6F7D8FA802000248F
:10858000402380000B930C94F2F70AF820230D90FF
:1085900080200E930F94F2F703F82100109015A895
:1085A000119713941494F2F733F8049B3D22A342DD
:1085B00003D00232022B00D022000023796BD2B20A
:1085C0000BA8FFF7B8FB00230C9C002C00D167E13F
:1085D000013C0D9A0C94E4001219D17814CA1202CD
:1085E000120A0292A34A0091525C0392A24A525C80
:1085F000632902D9802149000A43A0495200521838
:1086000001920F22039D0399154021320A40102A3E
:108610001AD0202A49D0002B00D105E1022D00D02C
:10862000F6E0012C18D000220399631EC90705D576
:1086300001994988090B012900D16308012B00D059
:10864000E4E0002ABFD0E1E0002C07D1802239000D
:1086500052013C31A54204D80123B5E7002BB2D02A
:10866000F4E7019B66009B5B180B000390420CD162
:1086700008781B051B0D984215D10BA80099FFF730
:1086800081FC3800F1F778FB9DE7631CAB4204D214
:10869000009A02990BA8FFF74EFB019B995B0BA870
:1086A000FFF76BFB8FE70134D4E7002B0BD0744B43
:1086B000019AE3185B009B5A1B0B032B18D1002176
:1086C0000BA8FFF721FBA54227D8049B002B02D063
:1086D000009B052B41D000242600002D63D1012EE4
:1086E00000D088E0039B5B0600D484E02E007BE092
:1086F000012CB1D93B003C331B786248062B00D0DB
:10870000FCE06149F8F74CFC040000237A6B3968FF
:10871000F8F720FD2000F6F74FFA8021019B660054
:108720009B5B49011A0B12038A4214D13A003C3276
:108730001278DBB29A420AD1082A03D100990BA819
:10874000FFF720FC3800F1F717FB0134BBE7002CE2
:1087500000D181E7CEE7631C9AE700210BA8FFF761
:108760008CFA061EB7D101210BA8FFF786FA040088
:10877000830705D00F230340022B07D13400ACE759
:108780000028AAD04368DBB23A2BF7D10BA8FFF739
:108790006DFA0BA8FFF76AFA0023082202990BA8CA
:1087A000FFF778FC0FE78021019A013D6B00D35A57
:1087B00049011A0B12038A4205D1DBB2082B8CD176
:1087C0000134013689E721000BA8FFF756FA431E52
:1087D00098410134361880E70BA8FFF747FA0028C4
:1087E00000D1280005000136A642F5D129000BA8CA
:1087F000FFF78AFAE7E66B461B7B5BB2002B04DAD5
:1088000000210BA8FFF780FA01342300009AC5E786
:10881000012C00D120E701222300134014423DD057
:10882000032D00D100E765E7230001222B400199C9
:1088300013405A00565A8021320B120349018A42D2
:1088400024D13A003C3212783605360DB2420AD1B4
:10885000002B03D100990BA8FFF794FB3800F1F728
:108860008BFA0134E0E70134D8E6C0466FA500106A
:10887000E79C01105089041018850410C885041065
:10888000FFFFFF7F70720410502104100299009ABC
:10889000631C0BA8FFF74FFA310000E71A00C3E68C
:1088A00015A8F1F7CBFE149800280AD041682200E1
:1088B0000831F1F7A5FE149B5A681A60139A5A60A2
:1088C00013933B003C331B78002B00D012E70F9B27
:1088D000002B00D10EE7109B0D981B681293F1F747
:1088E00093FE1098F1F790FE0120F6F72DF9059A06
:1088F00012AB03CB03C2059819B0F0BD0549022B9A
:1089000000D1FFE604480549042B00D1FAE60449EA
:10891000F8E6C04659210410947204107B2104101B
:108920001B14041070B504004068002801D1606079
:1089300070BD4568F1F768FE2800F6E710B5040041
:10894000002906D0044B4A6B036009680023F8F73E
:1089500001FC2000F6F730F994720410F0B5040021
:1089600087B01000039202936518002A06D00238DF
:10897000222803D9374802F0F7F80134AC4221D35A
:1089800000272000291B03AA00F0E8F9231801930F
:108990000023019C0493AC4223D30126049B002FA7
:1089A0004AD05B42B3401E43019B9C424CD1039A88
:1089B000012A00D1002228492848F8F77BFB0299B8
:1089C000FFF7BCFF207803F003F9071ED5D1237809
:1089D0002B2B01D10134D4E72D2BD1D10127013428
:1089E000CFE723781E00303E092E0BD95F2B01D133
:1089F0000134D0E7202213431A00613A192ACCD857
:108A0000573B1E0003990498B142C6D904AA02F04C
:108A1000F9FA002805D1049BF618730004967340F8
:108A2000E6D5019B3A000593E91A05A8039BF9F7DF
:108A300006FD059C0600B7E75B00B4E7207803F06D
:108A4000C7F80028B3D00134AC42F7D3AFD130001F
:108A500007B0F0BD8E210410A3210410047204108D
:108A600070B50D00041C00291BD0002124F07CFFF0
:108A7000002816D163001B0E104AEB18DBB2DB0591
:108A800014401C432B000A330DD3684224F0A0FF8E
:108A9000011C0B4823F022F9011C201C24F0F4FED9
:108AA000041C201C70BD280024F092FF011C044807
:108AB00023F014F9211C24F014FFF1E7FFFF7F805D
:108AC0000000A040F0B587B00592002243180400D2
:108AD00003931600130010001500019204920399ED
:108AE0008C4268D2611C0291302149428C46277821
:108AF000BC446146092939D8022D09D1394C019964
:108B0000A14203DC0A24614361440191029CE6E72F
:108B1000002903D0344C0A27A04209D9002D01D1E5
:108B20000133F3E70136F1E7A04213D87843013B64
:108B3000002BF9D133000A26002B0DD12E00A042C4
:108B400010D86C1E66427441121B0A2460436044B4
:108B50001E00DBE70132EAE7A04201D87043013A88
:108B6000013BE9E7002DF3D10132CFE7002D03D11E
:108B70002E2F03D10125C9E7022D1AD02021394318
:108B8000652916D10399029DA94204D967782B2F34
:108B900007D1A11C02910299039CA1421FD002257A
:108BA000B4E702252D2FB1D1611902910121049161
:108BB000F1E75F2FAAD0049900290CD19B18019AE4
:108BC0009D1824F000FF2900FFF74AFF059B18605D
:108BD000200007B0F0BD019949420191EEE7002461
:108BE000F6E7C0466466660697999919F0B589B0AC
:108BF00004930023039300230500202605924718C1
:108C0000019300232C000793BC4204D3002302935A
:108C10000BE00134F8E7207802F0DAFF0290002838
:108C2000F7D123782B2B57D10134A31C9F4266D94F
:108C300023783343692B54D1637833436E2B5ED151
:108C4000A3783343662B5AD1FF23DB050793E31D3B
:108C5000E51C9F4214D9E3783343692B10D1237963
:108C600033436E2B0CD163793343692B08D1A3793D
:108C70003343742B04D1E3793343792B00D1053589
:108C8000059B002B0FD0BD420DD22B7833436A2BAE
:108C900009D1AC4202D1FE239B0507930223019A1E
:108CA00001351A430192029B002B04D08022079BBE
:108CB00012069B180793AC4228D0BD422FD333D164
:108CC000019B012B22D00798002B38D0011C039860
:108CD000F7F7FEF809B0F0BD2D2B97D101342C3BEE
:108CE00095E76E2B0BD163783343612B07D1A378C3
:108CF00033436E2B03D1164BE51C0793C0E72000CE
:108D0000391B07AAFFF7DEFE051EB9D1114912482B
:108D1000F8F746F90E99FFF711FE0135CDE72878EF
:108D200002F056FF0028F8D1049B002BEED0019BE7
:108D3000002BEBD1079B03930123019361E7049B75
:108D4000002B01D00021C3E7F8F7F4FAC2E7C046D0
:108D50000000C07FAF2104100472041030B5136806
:108D600001291CD90178302919D145781039841C82
:108D70002943782905D168398B430ED11160201A17
:108D800030BD6F2901D16739F6E7622901D1603919
:108D9000F2E7002B01D1013313600400EFE7002B51
:108DA000FBD10A33F8E710B509C8984710BD70B574
:108DB00005000C008E18B44200D170BD6B682868A5
:108DC000984720700134F6E770B5050000247F262F
:108DD0006B68286898470300E40133401C43000691
:108DE000F6D4200070BD0000F0B587B00500FFF795
:108DF000DAFFC4B2042C05D8274BA400E4582000A5
:108E000007B0F0BD2800FFF7DFFF061E06D1062CD5
:108E100004D12800FFF7C7FF204CF0E70A2C10D13F
:108E200000213000FDF72EFD00270400B742E6D0F8
:108E30002800FFF7D9FF2300BA0008339850013704
:108E4000F4E7310002A804F070F932002800049918
:108E5000FFF7ADFF631F012B0CD82800FFF7A3FF1E
:108E600002A8052C03D1FBF759FE0400C7E7FBF766
:108E70005FFEFAE704980399072C04D100230A2225
:108E8000FFF76CFDF1E7093C63425C410023E2B26D
:108E90000093FFF7ABFEE8E7008A0410907F041010
:108EA000F7B5040000270125009101922068FFF723
:108EB0007AFFC6B2FF2E00D1F7BD284208D0206845
:108EC000FFF782FF43089B0028420BD1009AD71876
:108ED0007008112E24D828F037F908080808080867
:108EE0001A1E2100A768FF18F2E72B00284203D0C2
:108EF0002068FFF769FF0300019AB60802D0012E2F
:108F000003D1A2683800190013E0E268FAE7636849
:108F10009A682B00F6E76368DA68FAE7074AF8E729
:108F2000074BC018054B80001A58F2E70668B618C0
:108F300040C00139FAD29B00FF18B7E7386C041023
:108F4000F7FFFF3FF0B593B007000D91FFF73CFF2F
:108F5000032303409A1C0692042202400792C2088F
:108F60000C92002B0DD11000F1F71AFB0025010027
:108F700004900C9A3800FFF71AFF08950595002415
:108F800093E00C98F1F70CFB0C9A01000490380068
:108F9000FFF70DFF069B3800032B49D1FFF714FFA5
:108FA000002104000126049B05911D181B5C5BB287
:108FB000481C002B33DB002508950B950A950023F0
:108FC0000993079B002B11D03800FFF7FDFE069B8D
:108FD0000790D81E43425841079B0026C0188000C6
:108FE000F1F7DEFA0990079B9E4261D1ECF7E1FCB4
:108FF000069B0600022B00D06BE00025049B012499
:109000001A782B0052B2681C002A5ADB3000099AE9
:1090100004999BB2ECF7D4FC300013B0F0BD2B5C8C
:109020009A1132408A400599114305910100BEE72B
:10903000FFF7CAFE069B0590052B08D13800FFF705
:10904000C3FE08903800FFF7BFFE050097E7202316
:10905000059E059A00251E401A4203D03800FFF7EE
:10906000B3FE050040230598059A18401A4202D025
:109070003800FFF7A9FE2C18002C14D0032303306E
:10908000984304002818F1F7AAFA03190B900A93E1
:10909000002E04D02A0019003800FFF788FE0025B2
:1090A0002C0008958BE7250008940B940A9486E71A
:1090B00038000D99FFF746FF099AB300D0500136EA
:1090C00091E7049A125C91112140A94005000B43DD
:1090D00098E70D9B0E970F930A9B10930B9B119390
:1090E000059BDB0611D5164F3868002803D1010017
:1090F000F9F769FE3860124B04991868F9F7CAFB52
:10910000049A0EA81100FFF7CBFE069B032B07D194
:10911000049B1C19079B002B03D0099A9B009C50B1
:10912000099C6B46197E089B039502936B469B8AAC
:1091300030000193049A0C9B0094ECF74AFC6BE717
:1091400020210020F0B5040083688BB008930368E9
:1091500005AD06A80F003E490993F5F7E7FC042288
:1091600029002000FFF723FE2F22AB7828789908EA
:109170000A404D280AD16878062807D1002A02D073
:10918000DA43920702D1EA781F2A02D9314801F066
:10919000EBFC2B22114201D02F48F8E740221900A6
:1091A000114001911342F1D12000FFF70DFE029012
:1091B0002000FFF709FE029B03905E000336039B2D
:1091C000B008C01880003D68F1F7EAF903239E4318
:1091D000A8608019E860019D029B9D420DD1002589
:1091E000039B39689D4229D12000FFF7ABFE7860D0
:1091F0000120F5F7A9FC0BB0F0BD2000FFF7E4FD5E
:1092000001234608184213D13000F1F7C9F93200A2
:10921000010001902000FFF7CAFD2000FFF7C3FD09
:109220003100019800F0A8F806000198F1F7ECF978
:109230003B686A009B680135D652CDE7CE68AB002B
:109240002000F618FFF7D0FD01353060C8E7C046B2
:10925000E79C0110B5210410C12104101FB50C00BA
:10926000010001A80DF012FC210001A8FFF76AFF20
:109270001FBD00000200064B1168586A43685B007E
:109280005B08994202D3C91A116070470068F5E77C
:109290007020002010B521240200411806488A429F
:1092A00004D3C0B2002800D1013010BD6043137850
:1092B00001325840F3E7C04605150000054B064A49
:1092C00010B55A62812200219200044899501DF085
:1092D00021FE10BD702000203416051080220020D1
:1092E000F0B585B002900191012000293DD002988F
:1092F000FFF7D0FF1F4B03905C6A002C01D12000C8
:1093000033E0E668E3790025013E7F2B12D8771C15
:1093100026001836BD4213D32468EEE777197F087C
:10932000BB1D9B00019A1959029827F0F1FB0028F8
:1093300004DD3D00731B012BF0D8E8E73E00F9E7A0
:109340002369039A5B5D9A4211D16369019A5B5D5F
:109350009A420CD1AB000299F05827F06BFC002820
:1093600005D1606840004008401905B0F0BD0135E6
:10937000D0E7C04670200020F7B55F4C0190200078
:10938000009127F031FF00990198FFF7A9FF051E12
:1093900000D0ABE0009BFF2B06D9200027F03CFE5D
:1093A0005649574800F08EFD8126564CB600009B6A
:1093B000A0595F1C002815D082239B00E15804337C
:1093C000E358FB188B4231D92A007918F1F718F9C4
:1093D000051E23D183239B000200E158A059F1F719
:1093E0000FF9A5513E00802F00D280263000F1F702
:1093F000E4F88123434D9B00E850002845D1380014
:10940000F1F7DBF881239B003E00E85000283CD1B7
:10941000394827F001FE380001F092FB82229200C9
:10942000A358DB19A350A359002BDBD08322812141
:1094300092008900A35866580199F618FB18A350AA
:109440003000009A24F006FC0023009A3000B35448
:109450001100FFF71FFF636A07009D68DB68AB42DE
:1094600031D36D000A2D00D20A250620684318303A
:10947000F1F7A3F800280FD18122224B92009850D7
:109480001D4827F0C9FD2800C6E7822300229B0063
:10949000EE500433EA50C9E70300AA0018339B18C2
:1094A00003615B194361636A5A680360DB68856026
:1094B000D21843685200DB0F5208DB0713434360A6
:1094C0000023C3606062626A0099D3681269D7544E
:1094D000626A5269D154626A991D89008E5055683A
:1094E000D1686D0001316D08D160ED18024827F098
:1094F00093FD2800FEBDC04680220020CD2104102F
:10950000DC7204107020002010B5040027F0D6FC97
:1095100001002000FFF730FF10BD07B5019001A842
:10952000FFF7A8FE0269019BD05C0EBD07B5019054
:1095300001A8FFF79FFE4269019BD05C0EBD07B5F5
:10954000019001A8FFF796FE019B06339B00185877
:109550000EBD13B5019001A80C00FFF78BFE019B17
:109560004269D25C06339B001858226016BD000089
:10957000F7B51D001C4B0090180016000F0001935A
:1095800027F032FE0023009A13603B6033602B60AB
:10959000164B5C6A002C0ED12B68326801989B1820
:1095A0002B6027F039FDF7BD3268187801321218A8
:1095B000326001330EE00E4B9C42EDD0009B009ACE
:1095C0001B68013313603B68E2689B183B60E168ED
:1095D000636959188B42E7D32000F0F74DF92B68E7
:1095E00024681B182B60D5E7802200207020002003
:1095F00034160510F8B50F4F380027F0F5FD0E4B67
:109600005C6A002C09D1380027F006FDF8BD0B4933
:1096100004CE0B48F3F71AFA07E00A4B9C42F2D04B
:109620002600E5681836AD007519AE42EFD3246800
:10963000E7E7C0468022002070200020D5210410DA
:10964000086C041034160510F0B500227F240127A1
:1096500001310B78002B01D10370F0BD5BB2451CCA
:10966000002B20DA002A02D02023037028000A7879
:10967000124B2240002A0BD100269E5705001A7873
:109680000130002E0CDA22402A703A000131E0E766
:1096900000255D570133002DFADA013AD2B2E9E72D
:1096A00001332A70E8E7012A02D120230370280041
:1096B0000B78022203700130E8E7C046DC21041079
:1096C0008368C268934203D25A1C8260187870473C
:1096D00001204042FBE7036810B5013B040003335F
:1096E00002D84068F0F790FF2000F0F78DFF10BD22
:1096F000F8B5050010200C001F001600F0F750FF11
:10970000054B44608460A4190760C4606B60034B20
:109710002860AB60F8BDC046C1960110D796011015
:1097200010B500220400A05C8B5C00280BD0002B3D
:1097300005D102F07DFA01235840C0B205E09842FD
:1097400006D10132EFE7584258410123184010BDBD
:109750000020FCE713B5002808D001236A4600F07A
:109760008FFB0098431E9841C0B216BD0224094BDE
:10977000C9000C43020021001800F0F783FF02002B
:109780000120002AF1D121000348F0F77BFF431E9E
:109790009841EAE7387A0410A479041007220A4BAA
:1097A0002C3080001B185B6810B51A40022A06D0C6
:1097B00006489A0706D1064A1968914202D1180054
:1097C000FBF736FD10BDC046702000209348041002
:1097D00038830410F7B503780400002B01D1002072
:1097E000FEBD402B24D101230193002304221E003F
:1097F0001D00190094462278002A48D10120DA1E63
:109800008242EDD9002903DC002D01DC002E02DDAF
:109810000120002BE4D0013C237801205C2BDFD019
:10982000019A002ADBD00A3B5A1E9341D8B2D7E7EF
:109830004349FFF775FF0028D5D120004149FFF7C4
:109840006FFF0028CFD120003F49FFF769FF0028B4
:10985000C9D120003D49FFF763FF0028C3D1200094
:109860003B49FFF75DFF0028BDD120003949FFF7D4
:1098700057FF0028B7D120003749FFF751FF0028D4
:10988000B1D120003549FFF74BFF0190ADE760787B
:10989000272A0CD1002B4AD0032B02D1272804D130
:1098A00047E0012B01D8012253400134A3E7222ACB
:1098B00013D11A006746BA430BD1222805D1A278EA
:1098C000222A02D16246023438E0002B03D004235E
:1098D000EBE7022BE9D1022230E05C2A0AD12728EB
:1098E00003D0222801D05C2804D11A00501E8241E6
:1098F000A418DAE7002BD8D15D2A14D008D8292A79
:109900000DD05B2A0DD0283A504242418918CCE74D
:109910007B2A0AD07D3A50424241B61AC5E7013946
:10992000C3E70135C1E7013DBFE70136BDE72728A1
:10993000B9D1A278272AB4D10234243AD31AB4E791
:1099400077180410BA180410D7530410B61804106E
:10995000C03C0410484904103C3D04105C1804103D
:10996000F0B50D008FB04618049007920893019649
:10997000019B5C1E049BA34201D9019310E0207857
:1099800002F032F9002801D00194F1E7207802F0CA
:1099900037F90028F8D123785F2BF5D02E2BF3D0A0
:1099A000774B0393019CB44202D223782E2B0CD127
:1099B000019BE71AB44216D039001800FFF790FC5B
:1099C000011E04D100200FB0F0BD0134EBE70123EC
:1099D00003980CAA00F054FA0C9B0393002BF1D0CF
:1099E000631C0193DEE7062D0AD907226549049816
:1099F00027F020F9431E9841039B40420340039304
:109A0000614B02245A6A5368D2685B005B089B185A
:109A1000099300231E001D0006930293099BA34295
:109A200017D8029B002B49D1019B049A9342C9D1BC
:109A30007B1E052BC6D8534C3A002100019827F015
:109A4000F9F80028BED1089B3C1907301C60C01BE8
:109A5000B9E720000BA9FFF77CFD0590002F04D18A
:109A600003785F2B0BD10134D8E70B9B9F42FAD8C8
:109A70003A000599019827F04BF80028F3D121000E
:109A80000398FFF767FE0028EDD03B000B9A002DEE
:109A90000DD11600059D029B0694002BE3D1029484
:109AA000E1E70599E85CC95C884205D10133B3421E
:109AB000F1D89A42F5D2EEE71E00ECE7029B069A37
:109AC000934201D0B74258D2089AEB191360F01BA9
:109AD00079E702980BA9FFF73CFD0600002F10D193
:109AE00003785F2B17D1029B01330293029B069AE6
:109AF0009342EED925490798F2F71AFC012040421B
:109B000061E70B9B9F42EED801003A00019826F0D6
:109B1000FFFF0028E7D102990398FFF71BFE0028FA
:109B2000E1D02B000F220F33DC171440E41824116E
:109B30002401641B012C00DC10340B9A2B199B1898
:109B4000402B13D8002305E011490798F2F7F0FBEA
:109B5000049B01330493049B9C42F5DC310007987D
:109B6000F2F7E6FB0B9BED182D19BCE73200094913
:109B70000798F2F76BFF0B9DB5E74025B6E7C046A7
:109B800024A2041002A2041070200020DB4804105C
:109B90003A48041023400410D02212061268024BE7
:109BA0009200D0587047C046B41B002070B585683D
:109BB0000400FFF7F1FF0561FFF7EEFFE468C46002
:109BC00070BD000010B58288C02114004900030058
:109BD0000C400B488C4206D0110605D5DA7B0332C7
:109BE00092009B18586810BD802110004900084061
:109BF0000A42F8D0DA7B033292009B185B68F1E7E7
:109C000029BB011070B5FFF759FBFFF7C5FF89238A
:109C1000012200252A4C9B00C561E2528A22920053
:109C2000A258AA4200D0E5528C239B00E552F7F7D8
:109C30002FF9244B03212364234B2448E364862318
:109C40009B00E5500433E5546564A564F6F7A0FE77
:109C50001F4E01213000F6F79BFEAA22BA213000E8
:109C6000F6F7A0FFFFF798FFC660FFF795FF230008
:109C7000B03306611D602300A4331D600021230062
:109C80000800FC3326009D60DD602567F9F79BF82E
:109C9000B4360A213060F8F7FDFD30680D49F8F759
:109CA000F9FD00210C48F8F73FFF23000B4AB833B9
:109CB0001A6023000A4ABC33C03425601A6070BDA4
:109CC00070200020647504106C830410C0200020F4
:109CD000D0200020E206000004210020020700003E
:109CE000DA060000704710B58368C068984710BD59
:109CF000074B10B5186F002801D1064810BD00228F
:109D000005490430F0F7BEFC0028F6D04068F5E7BE
:109D100070200020F86104107A0E000070B5040075
:109D20000D00FFF739FF0221E4002A002143C0683B
:109D3000F6F738FF70BD10B50400FFF72DFF0221C4
:109D4000E4002143C068F6F73BFF10BD70B5040086
:109D50000D00FFF721FF0221E4002A0021430069E2
:109D6000F6F720FF70BD10B50400FFF715FF0221C4
:109D7000E40021430069F6F723FF10BDF8B50700A2
:109D80000C0016001D00930708D113689A889106ED
:109D900015D5520611D5A3889B0501D52E60F8BDB7
:109DA00000280AD1104B9C4207D00C200F49F4F731
:109DB0002CFF446086602860F1E7C0C5EFE70C4ADD
:109DC000934202D173682B60E9E70A4A9342E5D1D6
:109DD000002806D0F4F726FF074B0400984200D174
:109DE0003C00736818C5DAE7307B04100CA204103D
:109DF000F4830410DC8304103C840410F8B50023C1
:109E00001360536007000E001400F4F70BFF050009
:109E10000A2E01D12060F8BD192E07D1C0238288F7
:109E20005B001A4202D0154B88C4F4E76B7B002B11
:109E30000CD003339B00EB185B6822003100380024
:109E400098476368042BE6D100236360EB7C002B0A
:109E5000E1D0022103339B00EB185868F600002282
:109E600031430430F0F70EFC0028D4D042682300C0
:109E700029003800FFF782FFCDE7C0466C6104106F
:109E8000F0B58DB0050068460E0017001C00F4F711
:109E900081FE002808D13A0031002800FFF7AEFF0C
:109EA000F4F738FE0DB0F0BD002CFBD1019B044946
:109EB0001868FDF721FD0028F4D10198F4F77CFE25
:109EC0002074041010B5002903D1F7F761F8F4F7F6
:109ED00073FEF7F765F8FAE70EB403B503AA02CAF2
:109EE0000192F7F785F8F4F767FE000070B50400FB
:109EF000FFF752FE02250069E3001D4300222900FE
:109F00000430F0F7BFFB021E17D10D4B186F00286D
:109F100007D029000430F0F7B5FB002801D04068D5
:109F200070BD002229000748F0F7ACFB021E04D1E7
:109F3000220005490548FFF7CFFF5068F0E7C0460B
:109F400070200020A85D0410274004102473041022
:109F500010B50400FFF720FEC36802699A420AD0D8
:109F60000221E2001143181D0022F0F78BFB0028AC
:109F700001D0406810BD2000FFF7B8FFFAE70000ED
:109F800037B505000C00032807D10800F5F76AF87B
:109F9000002810D00E2420003EBDCB0720D54B104A
:109FA00008281BD827F0C0F8F70B1A1A051AF7096A
:109FB000F700002BEED01E24EDE7002BEBDAC022D9
:109FC0001206934205D18020C005F8F710FA04006C
:109FD000E1E75B4201245B001C43DCE7DB43F9E77C
:109FE000062829D107230B40022B13D08B0723D13E
:109FF0000A68137B002B1FD003339B00D2185268D2
:10A00000214B9A4218D14868002809D18B68C8684A
:10A0100001930DE0CC082000FFF77FFA002803D061
:10A02000012440000443B6E7200001A9FFF791FA9C
:10A030000199FFF72FF9F3E72000F4F7F3FDC37A56
:10A04000002B1AD003339B00C0184368210028005E
:10A0500098470028BBD1042DADD02B00083B022B24
:10A0600010D90A4B20005D5DF4F7E8FD084C0300B1
:10A070002A0020000749FFF72FFF062DEBD101230F
:10A080006400A9E7002486E7595301109284041064
:10A090004C72041033400410F7B51E000400150084
:10A0A0000191F4F7BFFD837A002B08D12000F4F76B
:10A0B000C5FD084B020008491800FFF70DFF0333E8
:10A0C0009B00C018476833002A0020000199B84758
:10A0D000FEBDC0464C72041005210410002310B5CB
:10A0E0001A001900FFF7D8FF10BD0000F0B587B0C7
:10A0F0000C0015001E000700FFF74EFD03690493D6
:10A10000FFF74AFDC3680593FFF746FD0561FFF7BA
:10A1100043FD0F49C66002A8F4F708FD2200634220
:10A120005C413E6839006846FEF71CFAE2B2310035
:10A130006846EAF795FC0400002D02D0FFF7CEFF39
:10A1400004000120F4F700FD200007B0F0BDC04678
:10A15000AD9B011007B50022019101AB0121FFF772
:10A160009BFF0EBD70B50D00516814004B1E994148
:10A1700002235B1A9B00D31809182A002068FFF7F6
:10A180008BFF70BD10B50400F6F7A0FF002806D0C5
:10A19000002320001A001900FFF77EFF04002000B2
:10A1A000F6F7B2FF002804D103490448F6F7F8FE99
:10A1B0000400200010BDC0463C4004104C72041046
:10A1C000C300022030B5184387B00D001400019081
:10A1D000FFF7E2FC036904950293062303930C4BFB
:10A1E0000594186F00280ED000220A490430F0F7B9
:10A1F00049FA002807D000220521406801ABFFF78B
:10A200004BFF07B030BD01A90520E7F79FFCF8E739
:10A2100070200020AA0E000070B5160004000D008A
:10A22000FFF7ECFD3368002B12D10A4EA30709D1CA
:10A23000094B22689A4205D1E28808492B00300078
:10A24000FFF74AFE2000F4F7F9FC05490200F5E7A4
:10A2500070BDC046207404103C8404105D4004109E
:10A260006640041007B56A46FFF7D6FF01990098CB
:10A27000002900D10EBDF5F76BFDFBE7F0B587B007
:10A280001C0006000D001700F4F7CCFC3E4B0090BC
:10A29000984207D123003A0029003000F7F756FC16
:10A2A00007B0F0BD009B9A88C02311005B001940E5
:10A2B00001911A4218D0062D32D1FFF76DFC002310
:10A2C00003620098FFF77EFC03003000984720608F
:10A2D00000281FD1FFF760FC036A002B02D0236027
:10A2E0000020DDE72560FBE7062D19D1192130009C
:10A2F00003AAFFF783FD039B002B0DD18A213000B9
:10A3000003AAFFF789FF05950021012003AAFFF7A3
:10A3100029FF20600120C3E7019903AA0800F6E79E
:10A32000002DEBD13800F4F77DFC1849FDF7E4FA75
:10A3300003AA00280DD047213000FFF75FFD039BE3
:10A34000002B0FD02900280003AAFFF70BFF206085
:10A35000C6E79B213000FFF751FD039B002B01D086
:10A360000597D1E738000A49F6F7E4FE002806D041
:10A3700008490948F6F714FE2060022090E73800EB
:10A38000FFF700FFF8E7C0461C7704104075041083
:10A39000D4740410A01C0410DC7204107FB5E621F4
:10A3A00002AA49000500FFF729FD029C002C1AD0E3
:10A3B0002000694601AAF4F7B3FD0024009BA342E4
:10A3C00000D87FBD019BA200D058FAF71BFF060002
:10A3D000010002AA2800FFF71FFF30000299FFF7D3
:10A3E0009DFC0134EAE7E921280002AA4900FFF7B1
:10A3F00013FF029DAB68A342E3D9EB68E6009859CE
:10A4000000280FD004280DD0FAF712FF03785F2B35
:10A4100008D0EB689859FAF7F5FEEB689B19596874
:10A42000FFF77CFC0134E5E773B504000D0016006E
:10A43000F4F7F8FB437B002B0DD0042203339B0081
:10A44000C3185B68009229006A462000019698476D
:10A45000009B002B09D02000F4F7F0FB034C020016
:10A460002B0020000249FFF737FD73BD2074041054
:10A470006640041073B505000C00F4F7D3FB838825
:10A4800006001B0639D4C37B002B1AD0002C0AD13E
:10A4900003339B00C3181A4A5B68934203D0102011
:10A4A000F0F77EF80400F37BB28803339B00F318C7
:10A4B0005B68D20500D51B6821002800984700285A
:10A4C00011D16A460F212800FFF798FC009B002B52
:10A4D0000AD0002C03D11020F0F762F8040021000C
:10A4E0006846F7F739FC76BD2800F4F7A7FB054B63
:10A4F000020005491800FFF7EFFC2800F3E7C0460B
:10A50000096D01104C7204106E40041073B5040004
:10A51000F4F788FB8288C02316005B0005001E400C
:10A520001A420AD0FFF738FB002303622800FFF726
:10A5300049FB03002000984776BD6A461921200098
:10A54000FFF75CFC009B002B05D06A463100300011
:10A55000FFF708FEF0E72000F4F770FB024B020063
:10A5600002491800FFF7B8FC4C7204107B4004103D
:10A5700070B505008EB0EAF769FC2800F4F752FBCD
:10A580008288C02314005B0006001C401A420DD0D4
:10A59000FFF702FB002303623000FFF713FB030009
:10A5A00028009847040020000EB070BD6A461921AB
:10A5B0002800FFF723FC009B002B1ED002A8F4F715
:10A5C000E9FA002807D16A460100FFF7CBFD040035
:10A5D000F4F7A0FAE7E7039B0C491868FDF78CF93C
:10A5E000002807D00398F6F7A0FC0500FFF7D4FA7F
:10A5F0000562D8E70398F4F7DFFA2800F4F71EFBAA
:10A60000034B020003491800FFF766FCD4740410E2
:10A610004C7204107B400410F0B5136891B0050033
:10A620000993161D002802D0160055680836FF232E
:10A630000A00090A19401A404C00A418A400335912
:10A6400003925B100691029363D10193039B0596DD
:10A650009B000793F3180493A3190024049F089305
:10A66000089B9F4258D1069B029A1C1963000693CF
:10A67000039B0133002A62D1069A9B18980001932C
:10A68000EFF78EFF0400002D02D001230560029336
:10A69000029B31009800079A201823F0DBFA029BF6
:10A6A000039F9C466744069BFD18019B9D4205D96C
:10A6B0002000A900EFF797FF040001950297049B83
:10A6C000089A934200D08EE0029B3900DA1B5208B0
:10A6D00023000998FFF7E0FC05002000EFF794FF46
:10A6E000280011B0F0BD029B0122FB4013420BD0A9
:10A6F000BB00F058F4F798FC002805D0F4F766FB8F
:10A70000019B01381B1801930137039BBB42EAD11F
:10A710009CE700270197F8E73B68002B0DD178688C
:10A7200000280AD00333184207D16A4B02689A42C4
:10A7300003D1F6F734FA013C2418083790E7019A60
:10A740002F00D318069A9B1898000193EFF728FF63
:10A750000400002D01D001270560039D039B5B1BB6
:10A76000002DA0D0059A1068029ADA401300012249
:10A77000134234D00323184218D10368564A934237
:10A7800002D0564A934211D10CAA0BA9F4F7C8FB88
:10A790000B9AB8000C992018920023F05BFA0B9BDF
:10A7A000FF18059B013D04330593D7E70CA9FFF77C
:10A7B00061FE07900798FFF7DBFE061EF1D0019AB5
:10A7C0007B199A4207D82000D100EFF70CFF040054
:10A7D000019B5B000193BB001E510137EAE7BB0000
:10A7E00018510137DDE7049B44CB002A69D10325CA
:10A7F000032335401E4227D1364B32689A4223D17B
:10A80000B3689D4203D3049B0833049357E7EB00DE
:10A810000393F368EA009858002813D0042811D055
:10A8200007230340022B01D0FBF7C0FC029B029AD6
:10A830009B00E05002320292F268E900521852681E
:10A84000E3185A600135DBE76A2130000CAAFFF7F4
:10A85000E3FC00210CAA0800FFF784FC0021FFF7AD
:10A8600009FE03900398FFF783FE051ECBD0029BE1
:10A87000019A0133934208D353002000D10005937D
:10A88000EFF7B1FE0400059B019307232B40022B39
:10A8900003D02800FBF78AFC05000F2130000CAA2A
:10A8A000FFF7BAFC0CAA002101200E95FFF75AFC15
:10A8B000029B029A9B00E5500232E3180292586014
:10A8C000D0E7029B9B00E250029AE3180232029208
:10A8D0005E6098E740710410A88304105879041052
:10A8E00070B50C00150086B083071AD103681D4AA5
:10A8F000934202D01C4A934213D102AA01A9F4F751
:10A900000FFB019BA34228D318D8029BA4001C195B
:10A91000221FA34201D106B070BD1168140002C508
:10A92000F6E702A9FFF7A6FD002306003000019319
:10A930009C4207D8FFF71CFE0028ECD022000B49F0
:10A940000B480DE0FFF714FE002806D0019BE21A29
:10A95000013A920050510133E8E706490448019A50
:10A96000FFF7BAFAA883041058790410A240041023
:10A970000472041089400410F0B5FF260D00090A86
:10A980003540140085B00E40830730D10368354A46
:10A99000934202D0344A934229D10290029803AAEA
:10A9A00001A9F4F7BDFA0198AB19834254D8039971
:10A9B0008300B200CB18A218043B944210D1AF0020
:10A9C000401BC919801BF8F7FEF9039B2060DF19B3
:10A9D0003A1F0434BB4206D10023029305B0F0BDF8
:10A9E0001F6880C4E8E7116817002160F0E70021C4
:10A9F000FFF740FD0023070001939D4217D8002177
:10AA00000800F8F7E0F905003800FFF7B1FD011E76
:10AA100019D1AA68B2421FD3B300E418961B25606F
:10AA2000B1009200043C914211D1AE60D6E73800EB
:10AA3000FFF79EFD00280FD0019BEA1A92199200A1
:10AA400010510133D8E72800F7F724FFDCE7E86866
:10AA5000405804312060E5E704490548019AFFF7B2
:10AA60003BFAC046A88304105879041089400410AA
:10AA70000472041010220823F0B589B000AF9B18AF
:10AA8000DA1905000C00FFF7B9F9F969B86900296E
:10AA900004D0F5F75DF9BD4609B0F0BD0028FAD144
:10AAA00010220823EB219B18DA1928004900FFF730
:10AAB000A5F9BB69002B04D122001F491F48FFF7ED
:10AAC0000BFA102208239B18DA1928001721FFF728
:10AAD00095F91423B869F918FAF71CFCB86020003E
:10AAE000FEF724FD6A467E69B968731C7B60C31853
:10AAF000FB600733DB08DB00D31A9D466D4632004E
:10AB0000280023F0A7F82E23AB557B682000EE1811
:10AB1000FEF715FDB8602000FEF708FDB9680200D9
:10AB2000300023F097F8F9682800FEF725FC012291
:10AB30001E21FFF745FBAEE7BF400410D873041099
:10AB400010B50400EEF702FC031E044802D00449CD
:10AB5000FFF7B8F922000349FFF7BEF94873041064
:10AB6000C5400410E6400410024B010010B5180067
:10AB7000FFF7A8F904720410F0B58BB00290023808
:10AB80001700039106284FD826F0DEFA094E4E0929
:10AB90004E041100039B934214D00E2504E0039948
:10ABA0000298F4F78BFA050028000BB0F0BD1000F6
:10ABB000F6F78CFA002807D039000398F6F7BAFAAE
:10ABC0000028EAD01E25EFE703233C001C401F426B
:10ABD00003D1B14B3A689A4222D0B04B029A039803
:10ABE0009D5CF4F72BF806003800F4F727F8AC4C1E
:10ABF000009033002A002000AA49FFF76DF93B00BE
:10AC0000A20008339D582800F6F760FA002800D10A
:10AC100070E129000398F6F78DFA0028D2D10134AB
:10AC20007B68A342EBD8B8E70123039A1A4200D10C
:10AC30000FE156101F4200D1ECE0029B7C10232B49
:10AC4000CBD8180026F050FAD100D500C9FFD900A2
:10AC5000DD00C9FFC9FFC9FFC9FF24002D002F0077
:10AC600031005900610063006500C9FF6E00770084
:10AC70008800900024002D002F0031005900610051
:10AC800063006500C9FF6E00770088009000B9007E
:10AC9000344363001A00624000D5B6E001251D432D
:10ACA00082E77440F5E73440F3E7002C02DA7E488F
:10ACB000FFF75AFF1F2C0BDC7C4B2341B34207DB11
:10ACC0003200C023A2401B0623411400B342E0DD42
:10ACD0003000F117F7F77CFB03900398F3F7A2FF1E
:10ACE000037B002B00D0BEE0029B093B0C2B00D95C
:10ACF000C5E0029B0D33DBB2B3E0002CD7DB1F2C89
:10AD000000DD1F2426413400C3E73419C1E7341B9A
:10AD1000BFE72100300006AA00F074F9069C002865
:10AD2000B7D0D5E7002C00D1E6E02100300000F0DC
:10AD300070FC0400ADE7002C00D1DDE0300022F013
:10AD400047FE051C200022F043FE011C281C22F0B7
:10AD50009BFDF6F7EFFA26E7002C00D1CCE02100AE
:10AD6000300000F047FCE4E7002C08DA300022F065
:10AD70002FFE3A00011C0298F6F73AFB13E7012375
:10AD80000593002C05D0350001231C4203D1012C72
:10AD900009D1059C7DE72900059805AA00F032F944
:10ADA0000028F4D094E72900280006AA641000F0D7
:10ADB00029F900288CD1069DE6E7002C00D19BE004
:10ADC00000210220FBF75EFD21000500300000F0AD
:10ADD00020FC012740003843A8602100300000F02B
:10ADE00009FCB8400743EF60DEE6A64200DAE9E678
:10ADF000D3E6A64200DDE5E6CFE6A64200DCE1E6CA
:10AE0000CBE6A64200DBDDE6C7E62000E117F7F758
:10AE1000DFFAC8E6BB071CD13B68254A93420BD139
:10AE2000300022F0D5FD3A00011C0298F6F7E0FA56
:10AE3000051E00D0B8E6D0E61E4A934209D1300084
:10AE400022F0C6FD3B00011C00220298F5F7F8F83D
:10AE5000EEE7029B062B00D03FE7039B03971F0002
:10AE60002423029339E703339B00C01843683A0058
:10AE7000039902989847051E00D135E794E6029B96
:10AE8000163B0C2B18D8029B0F33DBB20293039BAB
:10AE900003971F0021E7C046A883041060840410B4
:10AEA0004C72041014410410141D0410FFFFFF3FE6
:10AEB000E8750410546F0410029B242B05D90F3B36
:10AEC000DBB20293039B03971F00029B242B00D04D
:10AED00083E6039806A9FFF7CDFA04002000FFF7E8
:10AEE00047FB002800D158E63900F4F76BF9002839
:10AEF000F4D067E62F0070E601490248FEF7E2FF52
:10AF00002719041068740410024B010010B51800D2
:10AF1000FEF7D8FF4C720410F8B504000D001700BE
:10AF20001E00002908D01868F3F77CFE636883428E
:10AF300002D00548FFF7E8FF33003A002900A06877
:10AF4000FFF7AAF8F8BDC04627410410024B0100E4
:10AF500010B51800FEF7B6FFB872041007B500224E
:10AF6000019101AB0121F5F729FFF3F725FE000060
:10AF7000010010B50348002901D1FEF7A3FFFFF738
:10AF8000EDFFC046D474041010B5F3F757FE034B21
:10AF9000020003491800FEF79FFFC0464C720410E0
:10AFA0002D41041001214000014310B50148FFF775
:10AFB000D5FFC0460073041010B502480249FFF7E0
:10AFC000CDFFC046DC7204108217000030B58DB092
:10AFD000040068460D00F3F7DDFD002809D12000CC
:10AFE0002900FFF7B7F80400F3F794FD20000DB037
:10AFF00030BD03480199F3F751FE0024F6E7C0463F
:10B00000086C041070B505000C001600002812DD55
:10B01000002907DD11481EF017F90123A84213DAB1
:10B02000180070BD0100802000061EF00DF90123FC
:10B03000A04209DDF4E700290ADD802000061EF0A9
:10B0400003F90123A842EBDC6C4300233460E7E7FB
:10B050000028F9D001000148E7E7C046FFFFFF7F65
:10B060000022024B9A64024ADA6170477020002085
:10B07000B020002010B514F003FC8922074992008B
:10B080008B5A1BB2002B06DA8B5A013B1BB28B5238
:10B0900014F008FC10BD01235B42F8E7702000208B
:10B0A00010B514F0EDFB89210C4B89005A5A01327E
:10B0B00012B25A52002A0BD18A2292009A58002AC0
:10B0C00004D18C2292009A5C002A04D000225A52A9
:10B0D00014F0E8FB10BD0122F9E7C0467020002003
:10B0E000F8B505000C0014F0CBFB8C230F4A9B0035
:10B0F000D35C0026082B15D089218900565A012ED1
:10B1000001D1002656528C2609495F1C515CB600BD
:10B110005B180721975501260B401833DB00D21826
:10B120005560946014F0BEFB3000F8BD7020002024
:10B130003102000070B5040000260D0014F0A0FBE1
:10B140002168B14213D189220C4B92009E5A012EE4
:10B1500000D19952002262608B229200995825609A
:10B16000002908D18A2189005C5001269C5014F0E6
:10B1700099FB300070BD4C60F7E7C046702000209E
:10B18000F7B5040002281BD0D02636063368384DA8
:10B190009B005B59DB69002B12D014F071FB336804
:10B1A0009B005B59DD69002D08D00022DA61012C7B
:10B1B00004D114F077FB2800F3F7FEFC14F072FBC7
:10B1C00089252C4CAD00635B002B0ED1D0221206DA
:10B1D0001268274B9200D658A64206D114F050FBB5
:10B1E000735B002B02D014F05DFBF7BD01235B42C3
:10B1F00063538B239B00E758002F16D08A26B60096
:10B20000A5596B68A351002B02D18B229200A35049
:10B210002B68019300232B6014F044FB2800019B52
:10B22000984714F02DFBAF42EAD18C239B00E25CDF
:10B23000002A19D0104F013AE35D1E0001331900B6
:10B24000072319408C231836F600A6197568B668CE
:10B250009B00E155E25414F025FB31002800FFF774
:10B26000B5FEFFF71DFFC0E714F01CFBF9E7C04671
:10B27000B41B0020702000203102000010B5012016
:10B28000FFF77EFF10BD10B5FFF7F8FF20BF10BD20
:10B2900010B50400FFF7F2FF200014F0ABFA10BD68
:10B2A000F8B5060030200F001500EFF798F90400FC
:10B2B0000670C760072E01D0012E0FD1BB681B0995
:10B2C0009BB2A382EAF775FB042320612583E38404
:10B2D0002020EFF765F9E0622000F8BD014B9B5D8F
:10B2E000EFE7C0462CA2041010B50400C06AEFF7C7
:10B2F0008BF92000EFF788F910BD30B5002204006B
:10B30000058D954201D8002030BDE36AD0001818A1
:10B3100043688B42F8D00132F3E770B504000D00AA
:10B320001600FFF7EAFF002817D1E18C238D8B422E
:10B3300008D30631E06AC900EFF755F9E38CE06203
:10B340000633E384238DE06A5A1CDB00C018002317
:10B350002285067043704380456070BD030010B5C0
:10B3600018005B68002BFBD1FFF7C7FF10BDF8B5D5
:10B3700044680F00251E05D1F8BD042BFCD1013314
:10B380000370F9E728006D68002DF5D07E68310064
:10B39000FFF7B3FF0028F5D00378043B022BEBD86E
:10B3A00006253D70002231002000FFF7B6FF03782C
:10B3B000002BE2D105706468F4E74A43F8B5070052
:10B3C0001D0014000026AE4200D1F8BD2200390055
:10B3D000069822F03FFC069B01361B190693F2E704
:10B3E000030010B5140008001900F8F79BFDA068D1
:10B3F00000280ADA62682368013262609A420CDC33
:10B40000013843425841C0B210BD0028F8D023682B
:10B4100062689342F4DD6360F2E70133FBE7F7B55E
:10B420004B680C688F680021060008000193F7F74D
:10B43000CAFC0500002F11DA019B9C4201DA2800AA
:10B44000FEBDA3002800F158F7F724FAE419F3E74A
:10B45000A3002800F158F7F71DFAE419019B9C425C
:10B46000F6DBECE770B5049E04001500022813D14A
:10B470000020B2420FD11A000B0011003200AE4280
:10B4800000D92A00180025F0D5FB0300022C0FD1AB
:10B490005A425341D8B270BD002805D0032805D0C8
:10B4A00032002E001500E6E70124E7E70424E5E773
:10B4B00000208342EFDB0130002BECD1AE4202D002
:10B4C000AE425B41E6E7013C631E9C41E0B2E2E72D
:10B4D000F7B504000D001600022804D1089A964220
:10B4E00008D00020FEBD00281AD003281AD0089AE0
:10B4F000089616001A002B001500089A0192B24215
:10B5000000D901961F0000230093009B019A9342EB
:10B510000AD1089BB3421ED00020B342404118E03C
:10B520000124EAE70424E8E729683868F3F74AFECB
:10B53000002804D0009B043704350133E4E7022CD3
:10B54000CFD02A683968E0B2FFF716FB1E384342B5
:10B550005841C0B2C6E7013C631E9C41E0B2C1E75E
:10B56000F0B51E0085B0039018680D001700F3F7C2
:10B5700059FB7368002401900293022F0ED9012316
:10B580002900B268F3F702FD0400032F06D029005A
:10B590000123F2680198F3F7F9FC0500A54202D8EF
:10B5A0000848FFF7E1FA039AA3000299D058F3F78D
:10B5B00009FE002801D10134F0E701206400204396
:10B5C00005B0F0BD34410410F7B5002507000E00AA
:10B5D0002C000192B54203D1012064002043FEBD3E
:10B5E000AB00F8580199F3F7EDFD431E9841013582
:10B5F0002418EFE710B50C001DF026FE081E02DA35
:10B60000002C04DC10BD0029FCD0002CFADA001953
:10B61000F8E710B5002806DB002901DACB43C01893
:10B620001DF012FE10BD0029FADB401A0130F7E7C9
:10B630000268537C03339B00D2185068704773B57F
:10B6400005000C00FFF7F4FF8668002E04D02200EE
:10B650000C21280001ABB0472000FFF7A3FCF0B598
:10B66000040089B008680D00FFF7E2FF0190012C8B
:10B670002ED96C686410631C2AD0210004A801F044
:10B6800047FD631C03D0631E002C19D01C00012150
:10B6900004A801F0A1FD019B07001B6801001E002A
:10B6A000012203AB2868B047431C21D103990B2921
:10B6B0001BD1059B012B12D0012104A801F01BFE18
:10B6C000019B04A81B7BDB0718D5F9F713FA0AE0E6
:10B6D0000124102104A801F01BFD6442D1E704A855
:10B6E00001F03EFD062009B0F0BD2868FFF7A7FF76
:10B6F0000028E1D03B780A2BC3D1E1E7F9F718FA2B
:10B70000F1E737B50400FFF793FF002285680421B5
:10B71000200001ABA847013003D120000199FFF7B9
:10B720008EFF06203EBD10B50868FFF7EAFF10BD8A
:10B7300037B50400FFF77CFF002285680121200057
:10B7400001ABA847013003D120000199FFF777FF33
:10B7500006203EBD37B5002101900800F7F733FB06
:10B760000400012001A9FFF77AFF0500F3F77AFC36
:10B77000002804D029002000F7F78CF8F1E720001A
:10B780003EBDF0B585B01E000AAB1B7815000393D3
:10B7900002900191FFF74CFF039B9B070FD5436875
:10B7A00000241F003460002D06D033002A000199C8
:10B7B0000298B847002804D1200005B0F0BD036806
:10B7C000EEE7431C07D133680B2BF5D1002CF3D0E7
:10B7D00000233360F0E70122039B1342EDD1019B6C
:10B7E0002D1A1B1801932418DDE7F0B58BB00E005D
:10B7F0000292012820D13368802418000293FFF7B9
:10B8000017FF802100250390490006A801F080FC65
:10B81000089E6400039B22001B6831001F000298F1
:10B8200005ABB847431C3ED105990B2938D1002DF3
:10B830004AD106200BB0F0BD4868F3F7C7FA0700FD
:10B84000431CD8D03068FFF7F3FE0122037B0500CC
:10B850003C00390006A8134276D001F059FC0025BF
:10B86000002C6AD0210006A801F0B6FC002300934A
:10B87000010005AB22003068FFF783FF059B0290B3
:10B88000002B2AD0210006A801F035FD05990B29CF
:10B890006FD1079B002B50D106A801F061FCC8E7CF
:10B8A0000298FFF7CCFE00280ED02D18844202D952
:10B8B000241A3618AEE7802106A8490001F074FC6E
:10B8C000802406006400A5E7039B07951B7B06A860
:10B8D000DB0756D5F9F70EF9ACE7029B9C4224D85A
:10B8E000089B079C0293029A029B5157AC46012287
:10B8F0005B5D002911DA19001F2092188143C029CD
:10B900000BD01900103801328143E02905D00432F0
:10B910009343F03B5A1E93411A1D5519A5420ED868
:10B92000013FA542DFD13C009AE7029B06A8E11A3D
:10B9300001F0E1FC029B002BD2D106A8CAE73C1B18
:10B94000013C641965468BE701F0EFFB029B3A006E
:10B950000093089905AB3068FFF713FF059B002B98
:10B9600009D006A801F0FCFB059906200B2900D19F
:10B9700060E7306895E701222B7B079006A8134209
:10B98000A8D1F9F7D5F855E710B50022FFF72DFF3C
:10B9900010BD10B50122FFF728FF10BD73B50400DC
:10B9A0001D0000910192FFF743FE2B0086686A4656
:10B9B00002212000B0470300013300D0009876BD7B
:10B9C00073B5060048680C00F3F700FA0500032E73
:10B9D00005D00022002D07DA1620FFF7E3FAA06851
:10B9E000F3F7F4F9021EF4D001AB29002068FFF749
:10B9F000D5FF431C03D101992068FFF720FEF6F71D
:10BA000011FD76BD1FB501230190032001A902930A
:10BA10000390FFF7D5FF05B000BD000010B50C0086
:10BA2000F3F700F9437C002B12D003339B00C018BE
:10BA30004068E30702D50368002B09D0A30702D5AD
:10BA40004368002B04D0640706D58368002B03D11C
:10BA500002490348FEF736FA10BDC0463A410410C9
:10BA6000007304101FB5009303AB0400FFF789FEB9
:10BA70000399002905D006200B2905D02000FFF7E7
:10BA8000DEFD43000120184304B010BD7FB5022342
:10BA9000134015005A4253410422013306000C00A2
:10BAA00048681A4301A9F3F7DFFB032E11D1A06800
:10BAB000F3F798F90023029AD21A0292824200D92F
:10BAC000020001992068C9182B00FFF7CBFF04B0D2
:10BAD00070BD042E0BD1A068F3F784F90600E0686E
:10BAE000F3F780F9029BB342E5D93300E3E7012085
:10BAF00000234042DFE710B50222FFF7C7FF10BD69
:10BB000010B50322FFF7C2FF10BD10B50022FFF7EA
:10BB1000BDFF10BD10B50122FFF7B8FF10BD10B575
:10BB20000223FFF79FFF10BD13B5019001A901206B
:10BB3000FFF795FD0400F3F795FA431E9841404244
:10BB40000440200016BD0300002210B59A5600786C
:10BB5000002A0BDA7F2210403F3A024207D13F21F0
:10BB600001331A7814008C43802C03D010BD90430D
:10BB70005208F2E780010A4001331043F1E73F2207
:10BB8000013003789343802B00D070470130F8E7F1
:10BB9000020030B500203F24914200D830BD013969
:10BBA0000B78A343803B5D1EAB41C018F4E7030054
:10BBB00030B541183F2400208B4200D330BD1A78A5
:10BBC0000133A243803A551EAA418018F4E70000D1
:10BBD00000237F2803D8034B1B5C9B07DB0F180057
:10BBE0007047C046C0A2041000237F2803D8034B2F
:10BBF0001B5C1B07DB0F18007047C046C0A2041077
:10BC000000237F2803D8034B1B5C5B07DB0F180066
:10BC10007047C046C0A2041000237F2803D8034BFE
:10BC20001B5C5B06DB0F18007047C046C0A2041007
:10BC3000030000207F2B08D8044A0130D15C0C227D
:10BC4000114202D15F3B584258417047C0A20410D4
:10BC500000237F2803D8034B1B5CDB06DB0F180097
:10BC60007047C046C0A2041000237F2803D8034BAE
:10BC70001B5C9B06DB0F18007047C046C0A2041077
:10BC800010B50400FFF7E4FF002800D020342000A6
:10BC900010BD10B50400FFF7E7FF002800D0203CDE
:10BCA000200010BD3038092802D9202398430738D6
:10BCB0007047F0B50200411806240020E525032650
:10BCC0003F278A4203D343425841C0B216E013785B
:10BCD000002806D0BB43802B11D10138C0B20132FD
:10BCE000EFE7BF2B07D9F72B08D82800DB08234044
:10BCF00018413040F3E75BB2002BF0DAF0BD0020D2
:10BD0000FCE7000030B50C008B680E4D496885B02B
:10BD100002930095236801910392552809D0221FB0
:10BD2000694618001268F3F76BFA2000083805B06E
:10BD300030BD042269461800F3F762FA2060200043
:10BD4000F5E7C046587F0410F0B5DE464546574635
:10BD50004E46E0B595B00591858904000435AD00E7
:10BD600043191D000193C289043553009B189B00A1
:10BD70000C3BEB180693D14B9B46D14B029308A882
:10BD8000F2F708FF031E4FD16268A7689046226849
:10BD9000526892689246059A002A47D04246127825
:10BDA000682A43D005980593FEF7ECF90600F2F7F0
:10BDB000B1FE0996C3493068FBF79EFD002805D007
:10BDC00063681A784B2A59D0682A64D0099EBE4B02
:10BDD0009E4205D061680B785D2B01D0642B63D146
:10BDE000069BAB420BD3626805E0069B0C3B0693B7
:10BDF000069BAB4203D3069B1B689342F5D9069B77
:10BE0000AB4200D298E10322069B08A81B6863603E
:10BE1000069B5B689343069A043396601E60A3609A
:10BE2000F2F7B8FE031EAFD0099EC3E743465A4659
:10BE300063605E1C1B789B00D3589F460022B2565D
:10BE40003378002A00DAEAE0721C0699D3180C3124
:10BE500006910699561C0B60636806991B78493B4E
:10BE6000584243415B003B434B600021069B996075
:10BE7000626013785A469B00D3589F460121595659
:10BE80005A78002900DAC3E002339B186360A36884
:10BE9000103BA36073E70998A668F5F746F8306091
:10BEA0006368013363606AE723680326DB689A46A8
:10BEB00001235344984653461B781E405BB2002B27
:10BEC0001FDA04229146033A474600230020944695
:10BED000884600944946FA5C6446114099400E43F6
:10BEE000D1102140994052B2084319000133002A71
:10BEF000F0DB534602330F0041469846009CB8449D
:10BF00003618434601221B781A4094465A065BB203
:10BF1000920E002B01DB01F07CF80123039121003C
:10BF20009A463E3399464446634606200027AC466F
:10BF300088460496564600970137E15D4D460E400F
:10BF4000BE4033434E102E40864049B23243063045
:10BF50000029EFDB009F65469C463B004046A0461B
:10BF60000233434404001F000399049EBB1862443B
:10BF7000BA18984638008B1A9946E4F769FE009083
:10BF8000731C09D0002338001F00E4F767FE3B0054
:10BF90000137B342F9D1070023685B689A68009BB8
:10BFA00010885B009B5A012247452AD20F218A46FE
:10BFB000E02103930300C900404600958C464D469E
:10BFC0001F26A146984609E03100013719405B0958
:10BFD0008D4212D36D1AD218B8420ED9002179566B
:10BFE0003B780029F0DA5146644619401B01234092
:10BFF0007C78023723438D42ECD240464C46009D6C
:10C00000039B099E01003000F5F7A4F8099EE7E6BE
:10C010007F2198780A40C0010243033335E77F222D
:10C0200071781340C9010B43B21C0EE7079B013E18
:10C030003B60F2F76FFD0120069A66600C32521BDE
:10C04000921093009B1819015B1819025B181904D0
:10C050005B185B009B18A760E38115B0F0BCBB4682
:10C06000B246A946A046F0BD3B001A68731E187878
:10C07000043F29303968C0B2FEF77EFD5A46386069
:10C080006660337801369B00D3589F46731E18783C
:10C0900039683030C0B2FDF773FFEFE7731E1978CF
:10C0A000C0233A685B1A01999B005A505A46666051
:10C0B0003378043F9B00D35801369F4684A3041075
:10C0C00070200020D4740410C8770410731E1A78EE
:10C0D000B0239B1A019A9B009B583200002B01D180
:10C0E00000F0B8FF7B60666013785A469B00D35817
:10C0F000043701369F460122731E1B780437803BAC
:10C100005B0013435A463B606660337801369B0000
:10C11000D3589F463868FEF741F95A46666033782F
:10C12000043F9B00D35801369F46E949E948F4F79C
:10C1300037FF0600F2F7EEFC022066618DE7043F50
:10C140003868FEF71FF80600F2F7E4FC099631E6BE
:10C15000F6E7069B9D4205D89E68002EF4D10C3B65
:10C160009D42F9D9DC49DD48F4F71AFF0600EBE7F8
:10C1700000227F2108003378D20118405BB2821878
:10C180000136002BF6DB53465200D15A01CFFEF7A1
:10C1900071FC5A4638606660337801369B00D3588C
:10C1A0009F4600207F2211003378C00119405BB206
:10C1B00008180136002BF6DB3B0019685346043F94
:10C1C00040003A68C05AFDF7FBFF5A463860666087
:10C1D000337801369B00D3589F463B1F98463968F9
:10C1E000A360059B002B01D100F002FF059B0021FD
:10C1F00099460023059343464A46186807ABFEF765
:10C200003DF8012800D111E7002801D000F033FFEC
:10C210004246079B13604B46002B07D04846B04967
:10C22000F4F788FF002801D000F00BFF5A46666043
:10C23000337847469B00D35801369F4600217F2024
:10C2400002003378C9011A405BB251180136002B45
:10C25000F6DBFF22FF20A34B0A409B1A4000CA09CD
:10C2600002409B1A9B00FF18FE383A00FF38FEF789
:10C27000D3F95A4638606660337801369B00D3584C
:10C280009F4600237F2108003278DB01104052B224
:10C29000C3180136002AF6DBFF20934A1840111A12
:10C2A000DA099446FF2252009146009162464946BF
:10C2B0000A4000991B0A8A1AFF219200BF183A000F
:10C2C0001940FDF74FFF5A463860666033780136F3
:10C2D0009B00D3589F4600217F2002003378C9017C
:10C2E0001A405BB251180136002BF6DBFF22FF200B
:10C2F0007D4B0A409B1A4000CA0902409B1A9B00D2
:10C30000FF183A000020FEF787F95A463860666049
:10C31000337801369B00D3589F4600207F221100BE
:10C320003378C00119405BB208180136002BF6DBE8
:10C33000C3099946FF23FF214A465B0001401A408A
:10C3400053189B00FF1A3B00FF22000A024001CB5A
:10C35000FDF7A2FE5A4638606660337801369B00CE
:10C36000D3589F4600207F2211003378C001194026
:10C370005BB2081831000136002BF5DB23688846D4
:10C3800031789C468022CB4352009B00FF180A4321
:10C39000634659689B688000C0583B00E9F78AFBF8
:10C3A00043465A4602333860636073789B00D35823
:10C3B0004246D61C9F4600207F2211003378C001E0
:10C3C00019405BB2081831000136002BF5DB2368F9
:10C3D00032789C4601239B1A9B008846FF18D7E7BA
:10C3E00000227F2108003378D20118405BB2821806
:10C3F0000136002BF6DB2368043F59689B689200E6
:10C40000D0583A00E9F7F8FA5A463860666033784F
:10C4100001369B00D3589F4600227F2108003378C5
:10C42000D20118405BB282180136002BF6DB23687C
:10C43000920059689B680437D0580022E9F7DCFA6B
:10C440005A4638606660337801369B00D3589F4661
:10C4500000237F201A0001003378D20119405BB21B
:10C460008A180136002BF6DB904638683A004146C0
:10C47000FEF782FA4346FF2241461B0A13400A4058
:10C480009B185A469B006660FF18337801369B0064
:10C49000D3589F4600237F201A0001003378D20131
:10C4A00019405BB28A180136002BF6DB90463868DB
:10C4B0003A004146FEF714FA5A460B4B6660434475
:10C4C0009B00FF18337801369B00D3589F46C04627
:10C4D0007CA30410B872041060A30410DC72041072
:10C4E00040750410FEFFFF3FFFFFFF3F00227F204B
:10C4F00001003378D20119405BB28A18310001364D
:10C50000002BF5DB93089B005B42D8590323884638
:10C51000190011408C4639680091391F8946134231
:10C5200001D100F051FD6346012B01D100F001FD66
:10C530000099F7F787FB5A466660337846469B00BA
:10C54000D3584F4602369F460622731C98463378CE
:10C550009146032B02D13B68043F99467378553BC3
:10C56000012B01D800F0B3FC3E1F4A463968306801
:10C57000F7F7CAFC43465A463060636037005E1CDA
:10C580001B789B00D3589F4600207F210A003378F8
:10C59000C0011A405BB210180136002BF6DB0123F4
:10C5A0001B1A9B00FF183900F7F7EEFA5A4638605D
:10C5B0006660337801369B00D3589F46083F7A68FF
:10C5C0003868B968F4F7EEFA5A466660337801368F
:10C5D0009B00D3589F4600207F2211003378C00172
:10C5E00019405BB208180136002BF6DBF4F7D8F9D6
:10C5F0005A4678606660337804379B00D35801361A
:10C600009F4600207F210A003378C0011A405BB2A8
:10C6100010180136002BF6DB01231B1A9B00FF18B4
:10C620003900F6F7D0FB5A46386066603378013639
:10C630009B00D3589F4600207F210A003378C00119
:10C640001A405BB210180136002BF6DB01231B1ACF
:10C650009B00FF183900FAF715F95A4638606660F2
:10C66000337801369B00D3589F460022069B0C3B33
:10C670000693B2563378002A01DA00F021FC013625
:10C680003FE10022B2563378002A01DA00F00EFCB6
:10C690009946731C98463800A7600C380368002B35
:10C6A00001D100F0A0FCFDF731FF002801D100F01E
:10C6B00090FC43465A46786063605E1C1B780437E2
:10C6C0009B00D3589F4639003868B8460C37FDF7B1
:10C6D000D1FE804500D1A2E33B0000220C3B1A6052
:10C6E0005A4658606660337801369B00D3589F469F
:10C6F00000213868FDF7BEFEC0E40022B256337850
:10C70000002A01DA00F00AFC403B0136F3187B6096
:10C7100033783A1D5360590629D0012102208C46F6
:10C720007F27A846A146009606E0083A14600699BD
:10C730000C3906911F4218D00699013B4968014205
:10C74000F5D00699009C0968A14201D300F02CFCA9
:10C750006646111F0D6814683542E6D10A000C6068
:10C7600006990C3906911F42E6D145464C46170002
:10C770001168143F8846002B00D0C4E0171FC2E0A8
:10C78000069B0C3B06933B68062B01D000F079FC1E
:10C790005A4666603378043F9B00D35801369F4663
:10C7A0003B689846062B01D100F037FC08235B421A
:10C7B00099464346B944DB0700D554E34346404617
:10C7C0007B60F2F72FFA06234A46BB6000213860EF
:10C7D0000320FDF7C7FCF2F745FC06239846002826
:10C7E00002D14B46DB6898464B4642461A605A4691
:10C7F000666033784F469B00D35801369F463B68AE
:10C800003A0018000D219946FDF706FD08239846C9
:10C81000B84442460C214846FDF7FEFC4246002142
:10C820000020FDF79FFC0023F35632780437002BDD
:10C8300000DA11E3731C06999A180C3106910699D7
:10C840005E1C0A60022206993A434A600021069A59
:10C8500091605A46786063601B7847469B00D358C6
:10C860009F460022B2563378002A00DA0BE399463D
:10C87000731C98463868F2F7F5FB00280FD0043F88
:10C8800041E00022B2563378002A00DA3DE39946AF
:10C89000731C98463868F2F7E5FB0028EFD0C844CF
:10C8A00031E00023F3563278002B00DABEE2402359
:10C8B0005B429946731C984691443868043FF2F7EE
:10C8C000D1FB00281FD1C8441DE00023F356327865
:10C8D000002B00DAB5E240235B429946731C984670
:10C8E00091443868043FF2F7BDFB00280BD0C844E0
:10C8F00009E00022B2563378002A00DACCE2403B4D
:10C900000136B04698448922029B92009B5A002B24
:10C910000AD0D02212061268E54B9200D358DB6988
:10C92000002B01D1FFF782FA0120FEF729FC4346D4
:10C930005A4663605E1C1B789B00D3589F463B00A1
:10C940003A1F083B12681968386807C35A46666080
:10C95000337801369B00D3589F463B1F1A683968CD
:10C9600019603A605A466660337801369B00D358A6
:10C970009F460DE7083739003B000C3909683A1F1C
:10C98000083B1B6811605A463B606660337801368D
:10C990009B00D3589F465A4608CF3B606660337869
:10C9A00001369B00D3589F4600227F210800337830
:10C9B000D20118405BB282180136002BF6DB5346D9
:10C9C0005200D05AFDF7CFF95A46666033780136E7
:10C9D0009B00D3589F4600227F2108003378D20164
:10C9E00018405BB282180136002BF6DB534652002A
:10C9F000D05AFDF7A0F95A466660337801369B009D
:10CA0000D3589F4600227F2001003378D20119407D
:10CA10005BB28A1831000136002BF5DB019B9200D6
:10CA20005242D3585A68002A00D113E300225A60B8
:10CA30005A46666033788E1C9B00D3589F4600226E
:10CA40007F2001003378D20119405BB28A1831008F
:10CA50000136002BF5DB019B92009A1A1368002B1C
:10CA600000D1F7E2002313605A46666033788E1CCB
:10CA70009B00D3589F463B00083B1A683B1F396810
:10CA80001868F2F7BDFB5A46666033780C3F9B008E
:10CA9000D35801369F4600217F2210003378C90108
:10CAA00018405BB241180136002BF6DB3B1F1A68B9
:10CAB00053464900C95A3868FDF7B6FC5A466660C5
:10CAC0003378083F9B00D35801369F4600227F20D1
:10CAD00001003378D20119405BB28A180136002B6D
:10CAE000F6DB53465200D05A3968FDF72FF95A4603
:10CAF00066603378043F9B00D35801369F4600227E
:10CB00007F2001003378D20119405BB28A180136C8
:10CB1000002BF6DB53465200D05A3968FDF7FEF879
:10CB20005A4666603378043F9B00D35801369F46CF
:10CB300000227F2001003378D20119405BB28A18AD
:10CB400031000136002BF5DB019B92005242D25896
:10CB50003B68043F53605A46666033788E1C9B00E6
:10CB6000D3589F4600227F2001003378D20119401C
:10CB70005BB28A1831000136002BF5DB3B68019867
:10CB80009200524213505A4666603378043F9B002D
:10CB9000D3588E1C9F463B00043F04221968386816
:10CBA000F2F72EFBFFF76AFA0437FDF7A1F8FFF75B
:10CBB00065FA00227F2108003378D20118405BB269
:10CBC00082180136002BF6DB53465200043FD05A40
:10CBD000391FFAF781FE5A466660337801369B00AA
:10CBE000D3589F4600227F2108003378D201184095
:10CBF0005BB282180136002BF6DB53465200D15A45
:10CC000038683A00FDF708FB5A4666603378043707
:10CC10009B00D35801369F4600227F2108003378BD
:10CC2000D20118405BB2821830000136002BF5DBD0
:10CC300053465200D35A3A688046100000939146FA
:10CC4000F1F7F0FF83889B050CD5009B0022D900EB
:10CC5000022319434B46181DEDF714FD002801D09F
:10CC6000406803E048460099FDF7FCFA5A463860F0
:10CC70006660337846469B00D35802369F460022B2
:10CC80007F2108003378D20118405BB28218013648
:10CC9000002BF6DB53465200D05AFDF727F95A46CF
:10CCA00078606660337804379B00D35801369F461E
:10CCB000B41B002000227F2108003378D2011840E5
:10CCC0005BB282180136002BF6DB53465200D05A75
:10CCD000FDF73EF95A4678606660337804379B006A
:10CCE000D35801369F4600227F2108003378D201B5
:10CCF00018405BB282180136002BF6DB019B9200D4
:10CD00005242D35832005B68FFF7E8F900227F21D6
:10CD100008003378D20118405BB282180136002B2C
:10CD2000F6DB019B92005242D3583200FFF7D6F94E
:10CD300000235A467B606660337804379B00D358E3
:10CD400001369F4600227F2001003378D20119402E
:10CD50005BB28A1831000136002BF5DB23689200A4
:10CD60005B680437DB68D3585A463B6066603378AB
:10CD70008E1C9B00D3589F4600227F2001003378F1
:10CD8000D20119405BB28A1831000136002BF5DB65
:10CD900053465200D35A0222DB0013435A467B60AB
:10CDA0006660337804379B00D3588E1C9F46062359
:10CDB0005A467B606660337804379B00D35801364F
:10CDC0009F460E235A467B606660337804379B008B
:10CDD000D35801369F467F2033785B06DB1702006D
:10CDE0003178DB010A4049B2134332000136002991
:10CDF000F5DB01215B000B4359467B6066603378AD
:10CE000004379B00CB58961C9F461E235A467B60D6
:10CE10006660337804379B00D35801369F465A46E4
:10CE20006660337801369B00D3589F467F21737824
:10CE30000A40DB0113439C4A91469944B31C98462F
:10CE40003BE57F2173780A40DB011343964A914604
:10CE50009944B31C984644E57F2371781A40C90170
:10CE60000A43B31CE7E43A1F13680C3F0093062300
:10CE700013600021FB603B6103203A00FDF772F96B
:10CE8000009B3B60B0E47F2271781340C9011943D5
:10CE9000B31C89469846EDE47F2172780B40D2019D
:10CEA0001343814A0236944663442AE57F2271780F
:10CEB0001340C9011943B31C89469846FFF7EBFBA1
:10CEC0007F2271781340C9010B43023619E508230C
:10CED0005B429C46BC44634618680093F1F7A2FE8F
:10CEE00083885B0501D4FFF73FFBB31C98464A4695
:10CEF00070780099FEF706FF43465A4663605E1C51
:10CF00001B7807009B00D3589F467F2271781340FF
:10CF1000C9011943B31C89469846BBE47F21727846
:10CF20000B40D2011343604A023694466344FFF734
:10CF3000EDFB0A680099F3F735FE5A4666603378D0
:10CF400046469B00D358083F02369F4601230222E3
:10CF50009846A14609E044463B1F196821426DD01E
:10CF6000083F3860069B0C3B0693069BAB427BD385
:10CF7000069B5B681342F5D0069B38681B68B3427A
:10CF8000E9D30322069B4C465B689343043A9A60BC
:10CF90005A461F005860069B08371B6863605E1C7A
:10CFA0001B789B00D3589F4601214C465B000B43E6
:10CFB0005360171D5A46069B45461B6863605E1CFE
:10CFC0001B789B00D3589F460099F5F763FCFFF749
:10CFD000B2FAC84443465A4663605E1C1B78103F51
:10CFE0009B00D3589F463B00083B1868FFF75BFB4C
:10CFF00043460022186807ABFDF740F9012801D12C
:10D00000FFF714F8002836D14246079B1360FFF75C
:10D010000DF947460137FEF7A9FF7B60BB60083F6B
:10D020003A0000210320FDF79DF843465A463B6035
:10D030006660337801369B00D3589F461F00186006
:10D0400090E74846FDF79EF80600F1F763FD099664
:10D05000FEF7B0FE15491648F3F7A2FF0600F1F7F8
:10D0600059FD0996FEF7A6FE4C46F1F753FD002048
:10D07000A760FEF7F2FFF1F74DFD079E0996FEF758
:10D0800099FE3A00DB0709D51168043F4B100029CF
:10D0900000DA5BE713603A00FFF73DFBF1F73AFD7A
:10D0A0003E680996FEF786FE00C0FFFF40A304100D
:10D0B0002473041070B5446803680C1905009C4281
:10D0C00010D9037B002B03D000210748FCF7FAFEA0
:10D0D000072310349C43083421008068EDF783FA5D
:10D0E0002C60A86070BDC046DC72041070B50400EE
:10D0F00015000E001100FFF7DDFF6368A0682A002D
:10D100003100C01823F03EFD63685B19636070BD99
:10D1100070B50400081E00D1013000256560206054
:10D12000EDF73EFA2573A06070BD70B50D000400E8
:10D130000131FFF7EDFF656070BD002343600133EF
:10D14000016082600373704770B505001400FFF73B
:10D15000DFFF024B2560636070BDC046EDD001105B
:10D1600010B5037B0400002B02D18068EDF74CFA68
:10D170000023A36010BD70B505001020EDF710FA74
:10D1800004002900FFF7C4FF200070BD10B5041E85
:10D1900008D0037B002B02D18068EDF735FA200020
:10D1A000EDF732FA10BD000070B5037B04000D00EE
:10D1B000002B03D000210748FCF784FE016880683B
:10D1C0006918EDF710FA2368A0605D192560C01892
:10D1D00070BDC046DC72041070B504000D00FFF78E
:10D1E00069FF6368A068C0185B19636070BD02685E
:10D1F000436810B504009A4202D10121FFF7D4FF21
:10D200000021A2686368D154A06810BD10B50C005D
:10D210000121FFF7E1FF047010BDF7B50C00CDB29E
:10D220007F2904D80121FFF7D7FF0570F7BD3F27FD
:10D2300080268B09DBB2019380233D407642354343
:10D24000EDB21B01994209D20221FFF7C5FF40232D
:10D25000019A5B42134303704570E7E70B0BDBB2A7
:10D260000093019B3B403343DBB2019380235B027D
:10D2700099420BD20321FFF7AFFF2023009A5B42B4
:10D2800013430370019B85704370CFE70421FFF7C0
:10D29000A3FF1023A40C5B4223430370009BC570C3
:10D2A0003B401E43019B46708370BFE770B505008D
:10D2B00008000C0023F002FE210002002800FFF706
:10D2C00015FF70BDF8B54768040016003D008F4299
:10D2D00000D90D0031002000FFF7ECFEA068AB196B
:10D2E0007A1B4119C01823F04DFC6368A0689B1994
:10D2F00040196360F8BD426800238A4200D3531A84
:10D300004360704770B51500426804000B008A4204
:10D3100003D949198A4201D8636070BD8068521AE6
:10D320004118C01823F02EFC63685B1BF4E7000073
:10D3300010B5034B4A681900EFF788FB10BDC046D3
:10D340004541041070B51C0008001100264AE2F7A0
:10D35000E7FF2568EB0735D4AB072FD0280011F085
:10D3600053FC3F22837905009B069B0E2633134016
:10D37000042B2FD8012464421C4B1B68DB0701D40B
:10D3800019F0D6F9002D28D0AC791F21A406A40EDF
:10D39000200019F0BFFA00222000110019F0DCFA79
:10D3A0002000002119F030FBAC79A406A40E1A3C31
:10D3B0000F490820F1F729FC446070BD0D4B2A6825
:10D3C0009A42CBD12800F1F701FD04000428C5D80A
:10D3D0000025D1E70848FDF7C7FB042CE8D102225D
:10D3E000064B1A60E4E7C0460200020000C0044099
:10D3F00084A70410407804105641041000E0044053
:10D400000D4A436811681B034B40E021C9010B40E2
:10D410000A490B6004210A4B196080235B001168E4
:10D420001942FCD001205268130ADBB212011343E7
:10D430009BB25B001843704700C0044000D004401A
:10D4400000E0044070B5086888B00D0011F094FC4D
:10D4500006006868F1F7BAFC0522040001A9E86833
:10D46000F1F702FF002C15D16A460421A868F1F7F4
:10D470007BFD009B1859F1F7A9FC04A9085104345D
:10D48000102CF6D13000029B019A23F075FE062085
:10D4900008B070BD0148FDF767FBC046931B041040
:10D4A0007FB5056808AC26786C7C02930334A40031
:10D4B0002D1901236C680392002E00D002330093D3
:10D4C0000122646902ABA04704B070BD7FB5056856
:10D4D00008AC26786C7C76000334A4002D196C68A7
:10D4E0000096029303926469012202ABA04704B044
:10D4F00070BDF7B5002106000800F5F764FC0824AC
:10D5000005000127002330001A00A1B20097FFF7A1
:10D51000DDFF002804D1610028003943F5F7BAF98E
:10D520000134FDF7ABFE782CECD12800FEBD0000E5
:10D53000F0B50E68050032680C00537C85B00333EB
:10D540009B00D2185768FB68002B03D10E490F4887
:10D55000FCF7B8FC0622606801A9F1F785FE0123FB
:10D56000022D03D0A068F1F77DFD03003000FC68B8
:10D57000029A0199A047002802D04042FDF712FD0F
:10D58000062005B0F0BDC0467141041000730410C0
:10D5900030B5040022680800537C85B003339B003B
:10D5A000D21855682B69002B03D10B490B48FCF7A7
:10D5B00089FC052201A9F1F757FE20002B69029A88
:10D5C00001999847002802DA4042FDF7EBFC43003E
:10D5D0000120184305B030BD7141041000730410E0
:10D5E000F0B5060087B048680C000F68F1F7EEFB55
:10D5F0000622050003A9A068F1F736FE0120032EDC
:10D6000002D0E068F1F72EFD0090049B3800039AE9
:10D61000A9B2FFF745FF002802DA4042FDF7C2FC3D
:10D62000062007B0F0BDF0B5060087B048680C00D2
:10D630000F68F1F7CBFB0522050003A9A068F1F7FD
:10D6400013FE0120032E02D0E068F1F70BFD0090DD
:10D65000049B3800039AA9B2FFF738FF002802DACA
:10D660004042FDF79FFC43000120184307B0F0BD86
:10D67000F0B5060087B048680C000F68F1F7A6FB0C
:10D680000500A068F1F7A2FB010002A8FFF74DFD1D
:10D690000120032E02D0E068F1F7E4FC0090039B28
:10D6A0003800049AA9B2FFF7FBFE002802DA4042D4
:10D6B000FDF778FC02A8F7F73BFA07B0F0BD0000D1
:10D6C000030010B5100007242040224201D1202A77
:10D6D00002D90748FDF748FA083A12B2002A00DAE0
:10D6E00010BD0C00D440083A1C5412B20130F5E7CA
:10D6F00079410410F0B587B005000E0005A81100AF
:10D700001A00FFF7DDFF00270300039005AA310090
:10D7100028000097FFF7DAFE0123039A0400009324
:10D72000904208D03B003A0031002800FFF7CEFEBF
:10D73000200007B0F0BD310028000D9B0C9AFFF7C8
:10D74000AFFE0400F4E7000030B5144B8BB002AD1F
:10D750000C0001380431009301950423E2F70EFE1A
:10D760000498F1F733FB010006A8FFF7DEFC079AE7
:10D77000059B0192089A029900922068039ADBB2F5
:10D7800089B2FFF7B7FF002802DA4042FDF70AFC32
:10D7900006A8F7F7CDF90BB030BDC046D4A80410E9
:10D7A00030B50C008BB0114B06AD0431013800933D
:10D7B00001950423E2F7E2FD062203A90898F1F798
:10D7C00053FD049A099B0192039A069900922068DE
:10D7D000079ADBB289B2FFF78DFF002802DA4042D8
:10D7E000FDF7E0FB06200BB030BDC046D4A8041006
:10D7F000F0B50D0091B01B4B08AC04310138019419
:10D8000000930423E2F7BAFD052205A90A98F1F76F
:10D810002BFD2E68089D0B9AABB2029304AF069BBA
:10D820000999D2B23800059D0393FFF749FF039B86
:10D8300032680C900D970E930F95537C3000033394
:10D840009B00D2185368022200925C6902990CABCB
:10D85000A047002802DA4042FDF7A4FB062011B0E1
:10D86000F0BDC046D4A80410F0B50B688BB002AF71
:10D87000050048680C007B60F1F7A8FA0823DB1864
:10D88000DA19043B3860F918A068F1F749FB012662
:10D89000032D03D0E068F1F7E5FB0600FB68002BE1
:10D8A00000D101336A46DB00D31A9D46002402AD45
:10D8B000FB685A1EFA60002B18D1002C02D12C6094
:10D8C0006C6001347B6876001A683988537C0333B6
:10D8D0009B00D218536800965E6922002B0078687E
:10D8E000B047002818DA4042FDF75CFB08200C2105
:10D8F0003B69091805221868C919F1F7B5FCBA691E
:10D90000002A05D0E300EB181A607A6901345A60E6
:10D910003B6904333B61CBE743000120BD4618431C
:10D9200009B0F0BD73B505000C00064849681BF04E
:10D93000B3FC054E0090310028002369E268EFF740
:10D9400085F873BD20A107008441041010B5024979
:10D950000248FCF7B7FAC046714104100073041086
:10D9600070B505000868130002680C00517C033193
:10D970008900521852681668002E01D1FFF7E6FFA1
:10D98000691E221DB047062070BD10B50268537C89
:10D9900003339B00D21853685B68002B01D1FFF75B
:10D9A000D5FF9847002802D04042FDF7FBFA062039
:10D9B00010BD10B50268537C03339B00D218536826
:10D9C0009B68002B01D1FFF7C1FF9847002802D0C8
:10D9D0004042FDF7E7FA062010BD00000123D022E7
:10D9E00083400649120610B5936293610A68134397
:10D9F0000B60052118F08EFF10BDC0466820002086
:10DA00000123D022834012069362704710B5002193
:10DA100019F066FE10BDF8B501263200C368D027A4
:10DA20009A403F068568BA6204004068FFF7EEFF3F
:10DA30003100E3687A6899400A420AD1002D02D188
:10DA40006E20404208E00120002119F049FE013D0E
:10DA5000EEE70020002DF3D0F8BD70B5040040685B
:10DA6000FFF7D4FF012322699340D02212065362AC
:10DA70006068FFF7CBFF2000FFF7CDFF05002069AE
:10DA8000FFF7BEFF6068FFF7C1FF280070BD000010
:10DA900030B5040087B0080011001A00124B02AD27
:10DAA000009301950423E2F769FC029811F064F9F0
:10DAB000E060039811F060F9059B206104990B4820
:10DAC000A3600123814202D81BF0E6FB03006360E0
:10DAD000E068FFF783FF2069FFF780FF2000FFF772
:10DAE000BCFF07B030BDC046D8A7041020A1070076
:10DAF000F0B5142085B00D000A491E001700F1F79B
:10DB000084F80400AA003900B21801A8ECF78EFDD1
:10DB100020003200290001ABFFF7BAFF200005B05A
:10DB2000F0BDC046F8A7041070B504000069FFF707
:10DB300067FF6068FFF76AFF2000FFF76CFF051EB4
:10DB400008D1012322699340D022120653626068F3
:10DB5000FFF75CFF280070BDF0B50126040085B01A
:10DB6000406802910392FFF751FF3200E368D0272B
:10DB70009A403F067A626068FFF748FF08230093E7
:10DB8000002301932000FFF746FF051E2BD1310033
:10DB900022697B6891400B405A1E9341019A5200C2
:10DBA00013433200DBB20193E3689A407A62606803
:10DBB000FFF72CFF009B013B0093002BE2D1029B5F
:10DBC000019A1A70039B002B02D123699E407E624A
:10DBD0006068FFF71BFF2000FFF71DFF051E05D043
:10DBE0002069FFF70DFF280005B0F0BD0123E268B2
:10DBF0009340D02212065362F2E7F7B50E001500EB
:10DC00001F001400019071192000091B013C00281D
:10DC100009D00022974201D0624262410198FFF789
:10DC20009BFF0028EFD0FEBDF7B501260400406839
:10DC30000191FFF7EBFE3200E368D0279A400723FB
:10DC40003F067A620093019B009A20691341334298
:10DC50000ED0FFF7D5FE6068FFF7D8FE2000FFF773
:10DC6000DAFE051E08D02069FFF7CAFE2800FEBDB7
:10DC7000330083407B62EEE73200E3689A40009B0A
:10DC80007A625A1E0092DED22069FFF7B9FE606800
:10DC9000FFF7BCFE2000FFF7BEFE051EE6D13200F6
:10DCA00023697D689A40606815406B1E9D41FFF7AF
:10DCB000ADFEE3689E407E62D8E7F8B506000F002F
:10DCC00015000024AC4201D12000F8BD3000395DC0
:10DCD000FFF7AAFF0028F8DBF6D10134F2E7F0B530
:10DCE00085B005000C0016001F00FFF71DFF00287F
:10DCF00012D101220A9B6100134019432800C9B2C6
:10DD0000FFF792FF002807DB0024A04223D0280061
:10DD1000FFF7A3FE1320404205B0F0BD01217A6851
:10DD20003B6801920A9A0A4210D126001B190393FC
:10DD3000039B9C420DD0019B28009B1B195DFFF7A4
:10DD400073FF0028E8DB25D10134F1E75E1E731C68
:10DD50000FD1029E0837731E0293002EDED10A9B5C
:10DD60009F0704D52800FFF778FE0028D4D12000B3
:10DD7000D2E7019B029A01333243039328005342B6
:10DD80005A410199FFF7E8FE013E0028C4D1039BE8
:10DD90000193DCE700230293DBE7F0B5002587B0B1
:10DDA0001C0017002B0004900591012A2FD16368F5
:10DDB00025680293049B05991A680498537C0333E1
:10DDC0009B00D21853680C9A00929E692A00029B0D
:10DDD000B0470600012F13D90C9BDB070DD5FD00C2
:10DDE00000276519029B6068D91922681FF032FF6D
:10DDF00023680834FF18A542F4D10298ECF704FC1C
:10DE0000300007B0F0BDDA00A2580133AD18BB42B4
:10DE1000F9D12800ECF7C4FB01230C9A02901A40B8
:10DE200003920C9A1A42C5D12600039D039BBB4264
:10DE3000C0D0029B7168581932681FF00BFF33681D
:10DE40000836ED18039B01330393EFE7064B074AAF
:10DE5000C01A074B80104343002042339B00D21866
:10DE60005368586199617047481000207020002065
:10DE7000CDCCCCCC094B0A4AC01A0A4B8010434384
:10DE800042339B00D2185368002901D1586970476A
:10DE900000200129FBD19869F9E7C046481000200D
:10DEA00070200020CDCCCCCCF0B51E4B89B005AE97
:10DEB00080C9039000930138032301961500E2F70F
:10DEC0005DFA194A194BBA1A92105343184C42334F
:10DED0009B00E418606800280CD11C30ECF760FB54
:10DEE000144B87600360144B43600623C360002318
:10DEF00003746060039B012B02D82B68072B0ED99B
:10DF000073680599327A1C0704D0002A02D10B48A5
:10DF1000FCF72AFE02740022C1604261836109B0ED
:10DF2000F0BDC04694A9041048100020CDCCCCCC44
:10DF30007020002074CF041054AA0410A5410410CE
:10DF40000E4A0F4B821A921010B553434A0601D560
:10DF5000826842600B4A42339B00D2185368181EF5
:10DF60000AD09A69002014000C400A4204D018001C
:10DF70005C610FF027F8012010BDC0464020002052
:10DF8000CDCCCCCC70200020037810B5102104003B
:10DF9000052B04D0032B01D0062B03D12021200018
:10DFA000FFF7CEFF0123237010BD0000F8B51A4B18
:10DFB0001A4CC31A9B105C4314236343184A050090
:10DFC000995C002926D000269E540521806818F00F
:10DFD000A1FCE868052118F09DFC6F68114D310027
:10DFE0007D1B6B425D411735280018F041FD28006C
:10DFF0000D4918F085FE40223B681E63DE661A60FC
:10E0000022000A4B283242349200A4009A181B19AD
:10E0100096605E600620F8BD48100020CDCCCCCCC8
:10E0200040200020E0120020E1E2011070200020DA
:10E03000136810B51400002B0CD1084B99420AD17B
:10E04000074A084B801A801080001B185868F4F7A4
:10E05000CEF9206010BD04235360FBE7FB020000F3
:10E06000481000204020002037B50C004B68E568C0
:10E070001B6806499B680195611A054AA4688910C6
:10E080004A4300940349EEF7E1FC37BD48100020F5
:10E09000CDCCCCCCB0410410F0B508008FB011004D
:10E0A0001A00514B07AD009301950723E2F7C2F91F
:10E0B000079C012C04D922004C494D48FBF70CFF6A
:10E0C000142666434B4F6869F61906280CD010F0E9
:10E0D00053FE0122104203D043101340A34202D04A
:10E0E0004548FCF741FDB060A86906280ED010F045
:10E0F00043FE0122104203D143101340A34201D03A
:10E100003E48EEE714236343FB18D8601425002330
:10E11000012265437F193A82BB74270038492837AA
:10E120000A98BF00C919886036490B9F6D182A806C
:10E13000AB706B60AB60EB602B6106280FD00632D2
:10E1400004A9F1F791F8202F01D87B0701D02E48C0
:10E15000C7E7059BFF10EB60049BAF702B61254B5D
:10E160000020039314236343039A0999D3185D682D
:10E17000089A2B68D866A020800018600A2903D16D
:10E18000186802390143196092B29A60012700228F
:10E19000DF639A631A6C1D4A1D491A63DF661D4BC3
:10E1A000ED1A6B425D411735280018F097FC3900D5
:10E1B000280018F05DFC14235C43039B03211C1909
:10E1C000A06818F0A7FBE068032118F0A3FB390052
:10E1D000A068002218F0C0FBE0680022390018F0A7
:10E1E000BBFB30000FB0F0BD5CA90410D741041098
:10E1F0000472041048100020E8410410EF4104109C
:10E200007020002040200020F6410410E4060000A9
:10E21000E1E20110E012002010B5837C002B0FD149
:10E22000437C002B0CD043681B681B6F1B0707D473
:10E2300001230382034BC01A034BC018FFF7A4FE4F
:10E2400010BDC046481000204020002070B50024BA
:10E25000082543681B68A14202D01E6F2E4207D1D9
:10E260000422196B0A431A63FFF7D6FF200070BD22
:10E270001E6916550134EEE71FB50400052208009B
:10E2800001A9F0F7F1FF2000019A0299FFF7DEFFE4
:10E2900043000120184304B010BD30B503680224C8
:10E2A0000020814202D01D6F254204D12022196B2B
:10E2B0000A431A6330BD155C01301D61F1E71FB5DB
:10E2C00004000522080001A9F0F7CEFF019A029987
:10E2D0006068FFF7E2FF43000120184304B010BD5F
:10E2E000F0B587B0EFF305829E4B0093272A01D04B
:10E2F0009D4A0092009A0025D31A5A1E9341DCB21F
:10E30000AB4200D01435994E0122AB190193984BC2
:10E31000ED1814236343F3189A74009B1B68DA6AA0
:10E320000292520600D55A6D029A52050BD5142757
:10E330006743F7195B6E3B7C012B04D02800FFF785
:10E3400023FE01233B740421029B0B422FD0142790
:10E35000009B67431A68F619136B8B431363337C76
:10E36000062B09D02800FFF70FFE02212800FFF737
:10E37000E7FD03227E4BFA5408212800FFF7E0FD59
:10E38000142262437A4B99180969002900D074E07D
:10E390000631D154002804D1019805AA0539FFF7A8
:10E3A00055FF14226243714B9B1806221A74A02356
:10E3B000029A1A4235D014262021009B66431B681E
:10E3C0009A6D1A6D1A6B8A431A63684B9B191B7CF2
:10E3D000052B09D02800FFF7D7FD01212800FFF702
:10E3E000AFFD0222624BF25404212800FFF7A8FD82
:10E3F000142363435E4EF7183A69002A00D086E082
:10E4000005329A55002806D105AA1070019B0121FA
:10E410005868FFF742FF14226243544B9B180522B1
:10E420001A74029B514E9B051DD51427009B674310
:10E430001B681B6EF3191B7C012B09D12800FFF709
:10E44000A3FD02212800FFF77BFD0322484BFA546D
:10E45000009B14271B681B6F1B0700D47AE0012365
:10E460006743F7197B7414236343F618002301985C
:10E47000B374FFF7D1FE07B0F0BD00270421019867
:10E4800005AA0597FFF7E2FE0390039BBB4200D16C
:10E4900087E71421614305ABFA5C354BC85C032860
:10E4A00020D10130C8545B180021996099785970C7
:10E4B000142060432E490E187378002B24D0B068C6
:10E4C000013B00021043DBB2B0607370002B07D138
:10E4D000F1681AF0E1FE2800B1604021FFF730FD3D
:10E4E0000137D2E70428E3D014216143204B5B18A5
:10E4F000996818694E1C9E6042549968DA68914286
:10E50000EED300229A60EBE706234354ECE79B5DD1
:10E51000042B08D1B868F9681AF0BEFE2800B9606B
:10E520004021FFF70DFD14231A006243B15C052959
:10E5300001D00521B1546343F31899681E69481C42
:10E540009860715C05AA1170D968884289410840B9
:10E5500098605BE72800FFF717FD01236743F71971
:10E560003B7480E7E8120020E012002048100020F1
:10E570004020002010B5074C2378002B02D006481D
:10E58000FFF714FD237D002B02D00448FFF70EFD9A
:10E5900010BDC04640200020481000205C10002024
:10E5A00070B5040086680D00701CE1681AF074FEF6
:10E5B000636800208B4203D0236801309D55A16021
:10E5C00070BD4368826810B504000020934209D0F2
:10E5D0002268D35C0B706068E16801301AF05CFE61
:10E5E0000120616010BD70B503292BD10224411DAB
:10E5F0001500CC7701210D400A420FD0017D002982
:10E6000004D0012201251A606D4219E00100413158
:10E61000FF318D6849686D1A691E8D4104263242AA
:10E620000ED0027D012AECD14130FF300400806819
:10E63000E16801301AF030FE6368994200D035433A
:10E64000280070BD1622DDE7F0B51F4B89B002AC83
:10E65000019400930323E1F791FE0722029805A994
:10E66000F0F702FE08202056039C059BE4B2102C14
:10E6700004D0202C10D01548FCF776FA069A5208E0
:10E680001D00C117461852004E409A18F6B29A4221
:10E6900005D1062009B0F0BD069A9208F0E7102CCB
:10E6A0000AD10027D95F002804DB8140198002339A
:10E6B0000435ECE73141F9E72968002802DB8140A5
:10E6C0002960F4E73141FBE79CAA04101E420410C4
:10E6D00070B505000C00062908D00800F0F720FBF3
:10E6E0000123002803D10448FCF73EFA00236A1DE9
:10E6F0000620D3772C6270BD254204100B0010B5A4
:10E70000DC6988B00A7906949C69094905949C7D66
:10E71000049415241C5703941C7D02941C690194D5
:10E72000DC6800949B68EEF791F908B010BDC04614
:10E7300030420410F0B589B002910393037D0700C5
:10E740001400002B1BD11526857D86570733F11742
:10E75000013D19406B425D418919C910013569437A
:10E760001000C9B21AF098FD0191002909D01623B2
:10E770000124039A64421360200009B0F0BD012314
:10E78000F6E7002CF8D07B1DDA7F012A09D1029927
:10E79000F73399650199DC655966B2235B00FA5439
:10E7A000EAE70423102E00D1023B6B430820190036
:10E7B00004931AF049FD444326000024002E3ED065
:10E7C0001523BA7DFB56103B002A29D15A1E9341CE
:10E7D0005BB2284ADB009B1803933300083B059388
:10E7E0000025039B5D577B1DDB7F6A1C2AD0002B15
:10E7F0001AD13800029B41305919FF30FFF7E1FE72
:10E800000028F6D00134039B013E01330393059B9E
:10E810009E42E5D1049A029B944663440293CDE75D
:10E820005A1E93410233D4E7022B09D13800029BD0
:10E8300041305919FF30FFF7C4FE0028E2D101949E
:10E84000019C99E7002B09D1380006AB4130D91D56
:10E85000FF30FFF7B6FE0028F6D0D4E7022BEFD149
:10E86000380006AB4130D91DFF30FFF7AAFE002863
:10E87000C9D1E4E7C0AB0410F7B51600027D05006E
:10E880000F00012A05D0012201241A6064422000F1
:10E89000FEBD002E29D0431D0193DA7F0024012AFA
:10E8A00008D1F7335C669965DE65B2235B003400FE
:10E8B000C254ECE7019BDB7F002B0BD128004130D9
:10E8C000395DFF30FFF76CFE0028F7D00134A64217
:10E8D000F0D8DCE7022B08D128004130395DFF3049
:10E8E000FFF75EFE0028F1D1D1E70024CFE700005A
:10E8F000F7B501279740150004000E000193002290
:10E900003B0019F04BFD019A3B00AA40310020006A
:10E9100019F080FD044B2800E118090D0631C9B239
:10E9200017F0F8FFF7BDC0460000E0AFF0B5B64AFB
:10E9300003019A18116887B00C00029301231C4050
:10E940000094194200D191E000230093AF4B443072
:10E9500080001B185C68002C00D18CE0A36B009A2F
:10E960009A4200D189E0E36B9A4200D083E0012310
:10E97000270022004137FF374032DB01D318FD6802
:10E98000B86801937B682818C01A29001AF084FC23
:10E99000237D012B00D09DE0631DDB7F012B29D15E
:10E9A0006433FF33E35C002B24D02300FC33DA6DA7
:10E9B0005E6E8023961B9B009E4200D91E00013D87
:10E9C0006D1AAE4216D8230000254133FF3303935E
:10E9D0002300FC335A6EAE4251D1B6185E66DB6D31
:10E9E0009E4207D3B22300225B002100206AE2543A
:10E9F000FCF776FBF968B8687B680818C01A1AF04B
:10EA00004BFC7F2960D9824A63692600134080222B
:10EA1000019F4136FF3652018037934237D1019C26
:10EA200021003000FFF7CDFD2378611CA37030007A
:10EA3000FFF7C7FD6378E3700434A742F0D10123E8
:10EA40007149009A8C469340029A62441360A02256
:10EA5000009BD2059B019B18019A1A600BE01900DC
:10EA6000009D1468A9400C4200D06FE70099013165
:10EA700000910C29F3D107B0F0BD002378E79B6D1E
:10EA800003985B19995CFFF78BFD0135A0E78022A5
:10EA9000019C92012500934214D0210030000134E2
:10EAA000FFF78FFDBC42F8D1C9E721003000FFF726
:10EAB00088FD23780134E3702B1D9C42F5D1083585
:10EAC000BD42BCD02C00F0E78022002101981FF04D
:10EAD000BBF8B4E7013D691A7F295BD801234A4995
:10EAE000009A8C469340029A62441360A022009BD5
:10EAF000D2059B019B18019A5A60631DDB7F012B95
:10EB0000B9D1B2225200A25C002AB4D02200152052
:10EB1000FC32916D566E009120560421102800D1D0
:10EB20000239A07D012800D102234B43DBB219003A
:10EB30000820D56D02931AF087FB8023AD1B454357
:10EB40009B009D4200D91D0023004133FF33D9684B
:10EB500098685B680818C01A1AF09EFB8D4200D9AD
:10EB600089E7009B9B19019300230093002D1CD182
:10EB70002200FC32536E0099CB185366D26D93423B
:10EB800000D278E7B2235B002100206AE554FCF74D
:10EB9000A7FA70E7019D2E008036297838000135EC
:10EBA000FFF7FEFCB542F8D198E71523A27DE356A6
:10EBB000103B002A1DD15A1E93415BB20026154A14
:10EBC000DB009B180393039B99574B1C15D0019BAB
:10EBD00038005918FFF7F5FC009B0133009301360C
:10EBE000082EF0D1029A019B94466344083D01939C
:10EBF000BCE75A1E93410233E0E704AB3800D91D4D
:10EC0000FFF7DFFCEBE7C0460C040050702000204B
:10EC100000FFFF00C0AB041010B50120FFF786FE17
:10EC200010BD10B50020FFF781FE10BDF0B5040047
:10EC300097B0080011001A006D4B0EAE00930196BC
:10EC40000823E1F79BFB0E9800281CD010F094F8E5
:10EC50000390706800281AD010F08EF80490B06805
:10EC6000002818D010F088F80790039B049A01330D
:10EC70006048934205D1F368DBB20593012B0ED9AE
:10EC80005D48FBF771FF01235B420393E1E701233A
:10EC90005B420493E3E701235B420793E5E73369B3
:10ECA00056485AB2103B1D000892EF2215401342FD
:10ECB000E7D173695248DBB20693012BE1D8F769BB
:10ECC000002F00DC91E03800EBF76AFC2300FC33F6
:10ECD0005865A0235B00E05023004133FF33DF6021
:10ECE0005D609D60039BE761A360049B2562E36018
:10ECF000079B2361059B2375089B6375069BA37582
:10ED0000B369A361B2235B00E554631DDD7723790A
:10ED1000002B3CD10B203B49802217F021FF012121
:10ED20000B2017F0A5FE227D374B012A05D11522B5
:10ED3000A256364B102A00D0354B002623633100F3
:10ED4000344819F0C9FA002829D00136042EF6D12A
:10ED50000026216B2F4819F0CDFA002E02D0002892
:10ED60006AD1060031002C4819F0B6FA002818D0F4
:10ED70000136042EF6D10026216B274819F0BAFA85
:10ED8000002E10D0254900280ED0234855E00C2035
:10ED90002349802217F0E4FE01210C20C1E701265F
:10EDA000D7E70126E8E71F491F48FBF78BF8F82251
:10EDB000DB0312031D4F134094E00023D1E01C49F4
:10EDC000F2E7069B103B5A1E93410133EEE0022608
:10EDD00006E10D9A0C99134330222960049993435C
:10EDE000103A69601343AA6030E1124849E7C0460F
:10EDF0005CAA041080420410924204101E420410C7
:10EE00009942041023EC011078AB0410A8AB041055
:10EE100090AB04100000205000003050B3420410AA
:10EE200019EC01109D4204100073041000000980C9
:10EE3000CE420410E5420410974800212600A0624B
:10EE400019F030FA2C363070216BA06A19F074FA80
:10EE50006063020000233178A06A19F019FB1523C2
:10EE6000227DA069E356012A00D02023DBB258435B
:10EE700080001EF0ADFD061C052018F021FE1EF0DE
:10EE8000A2FD311C1EF000FDEC2189051EF0B0FC36
:10EE9000071C1EF0F1FD86B2002086420DD0300026
:10EEA0001EF091FD011C381C1EF0D9FC8721C905FC
:10EEB0001EF017FD1EF0E0FDC0B200023604304324
:10EEC0000590227D2369012A00D070E71E3213408D
:10EED0008022F82152031343627D704F5206890548
:10EEE0000A401743F820A268C001910201400B4379
:10EEF00080212600C9051943236B03920791616B9A
:10EF00001B79481E1B18C9011B030B4306932C36A3
:10EF10003378A06A04931823049A05995343C822AE
:10EF20009446C3189C4462461160D02294469C4487
:10EF3000624617601F00069ACC373A60079ADC33A6
:10EF40001A6004990123039AFFF7D2FC0123317858
:10EF5000E268A06AFFF7CCFC237D3178012B00D05A
:10EF60002BE72269A06AFFF7C3FC0027380018F0DE
:10EF700051FF002801D10135EDB201370C2FF5D139
:10EF8000012D00D81BE7002018F034FFA0630020FB
:10EF900018F030FF0890237DE06305931523E356B6
:10EFA0000693059B012B00D10BE702239B000A93DC
:10EFB000230040330493337801260393A76A384B28
:10EFC000FB181B0DDB000793039B079A04339B1868
:10EFD000DB030D93039B08339B000993FB180C93F1
:10EFE0002300B20034339B58A0229D01D205AD18F6
:10EFF0002C4ADB0213400A9A13432B4A1340012286
:10F0000032400E3292001259D2021343274A134063
:10F0100011221343059A012A00D0DAE60399079AD0
:10F0200080205218D203134330229343203A1A43CC
:10F030006B46197E0B92C9081AF006F9049B2B60E7
:10F04000099B103BFB186B600B9BA8602B61049B1A
:10F0500080330493012E00D1B9E601231800A16B7F
:10F060002279884001001248120114181148089DA5
:10F0700012181800A84021601160206010600398E9
:10F080003A68834013433B60A0228623D205DB000D
:10F09000D15017B0F0BDC04600002050000006401F
:10F0A0000000E0AF31F81FFFFF87FFFFFF7FE0FFA9
:10F0B0000C04005004240050F7B50400806A0028B6
:10F0C00045D00126230032002C33197803688A408A
:10F0D0009343036019F0D8F8626B216BA06A19F0B2
:10F0E00045F923002500403338350193A0232868D3
:10F0F000DB058201D118CB68174F3B40C7023B4369
:10F100000B6131002379154F81401B01DB19A027CA
:10F110001960134BFF05F950124BD21880235B0482
:10F1200011681942FCD118F05BFE019B0435AB421B
:10F13000DCD12379002B0BD10B200B4917F0E0FD1C
:10F140002300FC33586DEBF75FFA0023A362F7BD91
:10F150000C200649F2E7C046FF87FFFF0434005049
:10F16000440400000C00005023EC011019EC0110C5
:10F1700010B5FFF7A1FF062010BDF8B50D00160071
:10F18000040080CD3800FFF797FF380033002A00D5
:10F19000611EFFF74BFD0620F8BD0000F0B51D0015
:10F1A00087B0009101920199184A0098E1F7B8F8E8
:10F1B0002868EFF70BFE0700012802DD1448FBF773
:10F1C000D3FC0300134E44339B00F6187468002CE4
:10F1D00018D1B42010494000EFF717FD040070600B
:10F1E0000771009B01999A00AA1803A8EBF71EFA71
:10F1F000009B2000591E2A1D03ABFFF717FD2000BE
:10F2000007B0F0BD2000FFF757FFEAE7FFFF03005C
:10F21000EC42041070200020B4AA04100022024B1B
:10F220009A61DA617047C0466C210020074B10B527
:10F230009869074C002801D0FFF73EFFFC34E069D5
:10F24000002801D0FFF738FF10BDC0466C21002018
:10F250007020002070B50C00EFF7C4FD631E18424B
:10F2600006D0044D0200230028000349FAF734FEBB
:10F2700070BDC04604720410F142041070B506005F
:10F2800014000800002A0FD07168042A10D1FFF77B
:10F29000E1FF7368012B03D0022B07D0006800E068
:10F2A0000078F3F7A4F80400200070BD0088F8E7A8
:10F2B000FFF7D0FF05002000EFF794FD7368012BE6
:10F2C00003D0022B04D0286000E028700624EBE76E
:10F2D0002880FBE710B54A680249D200EDF7B6FB7B
:10F2E00010BDC0460B430410F7B501263300834020
:10F2F000944602200C4DAC6A0193D0221206019F65
:10F30000AB6A52683A40571EBA41914207D1013860
:10F310007140002801D1181BFEBD1C00EDE71B1B2E
:10F320006345EAD34042F7E700400540F8B50700DF
:10F3300008680C000FF020FD05006068EFF792FEF2
:10F340000600022F0AD9A068EFF740FD0200310045
:10F350002800FFF7C9FFF3F74AF8F8BD004AF6E7BF
:10F3600040420F00142358430A4B30B5C4180B0019
:10F370005D1EAB411B019A404B4259414942064B2D
:10F38000C903C90BC91823685A40044B1140C0185F
:10F39000016030BD0C0005400000FFFF0C1005406F
:10F3A00014235843064B8900C3181B68D2000A4334
:10F3B0005A400C231A40034BC01802607047C046E5
:10F3C000000005400010054014235843044BC318A7
:10F3D0001B68594001231940024BC0180160704757
:10F3E000000005400010054013B5044C4B790A7924
:10F3F000897900912100EDF729FB13BD1B4304100F
:10F4000010B500210079FFF7DFFF062010BD0000D6
:10F41000134B10B51B78002B1AD10479114B1B5DCF
:10F42000002B15D0C379002B12D083795A1E93413B
:10F430004279DBB2002A0CD1827C511E8A4119002C
:10F44000D2B22000FFF7ACFF01212000FFF7BCFF84
:10F4500010BD0C3881794A1E91411A00C9B2F0E7FB
:10F46000863700209F400020142370B506790F4A8C
:10F4700073439B180400186980230D005B029942B6
:10F4800000DB0B4D013068430A4B0949C01819F0E5
:10F4900003FF617982B23000FFF764FF0123A560AA
:10F4A0002000E371FFF7B4FF70BDC04600000540C7
:10F4B000FFFF0000FF7F000070B50D6801281FD11D
:10F4C000EB790400002B19D02A79124B9B5C002B9E
:10F4D00014D014235343104A9B186A791969501E9B
:10F4E0008241DB681201D34001319AB21804801ABC
:10F4F0004B08C01819F0D0FE40000443200070BD36
:10F500004868EFF763FC01002800FFF7ADFF062411
:10F51000F4E7C0469F4000200000054070B500247D
:10F52000064D0021064B2879E318013419700C357B
:10F53000FFF74AFF082CF4D170BDC04670100020C0
:10F540009F400020F8B5040005200D0018F0B8FA1F
:10F5500023090B4A1B1893420CD900272600030FDE
:10F56000020192197B41100019002A003B0019F09A
:10F57000D1FEF8BD00012900001919F08DFEF8E751
:10F58000005BF90F10B501004008FFF7DBFF10BD6D
:10F59000F8B51427037904007B43144A0E009B1826
:10F5A0005868FFF7EFFF2579104B6F430200FF18F3
:10F5B00030000023F1171AF0ADFC00230C4A3F691C
:10F5C0008018594100230B4A19F0A4FE0137B842B4
:10F5D00000D9380082B261792800FFF7C3FE022308
:10F5E000A6602000E371FFF713FFF8BD000005409F
:10F5F0000065CD1D00CA9A3BF8B50F6801282CD1D3
:10F60000FB790400002B26D03B79184AD25C002AF3
:10F6100021D014267343164A9B185868FFF7B2FF8F
:10F620003B79134A5E437B79B6185A1E9341050015
:10F63000F0681B01D8400F4A0023002180B21AF065
:10F6400069FC00276E08801979412A003B0019F0F7
:10F6500061FE400004432000F8BD4868EFF7B6FBA8
:10F6600001003800FFF794FF0624F4E79F400020D4
:10F670000000054000CA9A3B10B501000138FFF7B1
:10F6800061FF10BD70B50D000400052018F018FAD8
:10F69000EB0F5B195B101818290019F0FDFD234BC7
:10F6A00098421FD810260138142322792049534349
:10F6B0005B1801215E6018611E4B9954E3798B42FF
:10F6C00026D12000A168FFF7CFFE200063790C3817
:10F6D000002B00D11830C379012B20D18168FFF7AE
:10F6E000C3FE70BDE803401B4000FFF7C5FF0600E6
:10F6F00028007043FFF746FF01380F2E02D80E484E
:10F70000FBF732FA80235B019E42CDD30B48F7E72B
:10F71000022BDAD12000A168FFF73AFFD5E7022BD0
:10F72000DFD18168FFF734FFDBE7C046FDFF000053
:10F73000000005409F4000203F4304104443041054
:10F7400070B504000D68012812D12A790D4B9B5C1D
:10F75000002B0BD0142353430B4A9B1858681B698A
:10F7600001335843FFF70EFF40000443200070BDF3
:10F770004868EFF72BFB01002800FFF783FF062402
:10F78000F4E7C0469F4000200000054070B504002B
:10F7900086B0080011001A00144B02AE00930196C7
:10F7A0000423E0F7EBFD0123114D02992B704B1C54
:10F7B00002D02000FFF766FF71684B1C02D02000CA
:10F7C000FFF752FEB1684B1C02D02000FFF7E0FEAD
:10F7D000F3685A1C02D05A1E9341A37100232000E3
:10F7E0002B70FFF715FE06B070BDC04620AC0410AC
:10F7F0008637002010B50C0013000A1D411E20683A
:10F80000FFF7C4FF062010BDF0B50D001E0087B045
:10F8100001922800164A0199E0F782FD30680FF046
:10F82000ABFA070044081F281ED807231C400123F9
:10F8300064003B40E3180C245C430E4BAA00E41820
:10F8400000230199E380B21803A8EAF7EFFE200035
:10F85000321D691E03ABFFF799FF3800042117F032
:10F8600059F8200007B0F0BD03231C400834DEE740
:10F87000FFFF03007010002010B5002107F05BF9B6
:10F88000062010BD10B5012107F055F9062010BD66
:10F89000F0B587B000AF15001C0038603961002951
:10F8A0000CD02668B30709D13268537C002B05D0F1
:10F8B00003339B00D2185368002B53D13A696B0075
:10F8C0009B186A469B000733DB08DB00D31A9D4672
:10F8D0007B603B6921009E00320068461EF0BAF949
:10F8E0007B68A4199E190023BD60FB607B61BB6827
:10F8F000002B1FD17B69002B0BD0FB68002B08D09D
:10F900001868EFF7AFFB0323002800D0023BFA682A
:10F9100013602A0000207B6839690FF0C5F90600E2
:10F9200039680C20EFF771F9BD467B6946600372B8
:10F9300007B0F0BD2368164A606893420ED1EFF716
:10F9400091FB013D7861134B22689A4201D1331F2C
:10F95000FB60BB680834013BBB60C8E73360706084
:10F960000836F0E73B69012B0CD1002D0DD0012D9D
:10F9700008D1074B62689A4204D1A068EFF772FB86
:10F980007861CDE70020FBF7BFFA7D61C8E7C0468C
:10F99000EA1500001205000010B50400012904D08A
:10F9A000022908D00120404210BD406807F0B6F897
:10F9B000237A5840F8E7017A4068514007F0BBF8D5
:10F9C0000020F1E770B50D000400110028000222AC
:10F9D0001E00E0F7A5FC002D06D1200007F09EF8E0
:10F9E00043000120184370BD3068EFF73BFB010076
:10F9F000200007F0A0F80620F5E710B50C000B1D5D
:10FA00000022411E2068FFF7DDFF10BD13000A0031
:10FA100070B540CA411E35686C7C0334A4002D19B2
:10FA2000686804683000A047062070BD10B5026801
:10FA3000537C03339B00D21853685B68002B00D0C3
:10FA40009847062010BD70B505686C7C0334A4008F
:10FA50002D196C68A468A04770BD7FB50600486882
:10FA60000C00EFF7B3F901006846FDF75EFB0021DB
:10FA7000029D032E03D1A068EFF7A8F90100019AB7
:10FA800028001EF0E1F8029A019913002068FFF7A0
:10FA9000DAFF6846F5F74CF804B070BD7FB50C008E
:10FAA000060001A906226068EFF7DEFB0021019D38
:10FAB000032E03D1A068EFF789F90100029A28000C
:10FAC0001EF0C2F8019A206813000299FFF7BBFFED
:10FAD000062004B070BD1FB504000522080001A96E
:10FAE000EFF7C2FB20000023019A0299FFF7ABFF5A
:10FAF000062004B010BD000030B5150087B0052207
:10FB0000040008006946EFF7AFFB03A906222800AE
:10FB1000EFF7AAFB0199049B994202D00548FBF735
:10FB200023F82000039B009AFFF78DFF062007B003
:10FB300030BDC0464943041010B504300EF018FB28
:10FB400010BD0000F0B504008BB0080011001A00D1
:10FB50001D4B03AD009301950723E0F70FFC039FB6
:10FB60007B1C0CD03900194819F096FB39000600AF
:10FB7000164819F091FB4B1E9941761866606B6828
:10FB80005A1C00D02372AB685A1C00D06372EB6819
:10FB90005A1C00D0A3722869002802D00FF0ECF89C
:10FBA000E0606869002802D00FF0E6F82061A869DB
:10FBB000002802D00FF0E0F860610021201D0EF057
:10FBC000B7FA0BB0F0BDC0467CAD041020A1070011
:10FBD00070B50C0086B00E7A050049680A4819F025
:10FBE0005BFB636902000493236928000393E368C5
:10FBF00006490293A37A0193637A00933300ECF7EA
:10FC000025FF06B070BDC04620A107005D4304106B
:10FC1000F0B508008BB011001A00214B02AD009323
:10FC200001950823E0F706FC1E491820EEF7EDFFCA
:10FC3000029F040039001C4819F02EFB3900060011
:10FC4000194819F029FB4B1E99416B6876182372ED
:10FC5000AB6816486372EB686660082B0BD12B69A2
:10FC6000A3726869002805D0AB69002B02D0EB694C
:10FC7000002B02D10E48FAF777FF0FF07DF8E06015
:10FC8000A8690FF079F82061E8690FF075F8002194
:10FC90006061201D0EF04CFA20000BB0F0BDC04694
:10FCA0003CAD0410B4AD041020A10700B043041013
:10FCB000B943041010B58188C38800895B18181AED
:10FCC000013819F0C1FA080010BD10B58188038908
:10FCD000C0885B18181A19F0B7FA080010BD10B5E3
:10FCE00004003430FFF7F1FF0023984206D1882248
:10FCF00063689B691340803B5A425341180010BD12
:10FD00000300002902D10833D88F70470020012951
:10FD1000FBD10633F8E710B5FFF7E1FF0E2300280B
:10FD200000D01033180010BD082370B504004068DF
:10FD3000826915001D401A42FAD118F0BDFC217AE3
:10FD40001420002901D02900152016F091FE227AF6
:10FD500000211000094B7C3080001818E1604160E0
:10FD600010007A327E309200800018189B18416093
:10FD70005960A1640634E18770BDC0467020002040
:10FD800010B5FFF7D1FF062010BD000010B504002C
:10FD90000121406818F024FDE168064819F07CFA5A
:10FDA00001300FF09AFC6068002118F019FD062060
:10FDB00010BDC046405DC60010B517F089FC002993
:10FDC00005D0FA220023920019F0A4FA10BDFA21FE
:10FDD000890019F061FAF9E7F8B5040016001D0072
:10FDE00003291AD1012315001D401A4209D0436886
:10FDF0009B69DB0605D52030FFF767FF431E98415E
:10FE0000050004273E4206D020003430FFF752FFA1
:10FE1000002800D03D432800F8BD1623012920D139
:10FE200017F056FC0600208F0F000023104A002117
:10FE300021301AF06FF80023E26819F06BFA3618D7
:10FE40004F412000FFF74BFF00280ED117F040FC78
:10FE50008F4202D804D1864202D9FBF70FFAF0E7AD
:10FE60006E232B6001256D42D5E70025D3E7C04600
:10FE700080BA8C010B0030B59C1DE48F8DB00A7ADE
:10FE80000A941D7F0F4CAD002C590F4909945C8BCF
:10FE900008941C8B0794DC8B06941C8E05941C7DA7
:10FEA0000494DC7C03949C7C02945D7C074CAD0044
:10FEB0002C5901941C7C0094DB68ECF7C7FD0DB055
:10FEC00030BDC046F4AF0410D543041004B0041094
:10FED000F0B50F001E0091B0A54B02AD11000093CC
:10FEE00004000E23320038000195E0F747FA029B28
:10FEF000002B00DDE3606B68002B00DD2374A86835
:10FF0000431C09D00023062805D0EEF75FFF01232C
:10FF1000184200D0DB186374EB68002B00DDA3747B
:10FF2000286906280DD00EF027FF830705D1031D91
:10FF3000227A1B07DB0F934202D08E48FAF714FE99
:10FF4000E074686906280ED00EF016FF0322024006
:10FF5000012A05D1031DDB101340227A934201D000
:10FF60008548EBE72075A86906280ED00EF004FF3F
:10FF700003230340022B05D1031D227A1B07DB0F4D
:10FF8000934201D07D48D9E76075E86906280DD015
:10FF90000EF0F2FEC3439B0705D1031D227A1B0717
:10FFA000DB0F934201D07648C8E7A0752B6A002B7F
:10FFB00000DB23836B6A002B00DB6383AB6A002BBF
:10FFC00003DB7048032BB9D82377EB6A002B03DBE4
:10FFD0006D48032BB2D863776B6B002B0CDD1A00D6
:10FFE0001F2B23D969496A488B42A7D8E38B9342D8
:10FFF00002D00023E28323622B6B002B0CDD1A005E
:020000041002E8
:100000001F2B15D9614963488B4297D8238E9342A1
:1000100002D0002322866363E368002F0AD132688E
:10002000072A07D8002B07D011B0F0BD2022DDE74A
:100030002022EBE7002B04D1E1235B02E3600023E5
:100040006383E5685448290019F026F9638B013071
:10005000834200D260832900606818F067FB637CEC
:10006000A27C217C606818F0A1FBBFF34F8F0121B7
:10007000606818F0AFFBBFF34F8F0221E07C16F0F1
:1000800049FC0221207D16F045FC237F9B0703D508
:100090000121207D16F072FC0121237F0B4202D04A
:1000A000E07C16F07DFC637FDB0703D50221607DD9
:1000B00016F030FC0221637F0B4202D0A07D16F0C7
:1000C00029FC0125627F616853082B402A40D20336
:1000D0009B031343C022086B1202434013402F4A74
:1000E000256A89180B60002D0FD1E08B0130EAF7EB
:1000F00057FAE38B227A0133A3847C32284B920097
:100100009B1820622585E5845860656B002D0FD112
:10011000208E0130EAF744FA238E227A01332387B6
:100120007E321F4B92009B186063A58765875860DD
:10013000237A002B15D114201A4916F0CFFC012187
:10014000142016F095FC7022382163689A635A6B6C
:100150000A40154959180A6007225B6B13400B606F
:1001600062E71520114916F0B9FC01211520E8E7D6
:1001700070AE04105A440410604404106644041025
:100180006D4404107444041085440410FE7F000084
:10019000A2440410AB440410C83200003010000028
:1001A00070200020390502103410000029050210CB
:1001B00010B50C0013000A1D411E2068FFF788FED1
:1001C000062010BDF0B50D0017001E00144A3900BE
:1001D000280085B0E0F7A4F83068EEF7F7FD0200DC
:1001E000012803D90F491048F9F776FE4C244443FF
:1001F00080220E4B5200E4180023E2832286AA00DC
:100200003900B21801A823626363EAF70FFA2000ED
:10021000321D691E01ABFFF75BFE200005B0F0BD8B
:10022000FFFF0300B44404100472041030110020D6
:1002300080229200436811420DD0094818180260CC
:10024000084A38209A18490607D5596B18234B409D
:100250000340136070470448F0E75B6BF8E7C04663
:1002600038200000341000003830000010B5831D25
:1002700089B2D987FFF7DCFF002010BDF0B5274B0E
:1002800089B005AF0C000093060003230431013848
:1002900001971500E0F772F80123246803939E424A
:1002A00005D82A68063393429B415B420393A36CB3
:1002B000002B0CD1A21DD387210019480CF03EFE63
:1002C000227A184B7A3292009B18A0645860039BE4
:1002D000002B20D0059D062D07D02800EEF720FD2D
:1002E000002802D11048FAF73FFC7968002908D0AD
:1002F0000A000E4B1A40194203D00D490D48F9F778
:10030000EBFDA36C89B2DD603A7A20001A74A31D5C
:10031000D987FFF78DFFA06C09B0F0BDC4CF0410E2
:10032000ECAF041070200020C04404109FFDFFFFBC
:10033000D844041004720410F8B500210400006CC5
:1003400020F0BAFE002809D0260020276568343640
:10035000AB693B4206D0206C20F05EFEF8BD012266
:10036000524212E03000FFF7B0FC0028F3D0628F59
:10037000A38F9342F3D0531C9BB2616B63878A5C5B
:10038000218F8B4289410B4063872A60E0E710B5DB
:1003900004898288631C934292411340C2889A4226
:1003A00002D002681155038110BDF0B50E0087B070
:1003B000050005930392FFF7FFFC340001902B8B9F
:1003C0000293039BF3180493049B9C4208D1A41B43
:1003D0002800FFF7B1FF039B9C4224D31C0019E0C7
:1003E0002F0034373800FFF765FC0028EFD0217864
:1003F0003800FFF7CCFF0134E6E7FFF7DDFC019B97
:10040000029AC31A9A4208D2002C03D10B23059AF0
:10041000013C1360200007B0F0BD019B029A9B18BD
:10042000181AFAF735FF2F0034373800FFF742FC6F
:100430000028E2D0315D3800FFF7A9FFFFF7BCFCD0
:1004400001906B8B01340293C2E7F8B504000D00F4
:10045000C06A002120F030FE002807D01022666814
:10046000B369134203D0E06A20F0D6FDF8BD27003F
:1004700020373800FFF71EFC0028F4D0002DF2D002
:1004800080233168DB00013D1942E7D13800C9B251
:10049000FFF77DFFE2E710B504002121FFF7D5FF4C
:1004A00020002030FFF711FC43000120184310BD4D
:1004B000436870B5196C50220D00040015401142BC
:1004C00004D0164A17215A64FFF7BFFF202663683D
:1004D0001A6C324208D02000114A34305A64FFF7B7
:1004E000F4FB002815D13543802263689200196C13
:1004F000114203D00B4915435B181A60A31DDB8F13
:100500002B4205D023000833A06CDD870CF05AFD88
:1005100070BD2000FFF710FFE6E7C046DF050000D2
:10052000AF0500004420000010B50248FFF7C0FFEF
:1005300010BDC0467C11002010B50248FFF7B8FF7F
:1005400010BDC04630110020F0B585B004001E007B
:1005500002910392FFF730FC00250190278B039B4B
:100560009D4210D10AE0FFF727FC019BC01A874289
:1005700007D2002D02D10B23013D3360280005B0C6
:10058000F0BDFAF77BFE20002030FFF79EFB00282D
:1005900008D1102263689B691342E4D12121200015
:1005A000FFF753FFE28C238D934211D0531C9BB273
:1005B000216AE3848A5CA18C8B4289410B40E384ED
:1005C000029B5A55FFF7F8FB0190678B0135C6E790
:1005D00001225242F4E7000010B50348FFF7A4FBE4
:1005E0000248FFF7A1FB10BD301100207C11002054
:1005F00010B51FF0FBF80E23002800D010331800B0
:1006000010BD000070B50C68661DF57F02281AD178
:100610004868EEF727FD854215D0002809D00C4B1D
:10062000226A9A4205D16368062B02D11620FAF796
:10063000B9FC01230634F077E377002801D00DF0F0
:10064000F1FC20F069FD0E20002D00D0103070BDAF
:1006500098B00410F0B51B4B8DB005AD10C9013832
:10066000009301950723DFF789FE059F6B6838002B
:100670000393AE68EEF7D6FA037C1348002B06D03E
:100680000398EEF7CFFA037C002B02D10F48FAF75C
:100690006BFA062E06D03000EEF7C4FA837B0C48C6
:1006A000002BF4D00620039B6760A360EB68E66034
:1006B00023612B6963616B69A361AB69E3610DB071
:1006C000F0BDC04610B00410F42E0410EB2E041040
:1006D000FD2E0410F7B5194B0193194B1B68002B25
:1006E00028D1B820E9F77BFF164B062507000360E9
:1006F0000300040045608560C56005614561856152
:10070000C5612833A8371D605D6008339F42FAD168
:1007100000260D4B3200236231004220A684EFF701
:10072000B1F92300AC3338601E605D609D60019BB1
:10073000C0331C60019BC0331868FEBD70200020D0
:10074000302100208CB1041098B00410136810B54B
:10075000002B08D10B4B994202D1036A136001E0D0
:100760000423536010BD5468002CFBD0054B994204
:10077000F8D1431DDB7F002B02D01620FAF712FCC4
:100780000462EBE717020000F0B5050085B00C002D
:10079000160000210C2201A81DF056FA6B1DDB7F0C
:1007A000002B03D0AB1DDB7F002B02D01620FAF705
:1007B000F9FB2000EEF70AFB03230400020600D534
:1007C000023B042230001A4301A9EEF74DFD7F23BE
:1007D000E7B21C40631E0E2B02D90F48FAF7C4F98A
:1007E000390000201FF0E8F8002801D11030DEE7C2
:1007F000029B39009BB20020019A1FF001F90E23E1
:10080000002806D0FF096400E4190A34A4006651E8
:100810001033180005B0F0BDBB2E0410F8B507006A
:1008200048680E680D00EEF7D1FA731DDB7F0400F7
:10083000002B03D00636F07F002802D01620FAF7EE
:10084000B1FBE4B221001FF037F90E26002800D0DA
:100850001036032F08D1A868EEF704FC2100002809
:1008600004D000201FF0F0F83000F8BD1FF008F9A8
:10087000FAE710B517F0EAF9062010BD1FB5080019
:1008800011001A000D4B02AC009301940223DFF714
:10089000D1FD029A0398002A03D009490948F9F7C3
:1008A0001BFB094B984202D90848FAF75DF9110081
:1008B00017F008FA064804B010BDC046ACB10410E9
:1008C000F744041004720410C42000000245041010
:1008D000F8B1041070B50C001900038A867C5A43E5
:1008E00007231D001219D208A543042E01D11C4074
:1008F00025000124AC408068835CA3434C1EA141C9
:10090000A9400B43835470BD30B50724038A857C0E
:100910005A4323005218D2088B43042D01D10B00F7
:1009200023408168885C18410123184030BDF0B530
:10093000CB1885B002930723058A9C46ED086A43CD
:1009400001920B9A847C531E9A4100940392029B5D
:10095000994201D105B0F0BD6446019BCA08D21886
:1009600083688C439B18009A042A01D164460C408A
:100970000122A240039FD243A7400A9E52B27FB2F7
:10098000002E01D10131E2E71C78013E14403C43C6
:100990001C705B19F4E730B5048A1500D208544383
:1009A00007222A400125954061188468605CA843AD
:1009B0005D1EAB4193401843605430BD10B5038AAF
:1009C000D408634380684018C05C07231A40104174
:1009D000063B184010BDF0B585B003930A9B0B9DF4
:1009E000D318019301276B1E9D410291019B9A42EE
:1009F00001D105B0F0BD018AD3085943029B0724F9
:100A0000C91883682E005B1839001440A140A64025
:100A1000039CC943A44649B276B29C44634501D1C4
:100A20000132E3E71C780C4034431C700133F5E7D6
:100A300010B5048A62435218816852008B5210BD6F
:100A4000038A5A43836852185200D05A704730B50F
:100A5000048A6243521881685200521803994C1E4E
:100A600003940BD31400190003E0049D0139258081
:100A700002340029F9D1018A4900EEE730BD70B592
:100A80000325048A2E006243846806205218490018
:100A900001408E402B408B409208A05CB04318432D
:100AA000A05470BD038A5A43836852189208985C18
:100AB0000623490019400841033B18407047F7B529
:100AC0000D0016000C0000900193019BEB18A3424F
:100AD0000DD8F7BD3A002100099B0098FFF7CFFF22
:100AE0000137089BF318BB42F4D80134EDE7370017
:100AF000F7E710B51C00038A5A438368521852085E
:100B000098189B5C0F22C90704D5934322401343D6
:100B1000037010BD134024012343DBB2F8E710B586
:100B2000048A806862434018835410BD038A5A4384
:100B300083685B18985C704770B50C25867C024C06
:100B400075432C59A04770BD70B3041070B50C24C8
:100B5000857C034B6C431B195B68984770BDC0468E
:100B600070B30410F0B585B00A9C002C29DD002B71
:100B700027DD5B18002B24DDA418002C21DDC5899E
:100B800095421EDD86898E421BDDCF43FF1739401B
:100B9000D743FF173A40B34200DD3300877C5B1A2E
:100BA000BC4603930C2763465F43074E0B9BF61925
:100BB0000193AC4200DD2C00A41A0094039BB4689E
:100BC000A04705B0F0BDC04670B30410F0B587B0C3
:100BD000009008001400EEF7F9F805002000EEF789
:100BE000F5F8009B06009B89002D1ADA6A429A42AA
:100BF00014DA5B1902930123039300230193009BF2
:100C0000DC89002E17DA7342A34207DA3319049302
:100C1000012300240593049B9C4228D1062007B0A1
:100C2000F0BDAB42FADD013B01936B1E0293012341
:100C30005B420393E3E7A642F0DA731E04930123B9
:100C40005B42013C0593E6E7791BA21B0098FFF786
:100C50007DFF3900030022000098FFF76DFF039B22
:100C6000FF18029BBB42EFD1059BE418D3E7019F1D
:100C7000F7E770B50C009200061D8D1801CEEEF757
:100C8000A5F801C4AC42F9D170BD10B586B00C68AE
:100C90000800042202A9FFF7ECFF059B2000019346
:100CA000049B039A009302990123FFF75BFF062040
:100CB00006B010BD10B586B00C680800042202A969
:100CC000FFF7D7FF059B200001930123039A0093B0
:100CD0000299049BFFF746FF062006B010BD10B531
:100CE00088B00C680800052203A9FFF7C2FF079B24
:100CF00020000193069B049A00930399059BFFF73C
:100D000031FF062008B010BDF7B5019048680E000D
:100D10000F68EEF75BF80400B068EEF757F80500CF
:100D2000002C02DBBB89A34201DC0620FEBD0028AB
:100D3000FBDBFB898342F8DD019B032B08D102001A
:100D400021003800FFF702FF430001201843EDE7C0
:100D5000F068EEF73BF82A00030021003800FFF7A7
:100D6000EBFEE2E737B504000800EEF72FF80C21A0
:100D7000A57C074A6943521895680022A38901900F
:100D8000E189200000911100A84706203EBDC04621
:100D900070B30410F0B506008DB048680F001D0058
:100DA0000792EEF713F80190B868EEF70FF8049089
:100DB000F868EEF70BF8019C0690042E03D9386909
:100DC000EEF704F80400019B384A0293013B93427A
:100DD0000CD8049B0593013B0393934206D88023D0
:100DE0005B029C4202DA019B9C4202DA0020F9F786
:100DF000BBFE069B062B52D8180020F0A5F9045420
:100E00004736363E52000722049B0733934305932F
:100E1000083B039301260422079B38681A4309A95B
:100E2000EEF722FA039A059B9B1A029A5A43130083
:100E3000039A62439B185E430A9BF6089E42D5D8EC
:100E4000002D04D114201A49EDF7DFFE050028001B
:100E50003B682C826B60099BAB60019BAB81049B60
:100E6000EB81069BAB740DB0F0BD0723019A0734EC
:100E7000D2189A439C430292CCE70323019A03348D
:100E8000D2189A4302269C430292C4E70123019A96
:100E90000134D2189A4304269C430292BBE70548CA
:100EA000A5E70826B7E71026B5E7C046FEFF000015
:100EB000C4B304109942041070B50C001D00110059
:100EC0002000054ADFF72CFA290000230222200027
:100ED000FFF760FF70BDC0460A0008007FB58A6852
:100EE0000B680392012201934B680492029303283A
:100EF00000D9CB6805930022052101AB0248FFF71A
:100F0000DBFF07B000BDC046C4B3041010B5406895
:100F1000EEF7AAF901235840C0B210BDF0B50B6836
:100F200087B0060048680C000293F4F781F901903D
:100F3000A068EDF74BFF0500E068EDF747FF0123E0
:100F400004900393042E03D92069EDF73FFF03902B
:100F5000019B1B78002B02D1062007B0F0BD1A00C0
:100F6000203A5F2A00D97F232C00203BDB00059329
:100F7000002C09DA2B00013408339C42F8D1019B84
:100F8000250001330193E3E7029B9B89A342F1DD36
:100F9000059B0C4A5B1B9B181F5D049E002FE9D02C
:100FA00001231F420BD0002E09DB029BDB89B342D9
:100FB00005DD32002100039B0298FFF7BDFD7F088D
:100FC0000136EBE7E4B3041070B505001E00038A98
:100FD00084685A435218A418049B5A1E049200D2E3
:100FE00070BD2000320005991CF02EFE2B8AE418FB
:100FF000F2E7F0B51D00038A84685A43521852087C
:10100000A4185B1B0F2285B05B08039301230B9F81
:101010000B4017403A0101923A43029200930A9B17
:101020005A1E0A9201D205B0F0BD009B2E00002B83
:1010300009D00026B54206D00F2223786E1E9343B6
:101040003B43237001342000029972081CF0FCFD20
:101050007308E41801231E4209D00F22237813409D
:10106000019A1343009A237053425341E418039B9F
:10107000E418D4E7F0B50D008DB006000C68052229
:10108000280007A9FFF7F5FD062E11D9A869EDF78D
:10109000E9FF0799089A099B0B9E0A9D002807D033
:1010A000019600952000FFF75DFD06200DB0F0BD14
:1010B0000126079B089D0B9F0393099B2A00200094
:1010C0000399019700960493FFF74CFD0A9B2000BB
:1010D000EA1803990593013A049B01970096FFF7DC
:1010E00041FD059B2A0003990093200033000197DE
:1010F000FFF738FD049B03999C46059B61440093D0
:101100002A00330001390197CCE7030010B580684D
:101110000A001968C0B2E0F701F8EDF757FE10BDFC
:10112000038A5A438368521852089B5C1809C907FE
:1011300001D50F201840704710B5029C002C0BD031
:10114000002909DB84898C4206DD002A04DBC4897E
:10115000A24201DAFFF7F0FC10BDF0B51500012244
:101160008BB0069307000C005B1A0392002B03DC84
:10117000069B023ACB1A0392109A561B0122049244
:10118000002E04DC109AAE1A01225242049201226F
:101190000892B3420BDB049A0399039232001E00BB
:1011A00013002A00250014000022049108925B001D
:1011B00007939B1B02937300099300230593059BE0
:1011C0009E4209DC012338000093109A119B069976
:1011D000FFF7B2FF0BB0F0BD089B002B1CD0002C1A
:1011E0000DDBBB89A3420ADD002D08DBFB89AB4286
:1011F00005DD2A002100119B3800FFF79DFC029BB2
:10120000002B17DA079A049B9446ED18029B63445F
:101210000293059B0133D1E7002DF0DBBB89AB4284
:10122000EDDD002CEBDBFB89A342E8DD2200290089
:10123000119BE1E7039B099AE418029B9B1A029316
:10124000DDE710B588B00C680800052203A9FFF798
:1012500010FD079B20000193069B049A00930399BD
:10126000059BFFF77AFF062008B010BDF0B5060019
:10127000022089B01C00109B0D001840049004202F
:10128000184005900820170001211A0018400A4054
:101290000690DB0637D5002A09D00F980E9A6318FE
:1012A0000190009130002900BA1AFFF75BFC049B03
:1012B000002B0AD00F980E9A01900120631C009019
:1012C000BA1A3000291BFFF74DFC059B002B0AD0F2
:1012D0000F980E9A01900120631C0090BA183000FC
:1012E000291BFFF73FFC069B002B0AD00F990E9A93
:1012F0000191012130000091631C2900BA18FFF709
:1013000031FC09B0F0BD2B1907930E9B2919FB1A6C
:10131000039330000F9B0092039AFFF70DFF049B8D
:101320002D1B29003000039A00930F9BFFF704FF49
:101330000E9B2900FC18059B2200300000930F9B98
:10134000FFF7FAFE069B2200009330000F9B0799DF
:10135000FFF7F2FED5E7F0B50C000B6895B006007C
:10136000052220000FA90C930025FFF782FC062E12
:101370001ED9A069EDF776FE0501072E18D0E069A9
:10138000EDF724FD0F23184028430490119C129F71
:1013900023003B4310D1049A0F331A400092139B51
:1013A000109A0F990C98FFF7C7FE062015B0F0BDF4
:1013B0000F232B430493E9E72300634307935B0068
:1013C00005933B0000257B4308935B0006930123B4
:1013D0002E0062009B1A089A09955A43069B0A92AE
:1013E00063430B93079BEB180D930B9BAB422FDAD8
:1013F0000024012325007A009B1A079A059E5A4370
:101400007E4307920994089BE3180A93B442CCDC0C
:10141000049B109A0293139B0F9901930C98099BBC
:101420000097FFF723FF099B079A01330993069B57
:10143000E4180A9BED186B009B18002BE3DD059A5E
:101440005D1B9446079B013F6344B61A0793DAE796
:10145000049B109A0293139B0F990193099B0C987C
:1014600000932300FFF702FF099B0A9A01330993B7
:10147000059BED180D9BF61873009B18002BB1DD32
:1014800006990B9A8C469E1B0A9B521A6344013C98
:101490000B920A93A6E70000F0B50B6895B002AF77
:1014A000060048680D003B62EDF790FC3863A868C1
:1014B000EDF78CFC3C230522F918F862E868EDF79B
:1014C000D3FE796C0022C9B240203C6CDFF7A2FD4C
:1014D00041008C425FD3200017F0DEFE0400286933
:1014E000EDF774FCF861052E32D83C230021F81882
:1014F000FFF70BFE3C2306000121F818FFF705FE5D
:1015000005006400013C3C232100F818BD62FFF790
:10151000FCFD3C23210005000139F8187E63FFF72C
:10152000F4FDF96A3B6B8C46BA6A06001B18386BEF
:1015300062448446F869796B0190F86A023C40196C
:101540000090386A6144FFF708FE002CDBDA22E0E5
:101550006869EDF787FD0028C7D080231B060025AA
:10156000694E7B610DE03C2369000131F818FFF7FB
:10157000CCFD864200DD06007B69834200DA78619B
:101580000135A542EFDBA3006400BB60631E7B60F6
:101590007B69B34203DA0620BD4613B0F0BD6B464B
:1015A0006A46FB60BB6800210733DB08DB00D31A07
:1015B0009D4602ABBB613C23F818FFF7A6FD3C2318
:1015C000B8620121F818FFF7A0FD7B6804007B6278
:1015D00000237B633C23796AF818FFF796FDBB6A0A
:1015E000796A3B617B6A2500023B7B623C230400F5
:1015F0000139F818FFF789FDB862A54203D0AE4261
:1016000015DAA64215DA2B00A54200DA2300B34210
:101610002CD1A54234DAFB6AB96A1A193B6B591806
:1016200001230093FB69386AFFF786FD1EE0A6429E
:10163000E9DA7B6B3A6901333B607B6B701B9B0083
:101640007B63BB6A611B9B1A5843400117F0FCFD8A
:101650001F223B69796B5B01C0181030C317134020
:101660001B18BA695B118B503B687B637B6A002B4C
:10167000B0DA7B6B002B3FD1FB6801369D4687E7D4
:101680003B6B39699C46FB6A6144EA18A542C7DC9A
:10169000B86A3B6B1B18F8690190F86A0019009052
:1016A000386AFFF75AFDE1E79A00B969BC69101D75
:1016B000895820585D1C814223DDA21803C21A00FC
:1016C000511E8A419B1A9C45EEDC0025BC697B6B50
:1016D000AB42D1DD21686368386B5B1A0918F86981
:1016E000FA6A019001200090386A01339219FFF7DD
:1016F00039FA02350834EAE77A6B0023013A944656
:10170000E1E72B00DFE7C046FFFFFF7F73B50D0069
:101710000E490600F6F792F9041E05D02B0007CCFF
:1017200007C306CC06C373BD3000694601AAEDF7B6
:10173000F7FB0098031F012B02D92000F9F714FAD8
:101740002B0001220199FFF725FBECE7C4B304103D
:10175000F0B50C000B6891B006A907006068009313
:10176000FFF7D4FFA068EDF731FB0600E068EDF766
:101770002DFB0500042F3DD92069EDF727FB0190D3
:1017800000230D93052F05D96069062802D00BA907
:10179000FFF7BCFF009B9A89B24228DDDB89AB4290
:1017A00025DD06A9898977428C468F421FDA06A873
:1017B000C4896942A1421ADAF043C017304002904E
:1017C000E843C01728400390F843C0170740C843B8
:1017D000C0170140664405970491964200DD16004B
:1017E00064199C4200DD1C00039DA54228DB0620F5
:1017F00011B0F0BD01235B420193C1E7049B039A42
:1018000002999A1A059B5219591AC91906A8FFF785
:101810009DF90D9A0300002A05D0010000220BA8B3
:10182000FFF794F90300019A9A4204D02A00390084
:101830000098FFF781F90137B742DFDB0135D4E7C4
:10184000029FF9E770470000002210B5100002491E
:1018500016F044FA30BFFDE70020042010B5FFF772
:10186000F3FF10B516F05CFA01231A00002800D02F
:1018700002325000184310BD07B5684617F03AFC15
:1018800008216846F3F7FAF90EBD10B5EDF79EFA98
:101890000EF008F8062010BDF0B500258BB007004B
:1018A0000395012811D10868EDF790FA03900128FB
:1018B00003DC0DF003FF0BB0F0BD5E4B039A3D005F
:1018C0009A4202D95C48F9F74FF90DF0D9FF5B4B0A
:1018D00007901C78002C02D00DF0E4FFEBE701220A
:1018E0001A701DF073FF002802D00694002F04D157
:1018F000072016F0A1F801230693514E082016F098
:101900009BF83300002202210420009616F0A4F870
:101910000022330011000520009616F09DF8494B77
:101920000322002100930920330016F095F80022CD
:10193000330011000620009616F08EF8424816F08B
:1019400081F9069B002B02D0404816F07BF9404BF2
:10195000404A1360002F1ED116F036FA3E4B3D4A26
:10196000069813600CF0E6FC07980DF09BFF0DF055
:10197000CDFE002D0BD0002C02D0012015F0A0FFD1
:101980000120002115F012FF012015F06BFE00224E
:101990002A4B1A708FE7314F314E3B6808933368FA
:1019A0000993002D41D000233B6020333360012098
:1019B00015F050FE01202B4915F0F8FE15F088FEB9
:1019C000FA22039B049005919200D91703980023F3
:1019D00018F0A0FA049A059B12184B4180210906C1
:1019E0008B4202D30122204B5242012015F044FFCA
:1019F00001244440E4B2069B002B09D180233A68BD
:101A00001B0213433B60802332681B011343336086
:101A10000423164A11690B431361002C00D030BF18
:101A2000089B3B60099B336098E73D602C00356064
:101A3000E1E7C0463689410017450410873700208A
:101A4000001BB7001BB700000080024000C002402E
:101A500000E0D1000000064000B0FA00A88000407D
:101A6000AC80004045180210FFFFFF7F00ED00E052
:101A700010B5FFF711FF062010BD10B5FFF70CFFE2
:101A8000FFF7E2FE10B50DF0FBFEF0F7B0FC10BD65
:101A900010B501200DF0AEFE062010BDF0B5070018
:101AA0000E0087B0002807D1052016F009F8430082
:101AB0000120184307B0F0BD0868EDF787F904006E
:101AC000052015F0FDFF05002000AC4200DA2800DB
:101AD0000EF0EDF8FA212000890017F0B5FB05ABF8
:101AE00004AA03A916F024F800281CD0059A04992A
:101AF000039815F0EBFF012F0ED07068EDF766F933
:101B00000B4B984208D0844210D1230001220021BF
:101B10000620009415F0A0FFAC4202DA20000EF07F
:101B2000C6F80620C6E70348F9F71EF80248FBE7A7
:101B3000006CDC0223450410364504100021034BE1
:101B4000034A10B508001A6016F01EF9000006409E
:101B500000B0FA0010B5FFF7F1FFF0B587B005222D
:101B600003A9EDF781FB182600207F27039A049B29
:101B7000D3180193019B934204D1430001201843E1
:101B800007B0F0BD082114780300012563402B4005
:101B90005B42DDB23340434028005B08B843013963
:101BA000184364080029EFD10132E3E710B50021A2
:101BB00015F096FD10BDF8B507000124BC40D027F4
:101BC0000E000DF05DFE3F0605007C620620FFF76B
:101BD000EDFF002E00D0BC623620FFF7E7FFBC62AD
:101BE0000A20FFF7E3FF28000DF05CFEF8BDF8B512
:101BF0000C000DF0C1F806002000EDF7E7F808250D
:101C000004000127210030003940013DFFF7D3FFD8
:101C10006410002DF6D10620F8BD70B50D000DF052
:101C2000ABF804002800EDF7D1F801002000FFF721
:101C3000C2FF062070BD70B50DF09EF80124D026BD
:101C40008440F0203606746240000DF046FD0DF031
:101C500017FE0500B4624620FFF7A8FF736828004E
:101C60001C400DF01FFECD2040000DF036FD0E2073
:101C7000002C00D1103070BD70B50124D0258440F7
:101C80002D06AC620DF0FCFD06006C620620FFF72D
:101C90008DFFAC620920FFF789FF30006D680DF001
:101CA00001FE3720FFF782FF28002040431E9841A5
:101CB00070BD70B50DF060F8002506002C003000F6
:101CC000FFF7DAFFA84001350443E4B2082DF6D14E
:101CD00001206400204370BD10B50DF04DF8FFF7F2
:101CE000CBFF43000120184310BD4068002800D1FD
:101CF0000630704783691E20062B02D00E2B00D0C1
:101D00001038704710B515F0E3FC00290AD0FA220C
:101D10000023920017F0FEFA054B40001840012303
:101D2000184310BDFA21890017F0B6FAF4E7C0464F
:101D3000FEFFFF7F062370B54C680D6863610228C3
:101D40000AD1FFF7DFFF6A68E06121000348F5F779
:101D500004FF6860062070BD8868F4E7D91F021090
:101D6000836937B50400062B01D00E2B02D16069C0
:101D7000ECF722FF074B08491868EEF7F9FD05005C
:101D8000A3690190694602200093FFF7D3FF062064
:101D90006C613EBD6C200020EA11000010B504000B
:101DA000080011000022DEF7BBFA21000820ECF742
:101DB0002CFF0023436010BD10B504000A00034847
:101DC0006168F5F715FF6060062010BDD91F02108D
:101DD00070B50D000600110028000C4A1C00DEF74B
:101DE0009FFA2020E8F7DCFB002306604360C36015
:101DF0002368036106234361183383611D3BC3617C
:101E0000022D02D1024B62681A6070BD040002000C
:101E10006C200020136810B5002B20D1174B99427D
:101E200002D1036913600FE0154B994201D1436958
:101E3000F8E7144B994201D18369F3E7124B9942B9
:101E400003D1124B1360506010BD114B994201D168
:101E5000104BF7E7104B9942F6D1C369E2E753689C
:101E6000002BF1D0064CA14202D143610023D9E7F7
:101E7000044CA142E8D18361F8E7C0463202000079
:101E80003E0200009E0300005602000034B9041018
:101E90001F0200002CB904102B03000070B50400D1
:101EA0008069062801D00E2803D10E23A3612000EB
:101EB00070BD094D1E2807D1002328001A00190003
:101EC000FFF76CFFA061F2E7ECF7ACFE8542EED0C5
:101ED00002490348F7F7F6FFB0B90410644504104F
:101EE000DC720410F0B50400806985B006284BD080
:101EF0000E2832D0254F26493868EEF739FD844246
:101F000004D124492448F7F7DDFF64696069ECF7E0
:101F100089FE2249F5F7F0FC051EF6D12049386804
:101F2000EEF726FD8021060001AA6069F7F766FF3B
:101F3000019B002B13D02900012001AA0394F8F77C
:101F400011F9022001A901960294FFF7F3FE154949
:101F50003868EEF70DFD60611E2005B0F0BDE56943
:101F6000FFF7D0FE80236D109B05ED18E023401095
:101F70002D1AAD00AD081B06ED18002DE7DD210080
:101F80003000FFF719FFDCE70E20E6E76C200020A9
:101F9000EA1100006B450410DC72041090B90410C3
:101FA000120F0000EA07000070B544680500002C1D
:101FB00003D106490648F7F785FF00236168054805
:101FC0006360F5F7EFFD6860200070BD794504108F
:101FD00090730410D91F0210C369CA695B105210B4
:101FE000981A80239B05C018E02380001B068008F8
:101FF000C018C00F704730B50C0085B00500052231
:10200000206801A9EDF730F90020012D02D96068A0
:10201000ECF7E8FEC2430299019801F06DF9C04364
:10202000F0F700FA05B030BDF0B50D008BB03E4BB7
:1020300002AC04310138019400930123DEF79EF9CC
:102040000522286803A92478EDF70EF904980028E2
:1020500005D00321013817F01FF9013080003C261C
:102060003F27211806A8FBF760F8039A04980899FF
:10207000022824D8002813D0302513789B080B7031
:1020800013781B012B40022832D1507800090343FA
:102090004B7053783C229B0013408B704023CB70D5
:1020A0000798089A001B1018824224D1002C01D0F6
:1020B0000A23137006A8F2F73BFD0BB0F0BD3025E4
:1020C000137803389B080B7013781B012B4055784D
:1020D0002D092B434B70537895789B003340AD0905
:1020E0002B438B70937803323B40CB700431BFE7B6
:1020F0004B704023D1E71378192B04D84133D9B260
:1021000011700132D0E7332B01D84733F7E73D2B6D
:1021100001D8043BF3E72B213E2BF1D004313F2BB8
:10212000EED00E31ECE7C046CCB90410F0B58BB060
:10213000052203A9EDF798F8039B04990093032364
:1021400059438908013106A8FAF7E2FF0021012569
:102150000C000A000800089B0193049B8B4204D8E2
:10216000002A39D01F48F8F7FFFC009B5B5C3D2B31
:1021700006D1022A30D0042A01D1002C2CD12C0007
:102180001E00413EF7B2192F10D8330080011843CA
:10219000931D072B1EDD079B023A5C1C079404006D
:1021A000D440019EF45400240131D6E71E00613E64
:1021B000192E01D8473BE9E71E00303E092E01D811
:1021C0000433E3E72B2B03D02F2BEDD11033DDE7C6
:1021D0003E23DBE71A00E6E706A8F2F7A9FC0BB0FE
:1021E000F0BDC0468045041010B5034B0100180037
:1021F000F2F7B8F910BDC0463082041010B5024A9B
:10220000F3F734F810BDC04630820410F0B597B033
:1022100000250C684B680392022800D98D6804A938
:1022200005221800EDF720F805993E480B070DD15F
:10223000002D0DD0062207A92800EDF715F8079903
:10224000089A059B02919A4207D23748F8F78CFC0E
:102250000AA8FAF76AFF0C9B029396235B00E35CE3
:102260003F2B35D8631DDE7F271D320039000EA8B5
:102270001BF0F0FC38000EF0E6FE039B3800F20085
:102280000EA9002B21D00EF0E5FE032202230399B4
:102290003F2011405B1A962149001340625C9B016C
:1022A00002401343635496235B00E35C9B069B0E42
:1022B000012B19D0022B27D0002D03D10AA8F2F749
:1022C00037FC0500280017B0F0BD0EF091FFDCE7E9
:1022D0003F229343039A002A03D1402BE3D11348B2
:1022E000B4E7802BDFD1FAE7049E059FF719BE42C1
:1022F000E2D23200029B0399201D0FF08BFC029B5F
:10230000103610330293F2E72300029A1D33019234
:10231000049A03990092201D059AFF330FF08BFC5D
:10232000CAE7C046924504109F450410A445041016
:1023300010B50022FFF76AFF10BD10B50122FFF7AC
:1023400065FF10BDF0B51E0089B0019104001100B9
:102350000198264ADDF7E4FF7068ECF737FD431E6D
:1023600005002348012B15D8982021004000ECF7E8
:102370004CFC96273F237F001D40C55505220400D5
:1023800002A93068ECF770FF1022039B103B9343C7
:1023900002D01848F8F7E8FB0593019B022B0BD9F4
:1023A000B068062808D0052205A9ECF75DFF069B5A
:1023B000102B06D01048EDE73F22E35D1340022BBF
:1023C000F8D0039A059D631D0299DA77201D1BF052
:1023D00041FC002D06D020001D3010222900FF30C6
:1023E0001BF038FC200009B0F0BDC0460600040018
:1023F00067490410DF340410B84504101FB50522E6
:1024000001A9ECF731FF0198F0F70CF805B000BD19
:1024100070B505000800F0F728F804002800F0F770
:1024200024F801002000EDF791FB70BD70B50D00A0
:10243000F0F71BF804002800F0F717F8010020005F
:10244000F2F71CFC70BD000010B50148F8F75CFD08
:10245000BB45041010B50F283AD81EF075FE080DC4
:102460000F12151A1F263939393939392D328B5C3B
:1024700001205B00184310BD8B56F9E75200535AF8
:10248000F6E75200535EF3E792005058EFF7CAFFA9
:10249000F1E792005058EFF7AAFFECE7D200891855
:1024A00008684968EFF7AFFFE5E7D20089180868C8
:1024B0004968EFF78DFFDEE792005058EEF73AFFDC
:1024C000D9E7D20089180868496817F007FAF5E7D4
:1024D0000020D0E770B5050048680C00EEF7C2F99F
:1024E0000C4A002810D163680B4A99070CD10B499C
:1024F0001868884208D19B68094A9B0F012B03D0BA
:10250000084A022B00D0084A28000849A368EAF7C5
:102510009DFA70BDD2450410D9450410A88304105B
:102520000F2A041056250410DF450410E34504105B
:1025300070B50E000400110030000C4A1D00DDF7DC
:10254000EFFE21001020ECF760FB04002868ECF798
:1025500049FCA0606B6863600223E360032E03D133
:10256000A868ECF733FCE060200070BD06000400B2
:10257000030010B50020082B0ED14B689A070BD131
:10258000064A1C68944207D19B689B0F012B03D11C
:102590008B681868EFF746FF10BDC046A88304108B
:1025A000F0B51F0003000E3B06000D00140085B0BF
:1025B000012B13D80E2807D1940038000C19ECF722
:1025C0005BFC206005B0F0BDD40038000C19ECF7BE
:1025D00053FC1BF067FA20606160F3E73800ECF70A
:1025E00001FC0300072EEDD830001EF0ADFD040401
:1025F000060609090C0C2B55E4E764006353E1E778
:10260000A4006351DEE7064AE400915D03AA2B199A
:1026100000923C203A000393DEF79CFED2E7C046CE
:102620002CBC041070B54568002D01D1FFF70CFFDC
:1026300083689B0F012B09D0022B10D0002BF5D102
:10264000022DF3D1C06800F023F870BD022DEDD14A
:102650001368032B01D8042313600420F5E7C36833
:102660001C016409022D0DD104201B0F0E2B03D079
:102670005B079B0F033898401368834200D21060B9
:102680006043E2E7032DD1D1006900F001F8F7E7DC
:10269000F7B5050016000091EEF7E4F800285ED1CA
:1026A000AB070BD12F4B2A689A4207D13200280082
:1026B0000099FFF7B7FF04002000FEBDED0702D52B
:1026C0002948F8F721FCFFF7BFFEEB68FA009B18DA
:1026D0001A68002A20D0042A1ED058680123184204
:1026E00027D04310000F0200083A052A07D8DB0361
:1026F000DA0B032340101840023B834004E05B01E7
:102700005A0904230E28F4D13168994200D233606B
:102710009B189C4200D21C000137AB68BB42D4D846
:10272000009B022BC8D133685A1E12195C42144018
:10273000C2E703231842C6D10A4B02689A42C2D1AB
:10274000836832005B1000990193FFF76BFF019BD8
:10275000DB00DB0818188442DED20400DCE7002727
:102760003C00DAE7A8830410F245041037B50C6882
:102770000B000021020020000191033108400C42AF
:1027800018D121680F4DA94203D12000ECF724FD98
:102790003EBD0D4DA9420DD1012A01D0F8F7B4FB81
:1027A000E1686468200001AAFFF772FF430001207E
:1027B0001843EDE702218A42F4D15868ECF706FB92
:1027C0000100EFE7686E041048BC041073B5050003
:1027D00000260C0001AAC16840680196FFF758FF67
:1027E000AB686060236001233000A36076BD000009
:1027F000F0B50500140087B0002A28D047680323ED
:10280000380018401F4203D1424A3E68964202D027
:102810004148F8F779FBBA684E10920F022A56D158
:10282000F9680A015209964203DB3C493C48F7F734
:1028300049FB7A68022A31D1EF68080FA968022F94
:1028400008D13200042C50D02300FFF7A9FE20004D
:1028500007B0F0BD04220E2803D04210134001221D
:102860009A4072438A1805AB2E490592042C09D16F
:102870003834002F00D00234095C2000DEF7D4FC8D
:102880000400E4E73C25002F00D00235095C0093EA
:10289000280013002200DEF75DFDD8E7042CEFD1FD
:1028A000E968059005AA3869FFF7F2FE1E49029013
:1028B0001020ECF7AAF904003B694360029B7343C4
:1028C0001E00AB689B19A360EB68E360BFE70400E0
:1028D000012ABCD1AB68F8681B680293030013405F
:1028E000104205D032000299000FFFF7B3FDC7E791
:1028F000E96805AA0593FFF7CBFE0B49039010206A
:10290000ECF783F9FB6804004360039B73431E00EC
:10291000029BD7E7A883041014460410194604103C
:10292000907304102CBC041048BC0410F0B50600D1
:102930008BB040680D001400EDF794FF002802D121
:102940007548F8F7E1FA0221ED0029437068EEF7C7
:102950000FF805000120054200D1A3E06B102A0FFB
:102960005F0104927A0905926C4A290FCA40944685
:10297000674602400392B168F268074211D1DB0357
:10298000DB0B0793CB18022A3BD0511E8A416F0004
:10299000290FBF0F0140D2B2B840DEF719FC0390F7
:1029A0003AE0059BC918022A0FD1002C05D122005C
:1029B0000498FFF74FFD040004E023000022049870
:1029C000FFF7EEFD20000BB0F0BD3C20544D09ABED
:1029D0000991002C09D1002A00D00230049AAC5C85
:1029E0000A002100DEF720FCE5E7002A00D00230D3
:1029F000049A0093AD5C0B0022002900DEF7AAFCCC
:102A0000E0E70622290F0A40022A18D0042A18D02B
:102A1000002A01D11B780393059B9B02DB0E0693D2
:102A2000059B9F150123BB401F00013F002C0AD1CD
:102A30000398069BD8403840EFF7D9FCBBE71B88CA
:102A4000E9E71B68E7E72000ECF7C0F90300069A06
:102A500006993B4097408B40039AF168BA43134371
:102A6000B268022911D10498043108400100079886
:102A70001218022905D0042905D00029A2D113700B
:102A8000A0E713809EE713609CE7079801391218AE
:102A90004842414101206D00AD0FA840C9B2DEF7A8
:102AA00043FC8FE7AB0703D11E4B2A689A4201D043
:102AB000FFF7CAFC002CFBD1AF68BB0FBF00FF08BB
:102AC000012B21D0022B0FD0002B00D07AE7102051
:102AD0001549ECF79AF80400EB684360B368DB191A
:102AE000A360F368E3606DE76B68022B0CD1EB68C1
:102AF0001B0F09D1F168280009AAFFF793FDB168FF
:102B0000C919EDF723F856E710200749ECF77DF8CF
:102B100004004560E2E7C04620460410FFC0000004
:102B20002CBC0410A883041048BC041010B5140079
:102B30001268002A03D1FFF7F9FE206010BD626819
:102B4000FFF7F4FE0028F9D000232360F6E7F0B584
:102B50000D0016000021202289B004001BF074F83B
:102B60002B00701998420ED100231A002380694669
:102B70005A52E15A02335218202BF8D10022B242A5
:102B800008D109B0F0BD1A7801335200A15A0131C1
:102B9000A152E7E7A95C002908D06B466F464900BF
:102BA0005B5A581C10335B0078521A530132E6E727
:102BB000F7B500260191050011000198204A1F0079
:102BC000DDF7AEFB019B3400012B15D97868ECF7DB
:102BD000FDF8019B0600022B03D0B868ECF7F6F86D
:102BE00004001848032E05D8002C05D0631F0A2BBB
:102BF00002D91548F7F7B8FF29001020ECF705F8BF
:102C00003B683F2243600F231C400C3B1E40037A6D
:102C1000A400934326431E43050006720020019B37
:102C2000E860032B02D9F868ECF71CFA0123402274
:102C300018402B7A8001934303432B722800FEBD7A
:102C4000080002002A4604102D46041010B50400A6
:102C500004290BD14068002806D0237A5B0601D5F1
:102C6000F8F74FFD00236360002010BD16220120FD
:102C70001A604042F9E7000037B56B464068DC1C3B
:102C800002682100537C03339B00D2185368012251
:102C90001D6801ABA8470100431C02D10198F8F759
:102CA00081F9002802D10248F7F70CF920783EBDDF
:102CB000FC7304100368426810B5934203D25A1C97
:102CC0000260187810BD0400C3682934002B08D0B6
:102CD0002278002A05D180689847002801DBC0B21D
:102CE000F0E7012300202370ECE7436910B55A1E7A
:102CF00004004261002B04D1FFF7DCFF07232061B1
:102D000063612069430823610123184010BDF7B5B2
:102D1000002615000190B1420BD0012427008F40FE
:102D20000198FFF7E2FF002800D036196400A7429F
:102D3000F6D8A819FEBDF7B500250B000E002C0033
:102D4000203301908F1C00930198FFF7CEFF009B6A
:102D50006D0028189F420BD03D8802372B19451B68
:102D600004D5241810346400A05BFEBD1C00EBE702
:102D700003204042F9E70000F0B5D7B005920222E7
:102D80000291FF3205210500FFF7C1FF0122052155
:102D900001902800FFF7BBFF0422039011002800D8
:102DA000FFF7B5FF13220600002106A81AF04CFF1A
:102DB0000024B4421BD11322029806A9FFF7C7FED4
:102DC000039A00249446019B63440493049B9C4211
:102DD00018D3019A029806A9FFF7B9FE019906AB2C
:102DE0000598039AC918FFF7B2FE00201AE00022E6
:102DF00003212800FFF78BFF1D4B06AA1B5D013442
:102E0000D054D6E728000299FFF795FF002809DB88
:102E1000112826D0122828D010281DD1002C03D12B
:102E20000320404257B0F0BDA0235B0006AAE31880
:102E30009B1802210322423BFF3B1F782800FFF72B
:102E400066FF049B261802009E42E9D806AB3900B3
:102E5000E0181AF0F9FE02E006AB661C18553400C3
:102E6000B4E7032211000027E8E70B220721FAE765
:102E7000B4BC041070B5060004250020040A30001C
:102E8000FFF718FF013D00062043002DF6D170BD6D
:102E900070B506000425002004023000FFF70AFF89
:102EA000013D2043002DF7D170BD0000F8B50400AE
:102EB000E36A013369D12000FFF717FF0022206386
:102EC00002212000FFF723FFE062012878D12300D0
:102ED0000022210048331A805A809A80DA801A81B1
:102EE0005A819A811832DA8180321A821830283A4F
:102EF0005A8268319032FF300A80013292B2023138
:102F00008242F9D120000022983051004252013211
:102F1000902AFAD1B8218C204900400058521A203A
:102F20000231FF3058520231013058521C20023118
:102F3000FF3058520231013058521E200231FF300A
:102F4000585202310130585220200231FF3058527D
:102F50002300C933FF337E391A80013292B2023323
:102F60008A42F9D1AA22002320219200A352A2185A
:102F7000518153809380D3801381B2229200A11893
:102F80005A008B520133202BFAD1E36A002B27D051
:102F9000013B012B21D8636B002B00D08DE0210079
:102FA00020004831FFF7C7FE230029331B78002B90
:102FB00013D1FF2851DCE369C0B25A1CE26137E04B
:102FC0000228E2D1AA2321009B002000E218483108
:102FD000FFF7D2FE0028D8D0F8BD03204042FBE71F
:102FE000666B002E18D12000FFF764FE070020005A
:102FF000FFF760FE05022000FFF75CFEED190700F9
:103000002000FFF757FE4C4B0002C01943409D4281
:10301000E3D1013565636661636B013B6363002B3C
:1030200000D180E02000FFF745FEE3695A1CE26111
:103030001870E26B002A09D0636C591C6164D0548B
:10304000626C236C9A4201D100236364E269236AB3
:103050009A4200D22CE70020BEE780235B00984212
:1030600061D00238FF381C28B7DC344D8000425B49
:10307000415D12054907490F2000D20DFFF747FEB9
:10308000AA239B006063E1182000FFF754FE1D286F
:10309000A3DC80002D186A88697852042000520C45
:1030A0000909FFF734FEE36B002B2DD0226C904210
:1030B0003FD8636C1B1A24D4A363E16BE369A26B52
:1030C00000292AD0581CE0618A5C1A70E36B002B3F
:1030D0000BD0626CA16B501C6064595C9954626C9B
:1030E000236C9A4201D100236364A36B226C0133E9
:1030F000A363934201D10023A363636B013B63632A
:10310000A4E7D218A263D8E7E369A2699B1A9842A0
:1031100000D962E74042A063CFE79A5C1A70E36986
:103120000133E361E9E7236B002B00D1C3E6012003
:1031300052E7052052E7C046FFFF0000C8BC04105C
:1031400070B505000C00002C00D170BD2800FFF701
:10315000B1FD013CF7E770B50400FFF7ABFD0500DA
:103160002000FFF7A7FD0002284380B270BDF8B52C
:1031700004000F00FFF79EFD05002000FFF79AFDF9
:1031800006001F2D3AD18B2838D12000FFF792FD81
:10319000082802D003204042F8BD2000FFF78AFD36
:1031A00005001F28F6D806212000FFF7C9FF6B078E
:1031B00006D52000FFF7CFFF01002000FFF7C0FF7A
:1031C0002B0704D52000FFF775FD0028FAD1EB0688
:1031D00004D52000FFF76EFD0028FAD10226354203
:1031E00002D02000FFF7B7FF230028331E70012311
:1031F0005B426362103301203B60CDE728021F2150
:10320000801916F021F8081EC4D10F232B40082B7B
:10321000C0D12D09EDB2072DBCD8B606BAD4220014
:103220000835073B2832EDB2137063623D60B3E7A7
:10323000F7B505000F0096B2140C002F02D1200440
:103240003043FEBD2A4B01979F4200D90193019B59
:103250001B111B01EB189D4213D10F22019B134040
:10326000EB18AB423FD1300022491D0016F014F894
:1032700020000E001F4916F00FF8019B0C00FF1AEA
:10328000DBE72A78697892198918A418AA78641853
:103290005218E978A41889182A796418521869799B
:1032A000A4188918AA7964185218E979A4188918F9
:1032B0002A7A64185218697AA4188918AA7A6418A4
:1032C0005218E97AA41889182A7B64185218697B65
:1032D000A4188918AA7BEE7B52186418A418B61893
:1032E000A4191035B7E72A780135B618A419B8E73C
:1032F000B0150000F1FF000030B5030041180F25A4
:1033000010000A4C8B4200D130BD1A780133504076
:1033100002002A4092001259000942401000284041
:103320008000005912095040ECE7C04674BC0410FC
:1033300070B50400C669FFF7B9FD051E06DB230062
:1033400028331B78012B03D0022B12D0280070BD2C
:10335000E169626A3000891BFFF76AFF6062012D34
:10336000F4D12000FFF794FD636A834215D1012553
:10337000ECE7E169626A3000891BFFF7BDFF60621C
:10338000012DE3D12000FFF775FD636ADB43834223
:1033900003D12000FFF76EFDE9E704256D42D5E774
:1033A000F0B50400406887B00191029203930028B1
:1033B00059D0E568384E002D31D10121F8F72EFBA8
:1033C000A220C000E7F7ECF8A12203272900E06063
:1033D000D20004301AF038FCE068304BC46003615E
:1033E000237A85559D062D0F3B40012B2FD1002DB3
:1033F0004CD00127AF403800E568E7F7D1F8E36823
:103400002860180000222D30196802700120404207
:103410009A615A6318635F6419649A649A6300201E
:10342000E3689A5D824223D10199019A8C461A621F
:10343000029A181D62445A62FFF77AFF012827D1C9
:10344000E3689855E368186A019BC01A10E00430DD
:1034500005A9FFF78CFE002805DB237A3B40022BF1
:1034600008D100280AD016230120039A4042136095
:1034700007B0F0BD032B01D10128F4D1059B002D2D
:1034800002D0AB4200DD2B001D00B2E70825B0E7FB
:103490000028D7DAE7E7C0460C050000792C0210B7
:1034A00010B5002802D00248F7F75EFB10BDC046F9
:1034B0003346041030B50D00040085B00079FFF7E5
:1034C000EFFF01A905222800EBF7CEFE2000029AAB
:1034D0000199083010F04AFC062005B030BDF7B560
:1034E0000E0004001100300002221D00DCF718FF5E
:1034F00021007420EBF789FB0300002708330771D4
:1035000004001800019310F01CFB3900019810F022
:1035100025FB012E03D120002968FFF7CBFF2000F7
:10352000FEBD1FB504000079FFF7BAFF012368460E
:1035300023712021F9F7F9FD20000299083010F0DD
:1035400059FC6846F1F7F4FA04B010BD30B50D002F
:10355000040085B00079FFF7A3FF01A90522280028
:10356000EBF782FE2000029A0199083010F032FA3F
:10357000062005B030BDF8B50D000400110028008C
:1035800002221E00DCF7CCFE21006420EBF73DFB9D
:103590000700002308370371040038000FF04CF9CE
:1035A00038000FF057F9012D03D120003168FFF7E3
:1035B000CDFF2000F8BD1FB504000079FFF770FFB4
:1035C00001236846237114210834F9F7AEFD0299EE
:1035D000200010F03EFA20000FF034F96846F1F7B1
:1035E000A7FA04B010BD30B50D00040085B0007915
:1035F000FFF756FF01A905222800EBF735FE200052
:10360000029A019908300FF065F8062005B030BD28
:10361000F8B50D0004001100280002221E00DCF79E
:103620007FFE21006020EBF7F0FA07000023083747
:103630000371040038000EF058FB38000EF062FBF6
:10364000012D03D120003168FFF7CDFF2000F8BD28
:103650001FB504000079FFF723FF0123684623719B
:1036600010210834F9F761FD029920000FF071F87C
:1036700020000EF040FB6846F1F75AFA04B010BD86
:1036800010B5830703D1044B02689A4202D0034865
:10369000F7F73AFC10BDC046587904103F460410B5
:1036A000F7B50500C36814009200D3580191009348
:1036B000019AEB68A60094420AD9013C6408A20072
:1036C000D75800203A000099F7F756FA1E2803D081
:1036D000EB68009A9A51F7BDEB689F51E8E7F0B5A7
:1036E000836885B00193C3688A00D35806000F0031
:1036F0000A004D0002930135910003910199F3688E
:103700008D4208D302989100585039003000FFF7DD
:10371000C7FF05B0F0BD019A6C1C944208D2A90005
:103720005A18002052685958F7F726FA0E2800D088
:103730002C00F368A200D258039965005A50013555
:103740002200D9E770B5FFF79BFF05008468640885
:10375000002C01D1062070BD013C21002800FFF79C
:10376000BEFFF5E770B5FFF78BFF8368002B03D131
:1037700009490A48F6F7A6FBC268013B9D0051596A
:103780001468836011600021C26851518B4201D0DE
:10379000FFF7A5FF200070BD794504109073041059
:1037A00070B505000E00FFF76BFF04003100280024
:1037B000EFF770F8A26820000021013AFFF770FFD0
:1037C000062070BD0300010070B508330400456891
:1037D000012200680C31A8470300A068002801D02E
:1037E000F7F7E0FB002B00D12373207B70BD0000B6
:1037F00030B50C008DB0C01A99001D0003AB0193C9
:103800001D4B611800930123DCF7B8FD03980628CF
:1038100014D11A4B06931A4B0793012D1DD1082181
:1038200004AA08A8F9F790FC04A803222168EBF782
:103830000DFA08A8F1F772F90DB030BD022108AAFF
:10384000EBF792FB089B1868F1F7F2FC089B0690D7
:103850005868F1F7EDFC0790DFE70A4B606802213A
:1038600005930490F8F7DAF804A803222168EBF72F
:10387000EDF90620E0E7C04664BF0410201B0410E9
:10388000974704101FBB011010B50123FFF7B0FFCD
:1038900010BD10B50223FFF7ABFF10BDF0B504005B
:1038A00091B00121F8F7BAF80494002426000368C7
:1038B0000821059308A802AB1C750694F9F728FCAB
:1038C00004A80E940F94FFF77DFF0294039402ABBB
:1038D0001C7D002C0ED004A8FFF774FF5D2C00D1D6
:1038E0007BE039D83A2C2ED81F2C06D80A2C27D8A2
:1038F000082CECD8AF48F7F737F923000122203B1A
:10390000DBB29A401300AC4A134200D0EAE019003F
:10391000AA4A11401342DAD1222CEBD1099102AB11
:10392000197D0029E6D0222900D09BE004A8FFF7EA
:1039300049FF09990A98F1F705F90400002526E0E6
:103940000D2CC4D0D6E75B2CD4D100210800EFF7B2
:103950003AFA040001251AE0742C00D16BE036D845
:10396000662C4BD06E2CC5D102AB1B7D752BC1D103
:1039700004A8FFF727FF6C28BCD104A8FFF722FF9B
:103980006C28B7D104A8FFF71DFF00250624002EE0
:1039900000D0D9E02000EBF745F90390002D00D0CE
:1039A000EAE002AB187DF8F713F9002800D0FAE03E
:1039B00002AB1B7D002B9DD1002C9BD00E9B002BBE
:1039C00098D108A8F9F7CCFB200011B0F0BD7B2CF2
:1039D00000D1B5E07D2C00D08CE7002E00D189E726
:1039E0000E9B002B00D1E2E00F9A013B0E939B004F
:1039F0009E583000EBF716F9039068E702AB1B7D89
:103A0000612B00D076E704A8FFF7DCFE6C2800D01D
:103A100070E704A8FFF7D6FE732800D06AE704A871
:103A2000FFF7D0FE652800D064E704A8FFF7CAFEC0
:103A300000250E24ABE702AB1B7D722B00D059E7AB
:103A400004A8FFF7BFFE752800D053E704A8FFF7CE
:103A5000B9FE652800D04DE704A8FFF7B3FE0025A6
:103A60001E2494E75C290CD104A8FFF7ABFE0100EB
:103A7000752806D86D2808D862282FD0662800D16E
:103A80005A3908A8F9F7C2FB24E06E380728F8D89D
:103A90001DF04AFB04F7F7F726F706080A21F0E7BE
:103AA0000921EEE700240425202704A8FFF78AFE59
:103AB0003843C0B20300303BDBB2092B01D9573881
:103AC000C3B22401013D1C43002DEED1210008A802
:103AD000F9F7A3FB04A8FFF775FE20E70821D0E75C
:103AE0000D21CEE700250995210008A8F9F78EFBE6
:103AF00002AB1C7D2E2C18D0230020229343452B93
:103B000013D02300DD322B3B13420FD02000F8F7F7
:103B100077F8071E0AD10A980999002D0AD03B00B0
:103B20003A000097F5F762F807E7012504A8FFF7C8
:103B300049FED9E72B000A22F4F710FF040026E71C
:103B40000020ECF72DFF04E71D4B039A9A4215D194
:103B500021003000EEF79EFE002D00D1B7E60F9B4E
:103B6000002B1BD101210CA8EEF7DEFF0F9B1E607E
:103B70002000EBF757F803902600A8E6029B002BE5
:103B800004D1002D00D0B5E60294A0E6220030005A
:103B90000299EDF707F800230293DDE731000CA846
:103BA000EEF778FEE4E704A8FFF70CFEF9E6340030
:103BB000F7E6C046494604100020FF030110000448
:103BC0005879041000B58DB001A90522EBF74CFB24
:103BD000029A04AB04920592019A0993069201227B
:103BE0001A730023044A08A808920A930B93FFF75C
:103BF00055FE0DB000BDC0469482041000487047C9
:103C0000B4C0041070B50325094BDC68002C01D149
:103C1000062070BDA06801002940284206D1054B4E
:103C200002689A4202D10A0002F0ACF9E468EDE7BA
:103C30006C210020BCC604101FB5EBF7C7F8041EAA
:103C400002DA0020F6F790FF01006846F9F76DFAF6
:103C5000200002990BF0EAFD6846F0F769FF04B016
:103C600010BD000010B501F085FA00280DDB084BEF
:103C70001C899988621C8A4289410A40D9889142EC
:103C8000F1D0196808551A81EDE7062010BDC0462D
:103C90001C12002000487047D8C10410004870472B
:103CA000C8C104100048704798C10410F0B5134B08
:103CB000134E1D689C46336812486B43124F0178BF
:103CC0003C685B181B191A001D24E2413A60022768
:103CD000174337601E26F341140062466B401360A1
:103CE0001A0A5140012261404A40D2B20270A00C2F
:103CF00060405B01584052005040F0BDEC35002060
:103D0000F0350020A8420020F435002070B50124D1
:103D1000050022002B002340AB4205D3FFF7C6FF6E
:103D200020408542FAD970BD64001443F2E770B5B3
:103D30000D00EBF7A1F8041C2800EBF79DF8211CFF
:103D400019F08DFD051CFFF7B1FF4302FE20FE2197
:103D50005B0A80051843890519F081FD011C281CA8
:103D600019F0BFFD211C19F043FDEDF7E3FA70BD1A
:103D700070B50D00EBF72AF804002800EBF726F8E1
:103D8000844202DD0020F6F7EFFE001B0130FFF752
:103D9000BDFF2018EEF72BFB70BDF8B507000868D3
:103DA0000D00EBF713F80600012F06D1002826DDE1
:103DB000FFF7ACFFEEF71BFBF8BD6868EBF706F802
:103DC000841B022F06D1864219DA2000FFF79EFFDE
:103DD0008019EFE7A868EAF7F9FF051E0ADD201849
:103DE0000138290015F030FA002808DDFFF78EFFB2
:103DF0006843EDE7002802D020180130F1E70020E9
:103E0000F6F7B2FE10B5002802D0086806280ED1D9
:103E100015F064F94522074B1860074B06201A601D
:103E2000064BA4321A600022054B1A7010BDEAF747
:103E3000D9FFEFE7F4350020F0350020EC35002005
:103E4000A842002010B5EAF7C1FF0400202802D9DB
:103E50000848F6F789FE0120002C09D0FFF726FF5D
:103E600020220123121B5B42D3401840EEF7DAFAFE
:103E700010BDC046C546041010B50400EBF7ACF900
:103E8000EAF7A4FF002803DC00210648F6F71AF839
:103E9000FFF73CFFEEF7ABFA042201002000EBF73E
:103EA000AFF910BD90730410054B10B518780028B9
:103EB00004D1012201001A70FFF7A4FF062010BDF3
:103EC0009E40002010B5FFF7F1FE4302FE20FE21C8
:103ED0005B0A80051843890519F0C1FCEDF72AFA41
:103EE00010BD30B554B2A41A651EAC411D782C43E8
:103EF0001C70002900D00A5430BD000070B50500C8
:103F000008000C00EAF762FF002802DB6B688342BE
:103F100003DC21000848F7F721F8C4002C19E668F3
:103F20000620002E07D0A868EAF77CFE226931003F
:103F3000921BF0F75FFF70BD90730410F8B5060098
:103F400040680C4D012809DD00210138F2F79AFC88
:103F50000124050027007368A34201DC2800F8BD96
:103F6000610030003943FFF7C9FFA2002B1D9850B4
:103F70000134F0E76C830410F8B50C00170000233F
:103F80000E6802280BD14868EAF720FF031E02DB07
:103F90007268824203DC19486168F6F7DFFFDB00D4
:103FA000F418E568002D25D0B068F1F741F92469CF
:103FB0002D1A241AB068EAF735FE114B834210D14E
:103FC000B068F1F735F906006B1C03D04119F7F71B
:103FD000DFFD0500631C04D031193000F7F7D8FD70
:103FE00004002800EEF703FA38602000EEF7FFF92E
:103FF0007860F8BD012464422500DBE7907304106B
:104000003883041007B56A46FFF7B6FF69460220F9
:10401000F2F738FC0EBD07B56A46FFF7ADFF009812
:104020000EBD07B56A46FFF7A7FF01980EBD000059
:1040300010B5034B4A681900E8F708FD10BDC046EB
:10404000D446041010B5034B0A001900E8F7FEFC33
:1040500010BDC046E34604100023F0B589B0060049
:104060000C001D0005929A4201D10D000C3506AAE4
:10407000D37123681F000293002301933078002836
:1040800001D0292810D106ABDF1D019B002B07D0E2
:1040900022682900D21A01983B00013AFFF721FF5C
:1040A0003B78002B65D063E03F2800D122E113D894
:1040B0002438C3B20A2B18D80A2816D822681CF054
:1040C000D3FF9F01140014001400D200140041011A
:1040D0007A01140014007D005E2800D188E114D814
:1040E0005B2800D172E05C283ED02768002D62D0AA
:1040F0007B1C23600123EB5523685A1C2260327815
:10410000EA546368013363604EE07C28EDD1019B83
:10411000002B08D022682900D21A06AB0198013A78
:104120000733FFF7DEFE002D07D0029B2268981CA4
:10413000D21AE91828181CF025FD2368DA1C226021
:10414000002D02D06022EB189A702368019301338E
:104150002360002D02D06123029AAB54029B226897
:10416000581CD21A023A17E17178721C002903D147
:104170000026300009B0F0BD20230B43642B03D090
:1041800024230B43772B14D12768002D0ED07B1CE2
:1041900023600523EB552368591C21607178E9548D
:1041A0001600636801336360013667E7BB1C236058
:1041B000F6E7160099E7BB1C2360A2E7531C170023
:1041C0002360002D9DD00223AB549AE727687378B3
:1041D000781C20605E2B16D1002D01D05A3BEB5588
:1041E0000236236801332360636801336360002370
:1041F0009C4633785D2B0CD106AB62462900073311
:10420000FFF76FFED0E7002D01D00323EB550136F9
:10421000E7E732005C2B09D1202173780132194382
:1042200064291BD024211943772917D0002B9FD054
:1042300051782D2903D191785D2900D0023221686F
:10424000002D0DD04E1C26606B542368591C216034
:104250001178E9540123561C9C44CAE70023EEE779
:1042600002312160F6E7737817003F2B28D1B3782D
:104270003A2B25D10023023604930393701C2100AE
:10428000059AFFF7E9FE061E00D171E70378292B96
:1042900000D06DE7049B002B86D02268531C23605E
:1042A000002D01D07E23AB5420682900431C2360DD
:1042B000039B5A0006AB01320733FFF712FE20E7DB
:1042C000A36801330393A360531C2360002D01D026
:1042D0007E23AB5420682900431C2360039B5A00B3
:1042E00006AB0733FFF7FDFD63680133636001230D
:1042F0000493C3E72268BA4200D139E7002D05D004
:10430000B81CD21BE91928181CF03CFC23680233A6
:10431000236073783F2B10D1002D01D02333EB5550
:104320000136226806ABD21B2900023A781C0733FB
:10433000FFF7D7FD6368013335E0002DF1D061232D
:10434000EB55EEE7BA4200D112E7002D05D0B81CBC
:10435000D21BE91928181CF015FC236802332360CE
:10436000002D01D06022EA54206806AB3A1A0733C8
:104370002900023A0130FFF7B4FD236802332360BD
:1043800073783F2B12D1002D01D02333EB5501362A
:104390002268781CD21B023A06AB07332900FFF7CC
:1043A000A0FD6368023327686360FDE6002DEFD04F
:1043B0006123EB55ECE7BA4200D1D9E673783F2B85
:1043C00011D1002D01D02233AB540136206806AB49
:1043D0003A1A2900023A01300733FFF782FD2768B5
:1043E000023727608DE6002DF0D06223AB54EDE755
:1043F0002268531C23605023002D9BD0AB5499E7B7
:10440000531C2360002D95D05123F7E71FB50400FE
:104410000822002102A819F017FC0A23012220001B
:1044200001A90193FFF718FE002802D0019804B0FB
:1044300010BD01204042FAE770B5072304000022B6
:104440002360033B63600F4B0800E3600E4B2100C9
:104450002382A260A274FFF7FFFD03000120002B5E
:104460000FD01D78002D0CD17E222368E118033374
:1044700048730A7323607F23280062688B730232BB
:10448000626070BD62030260FB7E000070B5086868
:10449000F0F7CEFE0400FFF7B9FF431C02D1094834
:1044A000F6F762FB08491030EAF7AFFB2100050080
:1044B0000430FFF7C1FF002801D00448F0E72800CE
:1044C00070BDC046EB460410C4C30410F44604108B
:1044D00070B5027801245509280020260B78204069
:1044E0003243642A05D1303B092B09D92000A84367
:1044F00006E0732A05D1202B02D0093B042BF5D806
:1045000070BD1A00B243413A192AF9D91A00303A5B
:10451000092AF5D95F2BE9D1F2E7F7B5431E1D78DB
:104520000678033D6F426F410191441C002E03D178
:104530006B1E9D412F0008E02278002A07D10199C7
:10454000601CFFF7C5FF002808D03800FEBD019BA6
:104550001B789A4202D862789A42F6D20234013E1F
:10456000E4E7F0B585B006000D0017000293E0F710
:104570006DFC30784F2810D8BB68AB424DD9741C05
:10458000512813D805280DD800280DD0023803284B
:104590002BD81CF0D9FD3A30303C741C5128EFD197
:1045A000BB6868E0502865D02600E2E762283BD06F
:1045B00014D8602833D06128F6D1B31C03930A9B2A
:1045C00074783A0000932900029B0398FFF7C9FF13
:1045D000002807D1039B64B21C19E5E77E2831D07F
:1045E0007F28E1D1012005B0F0BD2A7873789A4286
:1045F00013D1B41C09E029002000FFF78EFF00282A
:104600000BD073785B000133E4180135CCE7290047
:104610002000FFF75DFF0028EBD10020E3E7012435
:10462000345702343419BFE701200A9B3056B41CBA
:1046300000933A002900029B2018FFF792FF002800
:10464000D0D1B1E7B41C0A9B76789E42ACDA029BCB
:10465000B6009E1933683A0003930A9B356029001F
:1046600000932000029BFFF77CFF0028BAD1039B38
:104670003360D2E73B68AB42CFD195E737B5069DB3
:104680000C30002D00D00530009313000A0049685B
:10469000FFF767FF3EBD0000F0B5156889B00F0059
:1046A00016000390AB0704D12C4B2A6801249A42D0
:1046B00005D031000120FFF7E9FE002405007068F5
:1046C00004A9F0F727FE049B06900590C0180790F8
:1046D000002C1CD0022F1AD9B068EAF777FB049C93
:1046E000844202DBC443E4170440069B1B19069373
:1046F000032F0CD0F068EAF769FB049B834203DBCD
:104700002300844200DA0300059AD3180793EF6868
:1047100001377B00D81C8000E5F742FF03000C3313
:104720000021FA0004001800029319F08DFA039B8F
:10473000029A0093281D7B0005A9FFF79FFF002820
:1047400006D12000E5F760FF0624200009B0F0BD87
:10475000034B676023607368A360F6E7C4C304106B
:104760003CC3041010B50A0001000120FFF794FFBC
:1047700010BD10B50A0001000020FFF78DFF10BD2D
:10478000F0B58BB002AFF86048680C000D68EAF72E
:1047900049FA10237860F9186068F0F7BBFD3B69AF
:1047A000B8617861C018EB68002601335B003B609C
:1047B000FB68F861022B03D9A068EAF707FB060043
:1047C00000210800EEF7FFFA3B68F8609B00BB6031
:1047D0006B46BA689B1A9D4602AC0021BA6820005D
:1047E00019F032FA00231421009322003B68281D9F
:1047F0007918FFF743FF002819D022686368B96968
:104800009A4214D0521A7868F0F7F4FA0100F86866
:10481000EEF740F8EB68002B02DD0C48F6F796FB4C
:104820006368BB61002ED8DD013E002ED5D1B96989
:10483000FA697868521AF0F7DDFA0100F868EEF7C5
:1048400029F8BD46F86809B0F0BDC046FD46041021
:10485000F0B50D6891B006000C0002AFAB0703D1B4
:10486000704B2A689A4204D021000120FFF70EFE07
:1048700005006368FB60A3687B6100233B61032E36
:1048800003D9E068EAF7A2FA386118237869F918C1
:10489000F0F740FDBB693862F861C018EB68694603
:1048A00001335A007A6000223A63DA0010328A1A21
:1048B00095465D4A039302927A69DB0002AC786206
:1048C000BB60A26026000C360021BA68300019F0E7
:1048D000BBF900231C21009332007B68281D791846
:1048E000FFF7CCFE002807D13B6B002B00D07BE00C
:1048F000BD4678690FB0F0BDE16822693B6B91421B
:10490000F2D0002B07D13B6A1822C91A10239B183A
:10491000D819F8F7FDFB18201023396AE2681B1834
:10492000D819521AF8F7E2FBF868EAF7F9F9031E0A
:10493000F86802D02100F5F70DFCF0F779FC01785A
:10494000002909D123693B623B69002BBADD013B99
:104950003B61002BB6D1C7E7461C5C293DD1002244
:1049600043789446672B05D183783C2B02D13B3B9F
:104970009C46C61C31780B00303B092B2AD80023FB
:104980000A2132004B43117801363039CB18517867
:10499000080030380928F3D96046002802D03E29A3
:1049A00000D1961C61685A00994204D801211F4821
:1049B0001143F6F7D3FADB00E318D968002907D0D2
:1049C00018201A6910231B18521AD819F8F78EFBF1
:1049D0003000B4E75C29FBD10136182210239B1864
:1049E000D819F8F713FCF3E718201023396A7A6A0C
:1049F0001B18D819521AF8F779FB7869EAF712F9F7
:104A00000B4B834207D1102318229B18D819F0F7BB
:104A100085F878616CE7182210239B18D819F0F7F5
:104A200087F8F6E7C4C304103CC304109073041065
:104A30003883041010B504000800EAF7E5FA0222F2
:104A40000100201DE5F71EFE062010BDF0B587B061
:104A500001930CAB1B780D00059300230390049287
:104A60000293029B049A934201D107B0F0BD2868DB
:104A7000EAF7CAFA012201000398E5F703FE466847
:104A80000700002E13D11020E5F78AFD04002868E6
:104A900004212060F6F7C2FF8368E6606360019B33
:104AA000A3607C60029B043501330293D9E7059B28
:104AB000002B03D0019AB3681A430192019BB360A3
:104AC000F0E710B512F004FE002905D0FA22002309
:104AD000920014F01FFC10BDFA21890014F0DCFBD9
:104AE000F9E737B505230C000D68032803D1886862
:104AF000EAF76CF903000022281D0092211D013203
:104B0000FFF7A4FF06203EBD70B5040008001500A5
:104B1000EAF77AFA00220100201DE5F7B3FD00282C
:104B200002D10230F6F73EFA44682800EAF74EF95F
:104B3000A060062070BD000010B507491C20EAF7F0
:104B400064F8002104000430E5F762FD0023200032
:104B50002382A36110BDC04638C40410C9000B589D
:104B6000181E03D0043B1800431E98417047F0B54F
:104B700087B00C0003900192FFF7A3FF0290012081
:104B8000F6F7FEFA00250095039B5B689D4212D361
:104B9000FFF797FF029B009AC31A002A42D1019A9D
:104BA00001323CD0019A9A423CD9029B9B18181AB8
:104BB000F6F76EFBE6E7039B29009E683000FFF7DF
:104BC000CDFF002825D0EB00F61876680321736826
:104BD000B2681F00306805ABB847F060431C02D1D3
:104BE0000598F6F7DFF9002813D0002C0ED001232A
:104BF000184202D02368013323600423184202D0F4
:104C00006368013363600523984304D1009B01333B
:104C100000930135B8E7A3680133A360F6E7F6F720
:104C200032FBAFE7009807B0F0BD0000F0B50C0014
:104C300091B0050004AA206807A9EAF771F9606835
:104C400005AA08A9EAF76CF9A06806AA09A9EAF773
:104C500067F9042D49D00126764201250024089BDE
:104C600007990AA8C918099B0527C918E5F7D0FCB8
:104C70002B00079A04990AA80095FFF7E7FE042382
:104C8000089A05990AA80095FFF7E0FE1823099AEB
:104C900006990AA80095FFF7D9FE320007A90AA8CD
:104CA000099408940794FFF762FF21000798EEF734
:104CB0008AF821000D900898EEF785F821000E90F3
:104CC0000998EEF780F80B9B0F90099408940794CD
:104CD0000393039BA3421BD10AA8E5F7AFFC0DA9E0
:104CE0000320F1F7CFFD11B0F0BDE0680628B2D087
:104CF000EAF7C2F80021041C18F04CFE0028AAD0E4
:104D00001949201C18F0EDFD18F0B6FE0600A4E7C6
:104D10000C9E21003000FFF721FF002822D0E30085
:104D2000F6187268D3682B4207D00D99C8680799A6
:104D30004E1C0796166889000E5004210B4207D0BE
:104D40000E99C86808994E1C0896166889000E507E
:104D5000BB4307D00F9B1268D968099B581C9B0066
:104D600009905A500134B4E700007A44F8B50700BE
:104D70000D000E68012816D9486806280ED10124B6
:104D800064420020022F02D0A868EAF71FF8706181
:104D90002200301D0021FFF7EAFEF8BDEAF716F801
:104DA000041EEEDAEBE7012400206442EFE7F0B5E1
:104DB000002485B00F68FFF7D9FF0021EEF703F854
:104DC00025000090BB68A34202D8009805B0F0BD52
:104DD000FE6821003000FFF7C1FE002817D0E30075
:104DE000F6187268D368002B11D012685B0002922B
:104DF000012213430393AB180193009B022002A9E5
:104E0000DE68F1F73FFDAD007619019D3060013499
:104E1000D8E770B50D680C00A9690600002903D118
:104E20000220F1F72FFDA86130002100FFF79EFF5F
:104E3000002328826B82206870BDF8B51022835E43
:104E40000400002B08D0013B038286681223C55E54
:104E5000AE4203D80023238200201BE0638AE76868
:104E60000133290038006382FFF778FE002812D052
:104E7000EB00FF187A68D368002B0CD01168A0698A
:104E80005B00816001210B43C36063690B4201D069
:104E900000239360F8BD0135DAE700000120034BE1
:104EA000034A9B6A5B00134018437047004005406B
:104EB000FEFFFF7F10B5FFF7F1FF10BD80239B05BC
:104EC000C0224010C0184910431A01209B0012064E
:104ED0005B089B181843704710B58CB001AC0028D4
:104EE00002D0086806282CD104A813F0B3FC2100D6
:104EF000049808F0DFFB2088EDF779FA0490A07899
:104F0000EDF775FA0590E078EDF771FA06902079E3
:104F1000EDF76DFA07906079EDF769FA0890A079DE
:104F2000EDF765FA0990E079EDF761FA0A902089CA
:104F3000EDF75DFA04A90B900820F1F7A3FC0CB083
:104F400010BDE9F705FF2100D3E70000F0B587B0F9
:104F500005AA04A9E9F7E4FF049B083B012B02D949
:104F60001548F5F7D1FF059B1868E9F72FFF059B5A
:104F700004005868E9F72AFF059B03909868E9F751
:104F800025FF059B0500D868E9F720FF059B060073
:104F90001869E9F71BFF059B07005869E9F716FF39
:104FA00033002A00039901900097200008F00EFCBE
:104FB000EDF738FA07B0F0BD1547041010B50AF048
:104FC000CFFBEDF720FA10BD1FB5684613F042FC89
:104FD00000980199EDF717FA05B000BD10B5E9F793
:104FE0004BFF044918F07DFC18F046FD0AF066FB03
:104FF000062010BD00007A4410B5E9F7E7FE00284E
:1050000001DB0AF05BFB062010BD10B5E9F7DEFE00
:10501000002801DD0AF061FB062010BD10B512F07A
:1050200057FB00290AD0FA220023920014F072F9EB
:10503000054B400018400123184310BDFA21890098
:1050400014F02AF9F4E7C046FEFFFF7F10B54410C4
:105050000800E9F7BBFE084BC218084B9A4203D977
:1050600007490848F4F72EFF24180120064B640076
:105070001C40204310BDC046FFFFFF1FFEFFFF3F47
:10508000254704108C740410FEFFFF7F70B50C00E0
:10509000022807D14868E9F799FE002802D00A489B
:1050A000F5F762FD094B0A4E1D68002D00D106354B
:1050B00020680023062803D00721F6F7AFFC2368F9
:1050C000A4362800336070BD364704101421002038
:1050D0007020002070B5140000220F4B0F4E2830B6
:1050E00080001B188CB030005D685A60E7F7AEFC9A
:1050F000002C03D021003000E9F7D0FD002D09D0AD
:105100006846E9F747FD002804D12800F6F7F9FAC8
:10511000E9F700FD0CB070BD70200020086C041091
:10512000F0B50027124B91B01E6801903400BE42CA
:105130000DD032680397537C04A803339B00D21828
:105140005468E9F727FD0500B84203D03C00200071
:1051500011B0F0BDA46803AB03213000019AA04751
:105160000400E9F7D7FC631CF1D12C00EFE7C0463F
:105170001421002010B58EB0F5F77CFF1F4C23687A
:10518000002B06D101246442F5F78AFF20000EB0FF
:1051900010BD02A8E9F7FEFC00282BD12068694663
:1051A0000268537C03339B00D218536801221C68A9
:1051B00001ABA047041E07D1E9F7ACFC220010495F
:1051C0000020FFF787FFDDE7013407D101980B28A6
:1051D00002D1E9F79FFCD5E7F5F7E4FEE9F79AFC81
:1051E0006B461C78074B1B68A342CDD1F5F738FFFF
:1051F0000224C8E70449039AE2E7C04614210020CC
:1052000041470410C811002066470410F0B5174F3D
:1052100006003B680C008DB0002B23D06846E9F7F0
:10522000B9FC051E17D10223220031003868F6F7B9
:1052300019FC06280DD0C30706D54010C343DB1761
:105240001840844200DD0400E9F764FC20000DB042
:10525000F0BD2C00F8E700200549019AFFF73AFF5E
:105260000024F3E701246442F0E7C0461421002043
:105270009A47041030B514001D0085B0012802D1F2
:105280001230F5F78FFE002801D10130F9E76A46A8
:105290008068F4F7C1FF002D04D02900A20002A805
:1052A00018F0D8FC6A4600212000F4F75BFF05B037
:1052B00030BD00000723F0B50340050085B0022B88
:1052C00006D00026830708D11D4B02689A4204D1FC
:1052D000280003A9F0F71EF806001A4B1A4F019395
:1052E0001A4BDC68039B0093002C02D11620F5F7C3
:1052F00059FE002E09D06368009A934205D1300010
:1053000021681BF097FC002803D0A268E368AA423A
:1053100011D1E3683B60019BFC339A68944201D150
:1053200000229A60002320001A000949FFF7A2FF1B
:10533000062005B0F0BD0C3427001C00D4E7C046A1
:105340003883041070200020782100206C21002078
:10535000CD03000030B5184D3220AC6885B0002C6C
:1053600027D0002320001A001449FFF783FFAB6801
:105370005B68012B1DD0EFF75BFF04001BF09EFD67
:10538000AB685968013109186846F7F7C1FEAB6888
:10539000684606CBF7F7AAFE23782F2B02D1637855
:1053A000002B03D021006846F7F780FF6846EFF72F
:1053B000A1FB05B030BDC0466C2100209602000064
:1053C00073B58468417B0500200000290FD1002CB3
:1053D00010D0E3686268AB60012A0DD13223AC21A2
:1053E00001936A7301AB8900FFF744FFA860F5F7EA
:1053F000BFF80400200076BD0320F1F743FA2B7BB1
:1054000006000848002B00D0074862682168013A6E
:105410000131EFF7EFFC054B3400F3600123B0607E
:105420003361E7E730820410388304100180000004
:10543000F7B5037804000E002F2B05D0174B9D689D
:10544000002D13D1019502E001230134019323784B
:105450001D1E1AD0114BDD68002D01D1013514E05D
:105460006B685F1E012B03D1019BE41A34600CE0D2
:1054700029683A00200001311BF04AFB00280BD1BB
:10548000E35DE2192F2B02D132602800FEBD002B14
:1054900002D1034B3360F8E7ED68DDE76C210020B3
:1054A00037130410F0B5B3B000281BD10100EDF79D
:1054B0008AFC05004F4BDC68002C02D1280033B079
:1054C000F0BDA368616820682293EFF73BFB22A937
:1054D00023900220F1F7D6F901002800EDF7DAF960
:1054E000E468E9E7444B07AE009301960423DAF73A
:1054F00045FF03A97068EFF70DFFC221079D070064
:1055000005AA28008900F4F779FC059B002B35D10A
:1055100016A80495E9F73EFB041E53D1049922A86E
:1055200000F012FA0BAB21000822009322A82C23D2
:1055300000F053FA314C082221000BA81BF07AFB33
:1055400000280ED00BAB08220121009322A82C23A7
:1055500000F043FA082221000BA81BF06BFB002887
:105560002ED127480022037A012103339B00C31860
:105570005C6804ABA0470500E9F7CCFA1020E5F71A
:105580000FF8039BC2214360002302228900C360FD
:10559000076009AB85600400FFF76CFE7068EFF7E9
:1055A00047FE22A9FFF744FF164B012818D962686D
:1055B000012A02D04268012A12D00120F5F7F2FC3C
:1055C000E9F7A8FA10480022037A012103339B006F
:1055D000C3185C6804ABA0470500CFE713000C3389
:1055E0001A68002A03D051680129F7D1E260062524
:1055F0001C6063E76C21002024C60410CF47041010
:1056000088C9041078210020BCC60410F7B50D002D
:105610000600EFF70DFE01A9FFF70AFF04000020C6
:10562000012C0CD93000E9F7FDFA019F0600380083
:105630001BF044FC390002003000EFF7DBFB286070
:105640002000FEBD10B5094B86B002AC009301945A
:105650000423DAF793FE21000298FFF7D7FF230017
:1056600002227621FFF706FE06B010BD04C6041024
:1056700037B56946FFF7CAFF0E4D041E15D12B0042
:10568000FC33D868002803D1FC350620AC603EBD51
:105690004268012A07D1322389210193890001AB95
:1056A000FFF7E8FDF0E7C068ECE789216B460122CF
:1056B0008900F5E77020002073B50A26012800D183
:1056C0000E68300001A9FFF7A1FF051E14D10E4995
:1056D0001020E9F79AFA0D4B040043600C4BDB688D
:1056E00083603000E9F79EFA0A4B6573C01A4342A3
:1056F00058412073200076BDAC21012201AB890006
:10570000FFF7B8FD0400F5E7E07B0410C153021079
:105710006C2100203883041070B5FFF7CDFF002105
:1057200005000800EDF74FFB04002800F4F720FF08
:10573000002801D1200070BD04220121E9F760FD9D
:1057400001002000EDF7A6F8EFE7000013B501A96E
:10575000FFF75CFF041E02D11120F5F723FC01289E
:1057600007D00198EFF764FD05491BF08DF900287B
:10577000F2D001222000034901ABFFF77BFD16BDEB
:1057800037130410FF02000007B501A9FFF73EFF21
:105790000122802101ABFFF76DFD0EBD37B50D0075
:1057A0006946FFF733FF01A904002800FFF72EFF29
:1057B000844202D00120F5F7F5FB6B46022220005F
:1057C0000149FFF757FD3EBD6503000007B501A97C
:1057D000FFF71CFF0122024901ABFFF74BFD0EBD95
:1057E0006D03000007B501A9FFF710FF00280ED1D7
:1057F00001000A30F1F746F8084B0200836003000D
:1058000001210C33303202C39342FCD10EBD012280
:10581000034901ABFFF72EFDF8E7C0460180000009
:105820009D03000007B501A9FFF7F0FE00281AD17B
:10583000104BD86800280FD101000A30F1F722F888
:1058400003000200012108332C3202C39342FCD131
:105850000223FF33C3620EBD4368012B01D0C06831
:10586000E8E732230193E821012201AB8900FFF729
:1058700001FDF0E76C21002010B590B001A9FFF701
:10588000D7FD0400012802D8002010B010BD8068A8
:10589000E9F7C8F9427C0199002A07D00332920047
:1058A00083185B68A0681B689847EEE70800EFF76D
:1058B000DBF9029004A8E9F76DF90028E4D102AB06
:1058C00001220B492000FFF7D5FC0400E9F722F97B
:1058D0000A21200003AAE9F747FB039B1868E9F7B0
:1058E00075FA8023DB011840434258410130CCE770
:1058F0009D0300001FB5134C029300940124069BE6
:10590000A140A24003936B4621430194144381605C
:10591000C3600200046100210798F4F723FC002310
:10592000062807D01E2805D00E2806D0E9F74EFA23
:10593000031E05DC180004B010BD05235B42F9E727
:105940001623FBE7686E041070B502000D00D52128
:105950000400083228008900F4F75EFC26002200CB
:1059600028000F491C323036F4F748FA320028007C
:105970000C49F4F743FA236B002B04D0042322884C
:105980001343238070BD320028000749F4F736FA2C
:1059900022004A2128003832F4F73EFCF2E7C046E4
:1059A000ED030000BF020000AD03000073B504006A
:1059B00026881800350001231D401E4202D02369AD
:1059C000984776BD636808345343022200900192E1
:1059D00020002A00FFF78EFFF3E713B5032401949C
:1059E000049C08300094FFF785FF16BD73B50400D2
:1059F0001800E369002B13D02688012335001D40D1
:105A00001E4202D0636A984776BD63681C345343D4
:105A100002220090019220002A00FFF76BFFF3E7BB
:105A20001E204042F0E713B5C469002C07D00324C0
:105A30000194049C1C300094FFF75CFF16BD1E20EF
:105A40004042FBE770B5058803000C0028000421E4
:105A500008400D420DD003398A4064000C431143C5
:105A6000D9639C6330331A0000210220F4F77AFBDB
:105A700004E0032C03D0042C0AD0062070BD1A6B5E
:105A8000002AFAD030331A000100F4F76BFBF4E778
:105A900038331A000100E9E7062070473FB50400DB
:105AA000FFB008001500E9F7DDFA002801D0002357
:105AB0002362A3881B0715D52800E9F7D3FA0D2325
:105AC00000280BD02000F433FF330093002202ABF8
:105AD0000921443006F030FC031E03D0064AD05C96
:105AE000F5F760FA08220620A3889343A380832356
:105AF0009B009D4430BDC046A4C8041013B50400EB
:105B000001A9443006F04EFA011E03D00F4B185C79
:105B1000F5F748FA0A20F0F7B5FE230050331A884B
:105B2000012392021A438260C260626EC361023A2C
:105B30009A401A430261019A03629A4043621A43EF
:105B40008362034B42618261C36216BDA4C8041024
:105B5000FF01000000B5C7B06A46443006F0FAF90C
:105B600003000020834206D16B46187A10231840A8
:105B700043425841013047B000BD0000F0B5040079
:105B8000C9B00800EFF754FB0378010002AE002B08
:105B900004D02F2B48D14378002B45D1002302930A
:105BA000274B03931023337200210A20F0F76AFE7B
:105BB0001023357A04001D406B425D418023B0887C
:105BC000F6881F270200DB01AD03ED18F30A9C469F
:105BD0003A401C4B37407605C1057F00B60E400A9F
:105BE000090F0096C0180197634607F0CDFD012309
:105BF0006D001D430600E36023616361A361E361FF
:105C00000298A560ECF70EFC20623000ECF70AFC6D
:105C100060623000ECF706FCA0623000ECF702FC9A
:105C2000E062200049B0F0BD20003200443006F0B0
:105C300091F90028B8D0044B185CF5F7B3F9C046C9
:105C400021280000BC070000A4C8041070B505009E
:105C5000C6B008001400EFF7EBFA44350600010067
:105C60006A46280006F076F9002803D00B4B185C32
:105C7000F5F798F96B4610221B7A1340A34208D11E
:105C80003100280006F0F8F90028EFD1062046B0D0
:105C900070BD604260411430EAE7C046A4C80410F9
:105CA000F7B5060008000192EFF7C2FA37000400CA
:105CB0000198EFF7BDFA44370500020021003800D3
:105CC00006F0BAFA082809D1002201993000FFF73E
:105CD000BDFF2A002100380006F0AEFA002803D0EC
:105CE000024B185CF5F75EF90620FEBDA4C804104F
:105CF00010B50022FFF7AAFF10BD10B51022FFF764
:105D0000A5FF10BD00B5A3B08122443001A905F064
:105D1000AFFF002803D0044B185CF5F743F901A846
:105D2000EEF7A2FF23B000BDA4C8041010B5040014
:105D30000800EFF77DFA01002000443005F068FF0D
:105D4000002803D0024B185CF5F72CF9062010BD93
:105D5000A4C8041010B504000800EFF769FA0100A8
:105D60002000443006F0E0F9002803D0024B185C14
:105D7000F5F718F9062010BDA4C80410F8B50D00F9
:105D80000E68022822D14868E8F74CFF124C041B29
:105D90006868EFF74DFA631E9C410700E4B20F49B3
:105DA0004020E8F738FF0E4B010043600D4B050023
:105DB0008360047330003A001031443006F061F81B
:105DC000002806D0084B185CF5F7ECF80124074FC3
:105DD000E5E72800F8BDC04630820410A47B04101B
:105DE000FD5D0210F15D0210A4C804109348041078
:105DF00010B5103006F07CF8062010BD30B5040058
:105E0000C7B0103469460500200006F07AF8011E7C
:105E10002FD16B469B7D002B2BD00420F0F732FD59
:105E20002B7B0400002B18D016236B441800EEF7D0
:105E30001BFF6B461022A0601B7A009813405A4249
:105E400053410E4ADB039B18E36001232361ECF707
:105E5000E9FA6061200047B030BD16236B4418009A
:105E60001BF02CF816236B4401001800EEF706FF18
:105E7000DFE7200006F03CF80024EBE7018000009B
:105E800070B5040008001100124A1D00DAF748FA44
:105E9000A02021008000E8F7B8FE022304008380E0
:105EA000FF334064FF33836029680430FFF74CFD03
:105EB0002000443005F028FC0D2805D10823A288D5
:105EC0001343A380200070BD0028FBD0024B185C58
:105ED000F5F768F802000200A4C8041030B5134CAE
:105EE0000022A5440121039003AB80251048FFF751
:105EF000C7FFAD00443000220921009504AB040027
:105F000006F01AFA0E2806D1002202212000009580
:105F100004AB06F011FA002803D0064B185CF5F725
:105F200041F8062085239B009D4430BDECFDFFFF1A
:105F3000BCC60410A4C8041070B504000D000420F1
:105F400011001A00002C06D02B002018FFF72EFDA0
:105F5000431E9841C0B270BD70B504000D0004200E
:105F600011001A00002C0BD02B002018FFF73EFD6B
:105F700003001A0002201E3202D05A1E9341D8B2EA
:105F800070BD000070B504000E001500002834D06C
:105F900007231F4A0B40D15C002930D00022043077
:105FA000FFF750FD0300062E27D830001BF0CCF879
:105FB00009050B17251A1A0006231800E8F706FF33
:105FC0002860002070BD062B04D18020800028802E
:105FD000A060F6E71800E8F7F9FE80B2F7E70123C2
:105FE0002B60EEE7062B02D001225B1003D1226A60
:105FF00053425A4192002A70E3E70420E2E7062E5A
:10600000FBD830001BF090F8DDD8E1EBF9F3F3009A
:10601000C4C7041070B5040015001E00022915D174
:106020005368012B0BD0022B0ED0002B03D111682B
:10603000043005F09DFEA3692B60002070BD8169CE
:106040002B68201DC918F4E70169F9E701290AD175
:10605000043005F093FD0028EFD0084B1B5C0120B5
:1060600033604042EAE7042906D14368002BE4D0BC
:10607000043005F0BFFDEEE71623F0E7A4C80410D6
:1060800037B51D00043001AB140005F0B5FC002845
:1060900006D0064B1B5C01242B60644220003EBDF1
:1060A000019BA342FAD01C23F5E7C046A4C8041004
:1060B00013B51C00043001AB05F0FEFB021E019875
:1060C00004D00120024B40429B5C236016BDC046B9
:1060D000A4C8041070B5050008000C00E8F7AEFD78
:1060E0002300020002492800E6F7B0FC70BDC0465C
:1060F000D8470410F7B5009010000191EFF798F819
:106100002649030000240D000A22012612271878D0
:10611000002817D12C30E8F77EFD06000198EFF734
:1061200087F802000098351D2900E3B2443005F0DD
:10613000F1FA071E29D03000E4F766FA184BD85D53
:10614000F4F730FF01337828E1D8712807D86128A7
:1061500017D0622817D02B28D9D103200FE072382E
:106160000628D4D81AF0E0FF06D304D3D3080A00D7
:106170002900CCE73443CAE71443C8E706200443A8
:10618000C5E73C43C3E70749C1E7E40603D5280058
:10619000316905F0EDFD3000FEBDC046D4C70410E6
:1061A000A4C8041004C8041003680133036000206D
:1061B000704710B5AC3003F03DFC062010BD10B5A3
:1061C00004000800E8F74EFF002801D000232362F6
:1061D000062010BD37B5002504001449AC3001AAD3
:1061E000019504F0A5F8A84202DA4042F4F7DAFE7D
:1061F00029000A20F0F746FB0122FC34A169CB6993
:106200005B0013438360C3600B6AC2615900114392
:106210000161019902625B1A9340134343618361F8
:10622000034B42628262C3623EBDC046A961021056
:10623000FF010000C16C030010B53220012903D01A
:10624000186D0139EEF77EFC10BD0100006910B534
:10625000002803D01431AC3004F020F8062010BD23
:10626000F0B503690500C3B0002B11D0B826B60104
:106270002F00286914376A463900AC3004F014F84E
:10628000041E09D128693900AC3004F007F82C61EC
:106290000024200043B0F0BD6B461B7A2E2B08D1A2
:1062A0006B465B7A002BE3D0029B144A1340B34247
:1062B000DED000210420F0F7E5FA2B7B040002A8D1
:1062C000002B14D0EEF7D0FC6B461B78A060013B8E
:1062D0005A1E93415B420A4ADB0BDB039B18E360C7
:1062E0000123019A23619A4013436361D1E71AF0B5
:1062F000E5FD010002A8EEF7C1FCE5E700FFFF00A5
:106300000100010007B500930068049BFFF78BFBB9
:106310000EBD07B500930068049BFFF75EFB0EBD42
:1063200010B5040009F01CFA22002300083218708E
:106330000C06000A01332043090A9342F7D110BD2D
:1063400010B504000800E8F779FC034902002000BA
:10635000E6F77CFB10BDC046E347041010B50028EB
:1063600001D1F4F701FC10BDF7B504004568170032
:1063700028001E000191FFF7F1FF210028003B00DB
:10638000019A1031AC3003F081FE002803DA40425C
:10639000306001204042FEBDF7B54568040028008A
:1063A00044351E0017000191FFF7D8FF2B78002B12
:1063B00003D020000830FFF7B3FF210060683B00E6
:1063C000019A1031AC3003F075FE002803DA404228
:1063D000306001204042FEBDF7B5040016001D00EC
:1063E00002291ED147683800FFF7B8FF23003800A4
:1063F00010330193326873680199AC3003F05EFE8C
:10640000002804DA4042286001204042FEBD606856
:106410000199AC3003F056FE0028F3DB3060002019
:10642000F4E701290CD146683000FFF797FF2100FF
:1064300030001031AC3003F025FE0028EFDAE1E740
:1064400004290CD140680028E9D02100AC3010317B
:1064500003F00CFE002363609842E0DAD2E71623D3
:106460002B60D1E710B51C00FFF7ECFA002C01D12E
:10647000062802D0E8F7AAFC0400200010BD10B5E1
:106480000A00012306210068FFF7ECFF10BD00237E
:1064900010B51A0003210068FFF7E4FF10BD0000EB
:1064A000F7B51F0002230400061D8380300001920F
:1064B000FFF74AFA200054220021583017F0C4FB9D
:1064C0000122204B1100E3651F4B300023661F4B58
:1064D000A66563661E4BA3660023FFF7C3FF012377
:1064E00000220521A06DFFF7BDFF0123050000225A
:1064F0000421A06DFFF7B6FF019BA067E36664234C
:106500000198A56027676567E367B84200D2380045
:106510008000A84200D928002500089B0835F067B4
:10652000EB67E4F73DF823008C331860F06FE4F775
:1065300037F8230090331860E86FE4F731F89434AB
:106540002060F7BD13630210056302107F64021020
:106550008F64021010B50E4BD2B002AC00930194C0
:106560000523D9F70BFF059B0299009307A8049B0D
:10657000039AFFF795FF1DA932A803F04BF90028F5
:1065800002DA4042F4F70EFD062052B010BDC046BC
:106590009CCA041070B5060088B0080011001A00EB
:1065A000184B03AD009301950523D9F743FF9620BF
:1065B0004000E4F714F80660060004004836102195
:1065C0003000F6F7A5FD2F213000F6F71FFE23005F
:1065D0002A7C44331A70069B200003990093049A86
:1065E000059BFFF75DFF210020005831AC3003F020
:1065F00071F9002802DA4042F4F7D4FC200008B018
:1066000070BDC0469CCA041070B504000800EEF7C7
:106610000FFE03782F2B0CD0E56C002D09D026003F
:10662000483601003000F6F741FE3000F6F7DFFD96
:10663000E56470BDF0B50400C7B0FFF7E5FFAC340A
:1066400004AE070001003200200003F09FFB002889
:1066500002DA4042F4F7A6FC082302AD20000093C2
:1066600001222B00390003F0B5FB002403000828A9
:106670000FD120002100013BEC5C020E0902000258
:1066800020431143002BF6D10023164A12F02AFEB4
:10669000040000210A20F0F7F5F833780500013BEB
:1066A0005A1E93415B42104ADB0BDB039B1883604D
:1066B0000123C360036143618361C3617068EBF7C9
:1066C000B1FE28622000EBF7ADFE68622000EBF718
:1066D000A9FEA8622000EBF7A5FEE862280047B0FB
:1066E000F0BDC04600CA9A3B010001007FB515000D
:1066F0000400FFF789FF06002800EEF799FD05006A
:10670000E16C6846F6F704FD2B782F2B04D0684621
:10671000E26C216DF6F7EAFC29006846F6F7C6FD43
:106720006846F6F764FD020020003100AC3003F04B
:10673000F5F904006846F6F713FD002C02DA604212
:10674000F4F730FC062004B070BD10B50400FFF76C
:106750005BFF01002000AC3003F06EF9002802DA84
:106760004042F4F71FFC062010BD10B5FFF7EDFF07
:1067700010BDF0B5C3B00500FFF746FF4378040035
:10678000002B0ED0010028006A46AC3003F0FEFA60
:10679000002803DB6B461B78022B02D00220F4F7A3
:1067A00001FC2B6D9C4214D120001AF087FBE86499
:1067B000EB6C012B0AD02F00012448372F21380021
:1067C000F6F724FD2E6DEB6C9C4214D3062043B0EB
:1067D000F0BD002328002100EB644830F6F766FD89
:1067E000E6E70132934207D1121B21003800F6F789
:1067F00089FD220005E02200B15C2F29F1D0A242E0
:10680000F2D8E96C8A4202D2B35C2F2B0CD1131B55
:10681000012B0BD1315D2E291FD11B1B9A18210092
:106820003800F6F76FFDCEE70132EBE7022B14D10B
:10683000335D2E2B11D133195B782E2B0DD1012C0A
:1068400006D9013C012C03D0631EF15C2F2902D133
:106850000132121BE3E71C00F4E7541CB3E710B548
:106860000400FFF7D1FE01002000AC3003F02CFC47
:10687000002802DA4042F4F795FB062010BD000024
:10688000F8B50C000E68022822D14868E8F7CAF96A
:10689000144D6168451B3000FFF7B6FE6B1E9D412D
:1068A0000700EDB210494820E8F7B5F90F4B010099
:1068B00043600F4B04008360057330003A001431CD
:1068C000AC3003F0A7FC002809DA4042F4F76AFB79
:1068D00030004830F6F78BFC01250700E2E7200086
:1068E0002661F8BD30820410A47B0410616202109E
:1068F0004B62021070B50024C6B00D4B039169467F
:106900000500009301940294FFF77EFE0100280029
:1069100004AE3200AC3003F039FAA04204D134782E
:10692000013C63425C410134200046B070BDC0466A
:1069300038830410F0B5050085B010000391EEF720
:1069400077FC36490300002601270A000324187843
:10695000002837D1002E00D101362B00FC339B6973
:10696000986A7C30E8F757F903007C3343662B00C4
:10697000456044331B780400002B0DD00700083716
:106980003800FFF7CDFC23000122082170331A7074
:106990006767A167A366E26603992800FFF734FEE4
:1069A000230002002100280064330093AC30330040
:1069B000103103F049FA00282DDA002340426360C9
:1069C000F4F7F0FA782807D8712807D861281ED084
:1069D000622816D02B280FD00133B8E7723806286A
:1069E000FAD81AF0A1FB12F910F9F91604000C48B4
:1069F000002E03D10600EFE72643EDE70020F4F771
:106A0000B3F80849E8E71100E6E73800F0E7064880
:106A1000EEE70648ECE7200005B0F0BDB8C804106A
:106A200002030000E8C8041002090000020500008B
:106A300010B504000068F4F764FE2000E3F7E4FDFD
:106A400010BD1FB54379027904009A4214D38279AC
:106A50009A4217D8F4F712FC0123A2790093206818
:106A600003ABE11DF4F78DFE039BC0B26071002BF8
:106A700008D1002806D0237123795A1C2271E4180A
:106A8000E07901E00120404204B010BDF0B50700FC
:106A90000220C90087B01D4B01431D4A049104A97F
:106AA0000593FEF7CFFD01210600F4F7B7FF0022A2
:106AB000846803AB0B2130000392A047431E1925C5
:106AC000033303D80500092814D20925E81DE3F78C
:106AD00067FD0123066085710400C11D00932A0033
:106AE000300003ABF4F74DFE60710398002805D029
:106AF000F4F758FAFF28E9D9FF25E7E7054B20719D
:106B00007B60054B3C60BB6007B0F0BD721A0000B3
:106B1000A8710410436A0210316A021010B50268AD
:106B20000121537C03339B00D21853681C68002357
:106B30001A00A04710BD10B504680A00637C02214A
:106B400003339B00E41863681C680023A04710BD52
:106B5000026803000120013203D05868013043422B
:106B60005841704710B50A68046803000020944239
:106B700008D05B6849688B4204D08C4202D0D01A9E
:106B8000431E984110BD020080058015013041422E
:106B9000484180188005800D043070470A680368FA
:106BA000534003604A684368534043608A6883687F
:106BB000534083607047030002680020824205D181
:106BC0005A68824202D1986843425841704710B5D2
:106BD000E0240268E400120D0023224204D00430B5
:106BE000FFF7C0FF43424341180010BD0200836A13
:106BF0002832002B03D018688B4201D110607047F7
:106C00001A000300F5E710B504000800E16E636D9B
:106C10000818C01A12F040FBA36D8B4208D9072355
:106C2000CA081940063B8B40606E815C0B4383545D
:106C3000002010BD80235B050B405A425341184A87
:106C40005B421340174A30B59B18026814004C4051
:106C500023420BD093059B15013307D0124D114CE5
:106C6000124B15400C402B439C4203D10023036080
:106C7000012030BDE02480250B0DE400ED001C4018
:106C8000AC4205D114030903A40D890D8C4201D235
:106C90000020EEE75BB29B029B180360F8E7C0465A
:106CA000000010F000FCFF7F00FC0F000000F04F20
:106CB00010B504000800FFF766FF23681B18236067
:106CC000002010BD82690B6810B54C689A4212D141
:106CD000C369A34213D0CC688B68A34206D10A6073
:106CE000C2695B004A600022CB608A6000208B682A
:106CF00001338B6010BD9442EDD1C469E9E75420A3
:106D00004042F7E7036BC9188B055A1E93414900AF
:106D10004908DB070B430363002070470368013316
:106D2000036000207047F0B58BB0119F0993139B4F
:106D30001600FA18836E0590DB6904919A4205D813
:106D4000C36E002B29D0109A934226D8542040427B
:106D5000A6E0049B002B47D01B68109A139C93421B
:106D600025D1049B59689B68CB18BB421FD9B942F7
:106D700018D8DC1B139B9C4200D91C00049B791A79
:106D8000DB6822005918129816F064FF129B3F1915
:106D90001B191293139B1B1B1393139B002BD8D10E
:106DA00018007DE0139BCC1B9C4200D91C0033686B
:106DB000109A93421ED17168B5684D19BD4219D918
:106DC000B94213D8ED1BA54200D92500F368791A02
:106DD00059182A00129816F03DFF129B7F195B1973
:106DE0001293139B5B1BD7E7139CE0E7C91B8C42F4
:106DF00000D90C00059B38009D6E6B691900039348
:106E000012F04AFA6B68099A0893139B0691934211
:106E100020D300291ED1139B039A93421AD3110049
:106E2000200012F039FA631A2800069103930093A8
:106E30003A00129B1099089DA847002830D1039A68
:106E4000129B944663441293069BBF18139A1B1B14
:106E5000D318A1E7109B3360069BFB1A079373605E
:106E6000099B5C1E039BE418E4191900200012F032
:106E700013FAEB69641A9C4200D91C00069BDA1BCA
:106E8000AB6AA4189C4200D91C00B460009428008E
:106E9000F368079A1099089CA047002800D17CE766
:106EA0000BB0F0BDF0B58BB00693CB6804900593A2
:106EB0000B693C3009930F000792FFF788FE079B90
:106EC0001C03A40D002800D179E0002C00D178E04B
:106ED000049B069ADB6B12031B039B0D920D9342DE
:106EE00004D10221494208000BB0F0BD93429B41FE
:106EF0009B0A9E02099D2800FFF745FE059A031D87
:106F00009342EED8059B049A1B1A0593042303931E
:106F100009AB0293059B002101933B68100000938D
:106F20000423FFF700FF011EDDD1099B1BBA6B4054
:106F30005B005B080993002C18D0E02180222B0D08
:106F4000C900D2001940914210D1069A911B080342
:106F50002A03800D920D904208D31B4A11401B4A10
:106F60000A43AA42BDD05BB29B029E19069B079AB8
:106F70009B1B6B401A42BDD1AC05A3150133B0D0A9
:106F8000129BA40D9C4200D91C00119B059A0293F0
:106F9000109B039404339B1801933B68049A0021CF
:106FA000009310002300FFF7BEFE011E9BD1129B31
:106FB0001A1B119B181916F047FE711993E706006A
:106FC00098E7260096E7C04600FC0F00000010403E
:106FD0001FB59C05A40D0294069C01940024009406
:106FE000FFF760FF04B010BD30B587B003AD1400EB
:106FF000084B094A0095FFF7EBFF002804DA831CD1
:1070000000D1002007B030BD29002000FFF7C6FDE9
:10701000F7E7C0460C00F07F0000F07F70B5082550
:107020000400006886B00100836E039504AD0295EC
:1070300056681031019612680092DB690200FFF772
:1070400072FE002805D12800211DFFF78BFD431E8D
:10705000984106B070BD000070B5084E04003100C4
:1070600019F00CFF31000500201819F0E5FE241876
:10707000605D43425841C0B270BDC0463713041032
:10708000F0B51C0006002000194B0F0085B0083039
:107090009A4207D1174919F03FFF022323700020BD
:1070A00005B0F0BD336F950201330090124A3000F5
:1070B0002B43FFF78DFF0028F2DB104B000D2B4315
:1070C00002AD2070390030000D4A0095FFF780FFB7
:1070D0000028E5DB0B4A030D934202D1039B63605A
:1070E000DDE7094A9342DAD18005800D6060D6E77A
:1070F000FF0300003713041000FC0F780800002085
:1071000000FC0F700202000001020000F0B5002731
:10711000B1B0069339AB1B88140007933AAB1B88B8
:107120000C900B933BAB00229B5E0991082200213F
:1071300010A808933E0016F087FD0698FFF723FD80
:1071400003190593099B059ADB689A4260D20423D0
:1071500003930FAB0293099B01921B680C9A009357
:10716000002104231000FFF7DEFD002800D016E107
:107170000F9B069A1BBA5A401300802212061A432C
:10718000099B06921B680F921093059B0433119381
:1071900010AB0A930F99389A0B00734013401C00F0
:1071A000804A1440134231D1389B1B039B0D00D100
:1071B00097E03C227A43099B059D12A8135083183F
:1071C0005D60069DD9629D60369D0A99DD60379DA0
:1071D0009E611D61389D19635D61079D10A99D83A6
:1071E0000B9D2C32DD83089D01371D843C9D5D6223
:1071F0003D9D9D62343360C960C3260083183D9372
:107200003894694B08943C930B940794059C94E73D
:10721000379B002B00DCC0E0369B05941B680F9366
:10722000369B5B680A93369B08333693379B013B4A
:107230003793AFE78122520093421FD100250A9C69
:107240000F998A05920D9542E0D2C022089B09034E
:10725000890DC918A36889021943237892009B18E5
:107260001B05194362683D983C9B9847002800DA4B
:1072700095E00C340028C9D10135E1E7089B0A9A52
:1072800099023D983C9B09199847002800DA86E04E
:10729000BCD0002F00D182E03C22013F7A4312ABE8
:1072A000D1589B185A68099105929A689E6906926E
:1072B000DA6836921A6937925A6938929A8B07922D
:1072C000DA8B0B9220215A5E08925A6A3C929A6A93
:1072D0003D92DA6A0F921A6B34330A9210AA11CBDC
:1072E00011C2389B0F9C1B039B0D07D0079A2303E9
:1072F0009B0D93428AD30B9A934287D263005B0D16
:1073000000D183E70222FF32934293D1264B3C9A6D
:107310009A4200D17AE73C2213007B430D930D99EA
:1073200012AB5D182800002116F08EFC20210AAB5C
:107330005B180D9A0999AE619950059B80266B6088
:10734000069B0137AB60369BB605EB60379B2B6124
:10735000389B6B61079BAB830B9BEB83089B2B8458
:107360003C9B6B623D9BAB62A3059B0D0793013376
:107370000B932403079BA40DE41A089B1C1923B24A
:1073800008930A9B0993094B38930023379336934C
:10739000013B06930023059338E7002079E731B0DD
:1073A000F0BDC0460000F07F356C021000FC0F609D
:1073B000F0B58BB0119E0993139B1500F218836EE4
:1073C0000700DB6908919A4251D8139B002B01D129
:1073D00018004AE0EB6805932B6802331AD16968FC
:1073E000AC680C19A64215D28E4213D3139BA41B72
:1073F0009C4200D91C00059B711A59182200129852
:1074000016F028FC129B36191B191293139B1B1B99
:107410001393DAE702235B422B60BB6E30000693C6
:107420005B691900049311F037FF731A07936B60BF
:10743000099B5C1E049BE418A4191900200011F09C
:107440002BFF069B641A9B6A9C4200D91C00059B7B
:10745000AC600193079B38000093064A109B089983
:107460000294FFF71FFD0028AFDA0BB0F0BD5420E7
:107470004042FAE700FCF7FFF0B5160000248BB09D
:10748000059006910793119BA34202D800200BB0F0
:10749000F0BD119B1D1B082D00D90825109A08AFBF
:1074A000A2180192079A002100920598069A331BB0
:1074B00003950297FFF737FC0028E8D1129B2A00BA
:1074C0001868390002F03AFF129B64191860DAE775
:1074D000F0B59BB00F93C36E160007000D00126845
:1074E000002B08D0934203D854235B4205936CE0F1
:1074F00071688B42F8D90021042412AB02930092E8
:1075000023003A0038000394019112911391FFF780
:107510000AFC031E059001D0543356D10394002475
:1075200013AB0293019473683A0000932100042383
:107530003800FFF7F8FB139B0590A04248D00300EA
:10754000543342D1A3009A592A6001225440A20028
:1075500092590A946A6012AA9B58AB600023EB60B0
:1075600002330B93033B0593C04B14AA11CB11C2FA
:107570002900012004220831404202F0DFFE0023EE
:107580000D930C930893013B09930023059E1090E3
:1075900007930998FFF7F7FA0422079B00211B18AD
:1075A0000793BB6E039211AA0292079A38000192C8
:1075B0002A680092DB693A00FFF7B5FB041E0DD084
:1075C0002300543300D12BE1059405981BB0F0BD86
:1075D000129A9B1ADC17E41AE40FB3E704221098FE
:1075E00011A902F0ABFE119B099A1BBA5A401090E8
:1075F000069211921DD5099B1E0DF023DB001E4043
:107600009B4BF61873425E41F6B2EC68002C00D03A
:1076100008E12B686A686B600A9B2A609B0012AACB
:107620009B58AB600B9B012B00D15DE701230B93B3
:107630009AE70698FFF7A7FABB6EDA69079BC318AB
:10764000934200D9ECE02B6807990E93A023DB004E
:107650009C46F023043109910699DB00090D19407D
:10766000614539D104230393099B18A901930E9B0B
:10767000029100932100130038003A00FFF753FBFA
:10768000041E9DD1189A109B9A4200D0C8E0119B0D
:10769000069A1B0DDB075A40069210A90422F86ACD
:1076A00002F04CFEF8621198FFF76DFA079BC018C4
:1076B000069BE8602B61089BAB82149BAB61159B1A
:1076C000EB610C9BEB7501235B4210933300069A30
:1076D000059609921E005CE7099B10A904380291E7
:1076E00001900093390038000E9BFFF7C5FE041E81
:1076F00000D065E7E020E021119BC0001A0D10408A
:10770000C90084460E9228680A4221D1089A1B03B8
:107710009B0D9A4201D8013308931199209B0F9831
:107720004B4018400E900F982A6818420DD1099BC3
:10773000189219932398229B18AA9847041E00DADE
:107740003EE71199002857D10E003300059EBEE791
:107750008021C9008C451DD138216A46521800216C
:107760005156089A4348521892B20892424A304001
:107770000243934203D180231B061E43CDE7721CB4
:10778000CBD01B0332039B0D920D9342C5D88902C7
:107790008E19C2E7C023DB009C4514D101230822C7
:1077A0000E991940BB6E039214AA0292099A009096
:1077B00001920C913A0021003800DB69FFF7B3FA1F
:1077C000041EAAD0FCE62D4B5205520D9A42A4D1BC
:1077D0000822BB6E039216AA0292099A00900192A7
:1077E00021003A003800DB69FFF79DFA041E00D043
:1077F000E6E601230D9390E73300214A4B40134204
:107800000BD00228A1D132030B03920D9B0D9A429B
:107810009BD3802636060E4397E70126764294E7EF
:107820000026F2E60023AB759E4231D0BE6E2000EA
:10783000B16911F031FD00292AD10D9B002B27D011
:1078400001235B42189318AB0293169B009401939B
:10785000390038002B68F269FFF70EFE002811D0BE
:10786000030054330ED00590AFE6C046C4CA0410DE
:1078700000FBFFFF00FC0F000000F04FFF050000C1
:1078800000FCFF7F189A179B9B1A5A425341AB7515
:10789000380029003C30FFF79AF900281AD0FB6B1A
:1078A000059A1B0312039B0D920D9A4208D1802367
:1078B000059A1B061A430592219B002B0DD119E056
:1078C00005990131F8D09A4204D9104A059B944693
:1078D00063440593219B002B08D0059BAA8A1B03B8
:1078E0009B0D934200D91300219A1380059B002B16
:1078F00000DB6AE60021059BAA8A1B039B0D05910C
:107900009A4200D861E60223EFE5C04600FCFFFF83
:107910000023F0B593610133D3618FB0184B14008D
:107920000AAA07000E0023CB23C21B6813602300A2
:10793000183318000593FFF70BF9051E02D002203B
:1079400040421BE020000AA9FFF7BCF9002815DB24
:10795000326807AB0892726803930A4B099202934C
:10796000094B059A00932100084B380001950797B1
:10797000FFF7AEFD0222831C9343D8D00FB0F0BDB9
:10798000CCCA04101D70021008000020FF03F07F15
:107990001FB5012300245B420394029401940093D9
:1079A000FFF796FD04B010BD0023F0B587B09361DA
:1079B00002AD0133D36114002A00144B01900F0073
:1079C00043CB43C21B681360260018363000FFF714
:1079D000BFF8002802D00220404212E02900200017
:1079E000FFF770F900280EDB39003000FFF7BAF816
:1079F000002806D0320021000198FFF7C9FF0028B7
:107A0000E2D007B0F0BD5420E6E7C046CCCA04106F
:107A1000F0B593B00C93036A17688B61436A0E004C
:107A2000CB613B7806900A92002B00D18FE04A4C44
:107A300063005B0D0993022B04D13800474919F00C
:107A4000FBF93F183800454919F018FA049001284D
:107A500006D13B782E2B0ED17B1C0793079FE7E7BF
:107A6000049B022B07D11A0038003D4919F0E2F8B7
:107A7000002800D16BE0049BFB181D000793012335
:107A80000593364B0B93364B0D9328000B9919F049
:107A9000D3F92D1828000B9919F0F0F90890002857
:107AA0001CD0012805D12B782E2B13D1089BED1863
:107AB000EBE7089B022B0DD1022228000D9919F04B
:107AC000B9F8002806D1059B013B0593002BEDD1A9
:107AD000AB1CC2E7059B01330593E7E73B78002B1E
:107AE00032D00A9B1F60099B022B33D11D4B24030C
:107AF000A40D9C420CD032001B4BA402183223432D
:107B000000923100194A0698FFF762FA041E1BDB47
:107B10000FAB069A0393164B0F920293049A0C9B99
:107B2000119201930092F023320031000698DB0598
:107B300018321097FFF7CCFC041E05DB00288DD10E
:107B4000F37D002BE4D1023C200013B0F0BD1624DD
:107B50006442F9E71424FBE700FC2F0037130410FC
:107B6000EB470410FF0300000800002000FC0F702A
:107B7000D57B0210F0B5160000248BB0059006915D
:107B80000793129BA34201D800201FE0129B1D1BEC
:107B9000082D00D90825109A08AFA2180192079A5B
:107BA000002100920598069A331B03950297FFF770
:107BB000BAF800280AD1119B2A003800191919F0C7
:107BC00039F8002804D0C043C00F01300BB0F0BD1D
:107BD0006419D6E730B505001300AA688C05006863
:107BE00085B0A40DA24200D92200029269680191D9
:107BF000596800911B680100FFF7BCFF002805D100
:107C0000AB68A34202D0A3424041013005B030BD71
:107C1000F8B5C7690D68083F0E000020BD4215D3B6
:107C20003900280011F038FB013811F007FB023051
:107C300080003900281A11F02FFB040011F0FEFA21
:107C400080002D1A20006743ED1B3560F8BDF0B5AC
:107C50008BB0060006910792002B08D101221199E2
:107C600052420A600020129A13600BB0F0BD846E7D
:107C7000013B09A920000993FFF7CAFF10A90500DD
:107C80002000FFF7C5FF0590059B079FAB4203D37C
:107C9000119B1F60109BE5E7059BE81A11F0C2FAE3
:107CA0000400280011F0C4FA1F231C1B844200D9D1
:107CB00004000423039307AB0293A3000193002164
:107CC00004233000069A0097FFF72DF80028CCD146
:107CD0000123A340ED1AD7E7F0B589B00C00059257
:107CE0004A6BC96A060000208A4227D28A1A049287
:107CF0009A4200D90493049F002F01D104981DE0FB
:107D00008023226BDB021A4204D0B36EE16BDB6985
:107D100099421ED180214903636B0A4210D122008F
:107D200021003C320292043A019200933000E36A4F
:107D3000A26A4031FFF78BFF002805D009B0F0BDE3
:107D400002225242A263E3638022236BD2021343D6
:107D50002363B36EE06BDB691D1ABD4200D93D00A1
:107D60008021226B49031140944622004032069242
:107D70008022079161465203039511421AD0059A59
:107D800001900292A08811498002014300912100D4
:107D90003000069A0831FFF70BFB0028CED1636B49
:107DA0007F1B5B196363E36B5B19E363059B5B19E3
:107DB0000593A1E7059A01900292A06B069A0090A4
:107DC00007993000FEF7AFFFE7E7C046000010203C
:107DD000F0B58DB0059000201D00129B0691079212
:107DE000834236D0013B0993059B09A9986EFFF7A2
:107DF0000FFF0127040029001498139B98470028BF
:107E000027D1002C25D023003B4004930223049A61
:107E10000AAE9B1A9B000190079A06990598039356
:107E200002960095FEF77FFF002812D13D00A54382
:107E3000A84205DB049BAD00023C75591C19DAE72A
:107E4000139B31681498984703003800002BEFD03B
:107E500018000DB0F0BD0000F0B595B0049204001C
:107E60001C220D000CA80021059315F0EDFE012346
:107E700013934B4B08AAC1CBC1C21B68136012A855
:107E8000FEF766FE002806D08027A66A7F02002E35
:107E900051D130003DE008A90CA8FEF713FF0028DF
:107EA00000DA79E012990498A847002831D1139993
:107EB0000498A84700282CD1200012AA0CA9FFF78B
:107EC00067FD002825D106000CA98B8AB342D6D9BC
:107ED000344BB20206AF13432000334A0097FFF73A
:107EE00077F8002804DA831C13D10136B6B2EBE729
:107EF0002E4B000D98420ED1049B019502937B6896
:107F00002200009300212000069BFFF761FF00285C
:107F1000EBD015B0F0BD059B002BE6D080239B0075
:107F20009842E2D106990498A8470028F1D1079910
:107F30000498A847EBE7B379012B01D03668A6E790
:107F40008822336B52031340BB4216D09022336B0E
:107F500052031340802292029342EFD13100049BDE
:107F600001950293736B220000932000B36B4031A4
:107F7000FFF72EFF0028E1D0CBE73100049B0195ED
:107F80000293F36A220000932000B36A4031FFF7A6
:107F90001FFF0028DAD0BCE754204042B9E7C046B2
:107FA000CCCA04100800002000FC0F700202000080
:107FB00010B50400406DE36DE16EC01811F06CF96E
:107FC0000023E365A36E6165DA6A216ED3008B42FC
:107FD00000D90B000021A365606E15F035FE01236A
:107FE000220020000549FFF737FF002804D00023B6
:107FF000A365E365E36E236610BDC046076C0210FF
:10800000F8B504000D000127A16DE36D8B4208D384
:10801000236E002B2FD02000FFF7CAFF0028F3D0DB
:1080200020E00720666EDA08B25C1840C2403A428F
:1080300019D1606DE16E181811F02EF90122296036
:108040000721A56DE36D206E01330138E3652066DD
:10805000AB420ED2D808305C0B40D8400300104031
:108060001342EFD1F8BD0133E365236E013B236674
:10807000CBE70020F6E71C204042F3E77FB50C0079
:1080800004310600FFF7BCFF051E2FD12100300090
:10809000FFF7B6FF051E29D1220004230832A06095
:1080A0000190039302922268010000923000320096
:1080B000FEF739FE002802D00300543319D1B36E05
:1080C0005B6A002B0ADD0121A66801331943013EDA
:1080D0007618300011F0E0F8761AA660042300222A
:1080E000E360053B23616261A361E361280004B0A2
:1080F00070BD0500FAE70000002307B5044901AA96
:108100000193FFF7A9FE002800D101980EBDC046DB
:108110001D6D021010B5C368984710BD10B50C0056
:10812000826AFF21E06815F08FFD01235B42236026
:1081300010BDF0B589B007930B6806000C000692DD
:108140000593033302D9002009B0F0BD856EA768FE
:10815000A969CF19013F380011F09EF87F1A0097E6
:10816000AB6828009C4662686546E3680599A847A5
:108170000028E9D1079B002B04D12100B06EFFF746
:10818000CDFFE0E70123069A5B4213600297E368A4
:108190003A00019363683000009323680699FFF763
:1081A000E9FC0028D0DBE8D054204042CCE7F7B50A
:1081B00006000C00099F009201930B9B002B01D13C
:1081C000180032E022680899B36E8A422ED16068A6
:1081D000B8422BD89D6A4519BD4227D90B9BED1B90
:1081E0009D4200D91D00E368381A2A0018180A9920
:1081F00015F030FD6368A2687F19FB1A934200D224
:108200001300B26EA360926A9A4206D00A9B5B1971
:108210000A930B9B5B1B0B93CFE721003000019B64
:10822000009AFFF786FF0028F0D0FEBD089A9969F2
:108230003800226011F030F80023791A6160A360E1
:10824000BBE70000F0B504000D0089B0200007A9CD
:10825000FFF7D6FE061E0AD1079BA06E19000593F4
:10826000FFF758FF061E62D00300543361D0300080
:1082700009B0F0BD802029002A6B4003DB1B403190
:10828000024229D0012202A803921232121802924D
:108290000197A888294A80020243009220000A0020
:1082A0003839FFF785F8002814D10123210002AAEC
:1082B000039312339B180293059B22000093200026
:1082C000012301971031FFF772FF002812D003003D
:1082D00054332ED00600CAE7012202A803921232BC
:1082E000121802920197AA6B200000922200FEF75A
:1082F0001AFDD8E70137EB6BBB42BBD8A36EE1692F
:108300009A6AE86C15F0A6FC21002369A06E2B6424
:10831000636910316B64A369AB64FFF7FFFE059BD3
:108320002A6BAB6380239B0213432B639FE70700F9
:10833000E1E701235B42236188E7C046000010208B
:10834000F0B593B00A930B6B06000C000992DB02A8
:108350001DD54A6B0A9BC96AD3188B4200D20B0009
:10836000F16F994213D2F36EE2632100336630005D
:10837000FFF768FF236B051E06D08022120313430C
:108380002363280013B0F0BD874A134023630A9B80
:108390000593059B002B01D10A9DF2E780208022E6
:1083A000236B800292021840134204D0B26EE16B3C
:1083B000D26991424CD1616BDB0200D5DFE000282D
:1083C0001BD1002919D0119011A8A26AE36A2700D5
:1083D0000290200001393830403701900091300080
:1083E0003900FFF734FC051E03D08023226B1B03EA
:1083F000C5E73900B06EFFF791FEF36E33662300D8
:1084000040330B93A36B0C93636B079330000FA95E
:10841000FFF7F6FD051EE8D10F9BB06E190004931F
:10842000FFF778FE051E06D02B005433DDD1012363
:108430005B422364EAE7079BB76E002B2BD1049BBA
:10844000A363079BE3638023226B9B021343236395
:10845000B36EDF69E36BFF1A059B9F4200D91F00D3
:108460002100099B03970293E36B32000193A36BF6
:108470003000009340310123FFF799FE051E00D123
:1084800082E003005433B0D121003000FFF7DAFE60
:10849000051EE5D0A9E7079B3800013B10A9109302
:1084A000FFF7B6FB109B013306931093FB69069F01
:1084B0009F424BD1013010F0BBFE03002F0001336F
:1084C00006930C9B08901193BB000D930423039318
:1084D00011AB0293BB000193049B32000093300068
:1084E00001230B99FFF763FE119B051E9CD1089A8F
:1084F000974234D1069B0137BB42E5D8049BA36366
:10850000069B9B009EE7012311AA0292089A0393FF
:1085100001920C9A3B000092002132003000FEF7DD
:1085200002FC051E00D060E70123039311AB029308
:10853000089B32000193049B300000930B990123A8
:10854000FFF735FE013F051E00D06DE7069BDB1BE4
:108550000893002FD7D1049BA363089B72E70422E2
:10856000039211AA02920D9A010001920093320027
:1085700004233000FEF7D7FB051EBBD035E70223EE
:108580005B42A363E1635EE7636BDB196363E36BE9
:10859000DB19E363099BDB190993059BDB1B05933F
:1085A000F36E3366F5E6C046FFFFEFFFF0B50C0053
:1085B000010085B0029203931D00636816000193C9
:1085C00023680200009310310023FFF7F0FD071E1F
:1085D00008D12A003100E06801F0B0FE6368E06075
:1085E0005B196360380005B0F0BDF0B50C008BB0CE
:1085F0000490100017000693FEF7C5FA63686269DD
:10860000C3180590934245D87B005B080793079AEF
:10861000A368210053401BBA09930498042309AAB4
:10862000FFF7C4FF051E0DD1059B1E1F002F0CDB9D
:1086300033002100069A0498FFF7B8FF002827D1DD
:10864000079BA36028000BB0F0BD002EF8D00123DB
:108650001327039304ABFF18069B02975B68059AE8
:10866000043B9B189B1B0193069B049A1B680021EB
:10867000009310003300FEF756FB002808D10123B9
:108680003A0021000498FFF791FF013E0028DCD05A
:108690000500D7E71C256D42D4E710B513000A008A
:1086A00003C8FFF7A2FF10BDF0B50B6B05000C006F
:1086B00097B05A0307D5DA0202D4012252420A6463
:1086C000314A13402363236B9A0302D4002017B06E
:1086D000F0BD802219005203666BE76A1140134215
:1086E00040D1542201A815F0AFFAA36A2A000B93D7
:1086F00001230C970D930E9611AB83CA83C30127F8
:1087000012687F421A602F60626BE36A9A4212D34A
:10871000210001232A0028004031FFF70AFD00282C
:1087200024D003005433D2D121002800FFF78AFD62
:108730000028EDD0CBE76A4601232800033201A9C7
:10874000FFF7CAFA0028C2DB6A460123210028008D
:108750000332FFF7F5FD0028B9DB2B680133D3D0D6
:108760001197D0E7B74200D237006763A36B226B43
:10877000A362636B6663E362044B1A4080235B026F
:1087800013432363A2E7C046FFFFFBFFFFFFFDFF8C
:10879000F0B51E000B6B85B005000C0001925B0369
:1087A00016D4236B1A0519D4676B6A6FB9199142F5
:1087B0002DD89B0318D5330021002800019AFFF71C
:1087C000BFFD002808DB236B124A1340236303E03C
:1087D000FFF76AFF0028E4D005B0F0BDE26A616BE4
:1087E0008A42E1D96263DFE7E36A9F42E3D96363C8
:1087F000636B9F42DFD902ABDA1D002321001370A7
:1088000028000133FFF79CFD0028F1DAE4E71B2084
:108810004042E1E7FFFFF7FF70B504000B6A080074
:10882000E3664B6BA166E360002B03D08B6B002BE0
:1088300003D1E3610C20404270BDE3612100FFF7EA
:108840006DFC2100A06E1031FFF768FCA16ECB6BB0
:10885000002B01D16366EDE763660B6C002B2BD018
:1088600023674B6C002B00D11C4B6367886C00287E
:1088700000D11B48A0670B6DE3675A1C1ED1002373
:10888000E3670123002520005B42236263620C2220
:108890002900A562E5623C3015F0D6F920000C22D3
:1088A0002900303015F0D0F920000C222900483082
:1088B00015F0CAF92800BFE7FF23D1E7002BE0D16C
:1088C000CA6C8B6A002A07D0D208834200D9030001
:1088D0009342D5D91300D3E7CA69F5E7FFFFFF7FBD
:1088E000FE030000F0B50D0006001400496B85B0D2
:1088F000002B0FD05418012B0CD00C00022B09D1E7
:10890000EB6A286B1C00800303D50C00994200D24F
:108910001C00A418736FA3422DD38C4202D12000F7
:1089200005B0F0BD2B6B5B031DD5B76EEA6BFB6921
:108930009A4218D00291380002A9FFF769F903A9F9
:10894000019038000394FFF763F9019B83420AD139
:108950006B6C039A934206D8A96C5B189A4202D2B8
:108960006C63EA63DBE729003000FFF79DFE002817
:10897000D6D16C63D3E716204042D1E7F0B50D00A5
:10898000826E6B689169D269143304008DB0934292
:1089900000D913004E1E9E19300010F07DFC0023FC
:1089A000761A069304936B68B3421AD301222B699B
:1089B00004995242C91A0A920AAE049A0191029687
:1089C0000093210020002B680432FEF755FD00289B
:1089D0004AD10A9B069A934200D1ADE0542040420E
:1089E00042E004225242D21A5C4992198A4200D9CA
:1089F0000A000433D718172204ABD218FF23B7425A
:108A000034D31370A16E8B69C969C91A8F4235D8E6
:108A100001210292039101972A680021009220000F
:108A20002200FEF780F9002802D0030054331BD146
:108A3000A36E21009A6901235B420B930BAB029357
:108A40000192009720002B680A92FEF715FD00287E
:108A500002D00300543307D129002000404A0AAB5A
:108A6000FFF7C3FD002809D00DB0F0BD3100143967
:108A70008F4200D90F001370B742C3D204ABDB7D25
:108A8000A022DB430421DBB2D200DB099B186A6819
:108A900049428A1AD2191B051343324A0AA91A43BA
:108AA000AB68079253401BBA0422E8680A9301F0AE
:108AB00045FC2300103305930823E86003930AABB9
:108AC00002936B680B9001932B68220000932000A7
:108AD00000230599FFF76BFB0028C5D1049B002BF1
:108AE00004D16B6804330493EB68069304ABDB7D1D
:108AF000079ADB431B06DB0FDB0753400122524280
:108B00006F60AB60EA60B74206D2A36E61699B6A90
:108B10005B189F4200D246E722600023220020001B
:108B20000599FFF706FB00289ED1A06E03699847C0
:108B3000002800D137E797E70422049B02960192B0
:108B40000093210020002B68FEF796FC002800D03F
:108B50008AE70A9B002B00D186E73FE7FE0300006F
:108B600008FCFF5F00FC0F00F0B50D009DB00E93F8
:108B700022AB0D9204CB04001B880F920A9324AB06
:108B80001B880C93836EA868596A0130A86000297D
:108B90001CDC002309930027002301226968A06ED2
:108BA00016AE169173603361C36C5242B260F260CC
:108BB000002B3CD0083B7361FFF7ACFA002838D09B
:108BC0000300543300D0C0E0099F0FE001270131BA
:108BD000394310F061FB0029DBD11691280016A95A
:108BE0001797FDF7BFFF09970028D4D0012300266F
:108BF0005B4223612800023316A916961793FDF7EE
:108C0000B1FFB0420BD02000291DFFF7F9F9B042A7
:108C100008D003001C3300D097E0B74205D11C20D8
:108C2000404292E001270990B6E70996B4E7C3698C
:108C3000C0E72A000423310020000832FFF7B6FC09
:108C40000028BDD111AB0793414B020006930A9B4C
:108C500020005B421BB205930C9B0F9904930A9B67
:108C6000119403933B4B129602930E9B01930D9B21
:108C7000009301235B42FEF749FA0028A0D12B00A4
:108C8000183318000B93FDF763FF00280DD1C022A5
:108C9000EB7DD2009B18304A1B051A43310020009F
:108CA0000B9BFFF7A2FC00288AD10C22002113A8FD
:108CB00014F0CAFF002F09D1210013A83C31FDF7A1
:108CC0006DFF210013A83031FDF768FF210013A8C4
:108CD0004831FDF763FF139B29009B0A9B0220008C
:108CE00013AA1393FEF780F900282ED113A8FDF7DD
:108CF00062FF002808D12000184A13AB16A9FFF71D
:108D000074FC002800D05BE7200016A9FFF736FEB0
:108D1000002800D054E7010020002B686A686B60CF
:108D20002A600C9B0A9A48309B1AAB82179B0C2234
:108D3000EB60189B2B6114F087FF002F04D12300F8
:108D400030343C3307CC07C338001DB0F0BDC046FB
:108D50009B86021000FC0F4008FC0F000CFCFF7FFC
:108D6000F0B593B0089318AB079204CB0AAE1B88FA
:108D70000C00069331001AAB05001F880992FFF71B
:108D80007DF90590002824D1E37D3100F375A369B6
:108D900028001093E369079A1193069B02970193A9
:108DA000099B0093089BFFF7DFFE002814DB0123DB
:108DB00029000A9F0B9E2000A761E661E375203120
:108DC000FDF7D0FE002804D1069B002B01D12F62B5
:108DD0006E62059813B0F0BD0590FAE7F0B59DB04E
:108DE0000A93229B0D920A9ADB009B180F93012392
:108DF0000E000700110000259C460F9AB38A91428D
:108E000029D1002D4CD1B27DB38A002A5CD1012337
:108E10005B423B61B38A099300230B930B9A099B36
:108E20009B1A0C93012B00D9DDE00B9B002B00D08B
:108E300012E1BB6E596A002900DD22E1099B310075
:108E400002930023380001930A9A229B0096FFF7B1
:108E50008BFE040012E10A68AB4C100D0200099071
:108E60004005400DA04203D10133B3820831C4E76D
:108E7000A64CA04203D1013B6546B382F6E7E0234E
:108E8000DB001A40013BFF3B9A42EFD14B68099C43
:108E90001A68B2615B68F36163461C40F475E5E7EC
:108EA000002BB0D131003800239AFEF77DFD041E5F
:108EB00004D0831CA7D020001DB0F0BD239BDB7D18
:108EC000002BA0D0022473E0FE2BA0D80121336830
:108ED000B86E16AD49421693F2683369E960C16C09
:108EE0006A60AB602A6100291ED00839696111A946
:108EF000079187493800069100210591049103915B
:108F000002912299119701910A99129500913100CD
:108F1000FEF7FCF8041E09D023001C3300D176E7CD
:108F200023005433C7D172E7C169DEE70C22010088
:108F300013A814F089FE390013A83031FDF72EFE76
:108F4000390013A83C31FDF729FE390013A8483138
:108F5000FDF724FE139B13A89B0A9B021393FDF7B6
:108F60002AFE00280ED13100380013AAFEF73CF883
:108F7000041EA0D129003800664A13ABFFF735FB69
:108F8000041EC9D1380016A9FFF7F8FC041EC3D18E
:108F9000179B3A00F360189B303233613B003C333F
:108FA00023CA23C338000C222100483014F04CFEA1
:108FB0000D9B1B6816930D9B5B681793BB6A099307
:108FC000099B002B00D176E7099B16A908331800EE
:108FD0000B93FDF7C7FD002800D185E0099B1B68B6
:108FE000EDE7099518E76B4616A99B8D07914A494D
:108FF000039306915942494B00220293229B09B2E6
:1090000001930A9B0591009301230999380004916B
:109010005B4231001692FEF779F8041E2ED1BB6E2A
:10902000DD6C002D00D1DD690C9AFE2A0FD89969FC
:109030006B084C1EE418200010F02EF9283D641A2D
:10904000AC4200D92C00169B9C4200D3EDE60C9B51
:109050000B9A5B08D318E0E66B469D8D099B3100A7
:1090600002933800229B0A9A01950096FFF778FE3A
:10907000041EB6D003001C3300D1DAE6002C97DAC8
:1090800019E70125B06801310130294310F004F9D6
:10909000002900D0D2E61691300016A91795FDF7E9
:1090A00061FD0B90002800D0C8E63800FFF724F8D7
:1090B000041E00DAFFE6FB6E1C1ADB089C4200D897
:1090C000BCE6099B310002930B9B380001930A9A7E
:1090D000229B0096FFF744FE041E03D003001C33BE
:1090E000CCD1ABE60995A9E632000B9B23CA23C37A
:1090F00023CA23C303CA03C30B9B0D9A934227D0F1
:10910000024B0A999C461EE001040000FF04000087
:109110009B8602100CFCFF7FB16C021000FC0F401C
:109120000D686800400D604548D12B039B0D9342AC
:1091300036D1099B9B79022B04D00123099A5B420B
:109140009360D3600831099B9A880F9B9942E7D1BD
:10915000099B9B880C93099B9B8B0E930E9A0C9BEF
:10916000934200D23AE7099BDB7F002B00D135E721
:109170003900099B2031203318001D00FDF7F2FC57
:10918000002804D00E9A0C9B9B1A099A93802A00FF
:1091900038000B99FEF7FCFB0028D9D004008AE6C2
:1091A0009342CFD2099B013A9A809B79022BC9D175
:1091B000099B9B6A013B099A9362C3E7084B98425B
:1091C000C0D12B039B0D9342BCD8099B01329A80DE
:1091D0009B79022BB6D1099B9B6A0133EBE7C04612
:1091E00001040000F0B505000E009DB0876A0292F0
:1091F0000393002F52D132003368049373680593B0
:109200000CAB13CA13C313CA13C303CA03C301931A
:10921000039B320000932800029B0CA9FFF7DEFDA0
:10922000041E67DB300004A9FDF79CFC002807D171
:1092300033000CAA83CA83C383CA83C303CA03C38C
:10924000022C25D12A00310028004832FDF7CCFE3F
:10925000041E4FD1C022149BD2000493159B14A965
:109260000593F37D01909B188C4A1B0513430893CB
:10927000012328000093183608AB04AA0996FFF7CB
:10928000ADFD041E36DB202214A90CA814F0E2FC6C
:1092900000230393012C00D18AE0ABE038000830B2
:1092A000B04201D13F68A4E73100FDF75BFC002824
:1092B000F8D1BB79012BF5D180223B6B52031342CD
:1092C000F0D0AB6EFA6A9B6A9A42EBD97B6B39009D
:1092D000FB63EB6E28002B66FEF7B4FF041E09D17A
:1092E0003B6B6F4A3900134028003B63FFF7DCF902
:1092F000041ED7D020001DB0F0BD310004A80831F5
:10930000FDF730FC002801D1B760F460B379022B7F
:1093100008D1310004A82C31FDF724FC002801D12C
:10932000F762346336684FE001212800FDF7EAFC5C
:10933000071E68D1280014A93030FDF748FC5949B0
:109340000B0000280DD02A6B5748130302402A63F4
:1093500022039B0D6E63AE63920D9A4201D9534A6C
:10936000A418159A149E02920792069600228B4228
:1093700002D04F4A9B021A43002309930193023300
:1093800008920A94009328000CAC08AB06AA14A912
:109390000B94FFF723FD071E35DB012831D1029B1B
:1093A0002022200014A90496059314F053FC03977F
:1093B000290004A82031FDF7D5FB0C9F0D9C002847
:1093C00001D12F626C62AE6A002E96D1280014AAD9
:1093D00004A9FEF79DFA041EA6DA831C00D089E7D3
:1093E000280014AA04A9FEF7DFFA041E0DD0831C7E
:1093F00000D07FE70024039BA34200D17AE7033427
:1094000078E70126ECE73C0074E72B6B9B053DD128
:10941000280014A93030FDF7DAFB22490B000028A0
:1094200008D02A6B2048130302402A6300229B0DB8
:109430006A63AA63149A0492159A059200228B42D9
:1094400002D01B4A9B021A435F210892002202AB02
:109450005B18C02109921B78C9005B180F491B05D6
:109460000B430A9302230192009328000CAE08AB31
:1094700004AA14A90B96FFF7B1FC041E00DA39E721
:109480002022300014A914F0E5FB03E72800714204
:10949000FDF738FC041EBBD02CE7C04608FC0F00CB
:1094A000FFFFEFFFFF030000FF03008000FCFFFF52
:1094B0000000F04FF0B5036BA3B09B0504000391CF
:1094C000980D002B35D000251C2200210AA814F08D
:1094D000BBFB372202AB9A180123002613701193AD
:1094E00010A8FDF735FB00280BD0002EEBD101357D
:1094F000022DE9D1216B2000494249B2FDF702FC5F
:1095000017E012AF3900200010AAFEF741FA002838
:109510000FD1372202AB9B181B78002B00D073E0D1
:1095200020001AAA10A9FEF7F3F9002838DA831CE4
:1095300066D023B0F0BD914246D1059A42E0226B3D
:10954000344913030A40226300226263A263324A51
:109550009B0D93423FD09A02304B13433CE0039B58
:10956000002B51D02200390020004832FDF73CFD8D
:109570000028DED1C022FB7DD2009B18284A1B05A3
:109580001343069318AB079320002B0006AA0AA9E1
:10959000FFF728FE0028CCDB0328A1D1039E9FE71C
:1095A000002D31D104AB00931E4A03001AA92000FC
:1095B000FDF70EFD0028BCDB0499109B119A99421F
:1095C000B9D1059B93421FD020000AA93030FDF786
:1095D000FEFA0028B3D10023069300230793124B11
:1095E0002000089304AB099306AA02230AA9FFF7F7
:1095F000F9FD00289DDB032800D071E701266FE705
:10960000002D01D0012DAAD0202212A90AA814F001
:1096100021FB65E7FF030080FF0300000000F04F1F
:1096200008FC0F0000FCFF7F08FC0F6010B5040071
:10963000FFF7D8FD002804DB03D000212000FFF74E
:1096400039FF10BD73B5140002000E00483221002E
:109650000500FDF7C9FC00280FD1C022E37DD20030
:109660009B18064A1B0513430093183401236A46CE
:10967000310028000194FFF7D9FF76BD08FC0F00E8
:10968000F0B580270B6B3F0305000C0089B03B420F
:1096900058D1FFF709F8266B002803D0374327631A
:1096A00009B0F0BDF3034DD5230008331800019332
:1096B000FDF74EFA002845D1802733007F033B4059
:1096C0003E4220D0E36CE06A1F49A288090592025D
:1096D000104301430491216D05938B6828001A43C0
:1096E00081235B05134306934B6804AA07930199F2
:1096F0000223FFF79BFF236B002820D08022120358
:1097000013432363CCE70122290052422A60280038
:109710002A001031FEF70DFD0028C1D1A86E0369A3
:1097200098470028BCD1236B3B42CBD1220002AB2F
:109730001900283241CA41C108200449C5E7044A3A
:10974000134023630020ABE7010200000202000087
:10975000FFFFFEFF10B5036B040090B09B0523D5FF
:10976000020008A92032FEF713F9002826D1244A66
:1097700002AB0292A26E0193D26901230392E26EC0
:1097800020000492226F08A90592626F0692A26FD0
:1097900007921C4A00926A46FFF748FF00280DD145
:1097A000236B194A13402363E022E36BD2001B0DA5
:1097B000134205D101212000FFF77CFE10B010BD3F
:1097C00022002000403208A9FEF7E2F80028F5D177
:1097D000226B0E49E36B0A401B039B0D22630C4A6C
:1097E0009B0213436063A063029303900123200054
:1097F00002AA08A9FFF71AFF0028DBD0DEE7C0465F
:109800000100020018001020FFFDFFFFFF03008091
:109810000000F04F70B596B00500FEF7FDFF041E86
:109820004AD1AB6E2100DA6A686E14F00DFAAB6EA5
:10983000EA6EDB6A6C65DB00934200D91300AB650E
:1098400000230EAE31002800EB652A66FEF716FCF9
:10985000041E31D11A4A02AB0292AA6E0990D26953
:109860000D930392EA6E032304922A6F310005924E
:109870006A6F28000692AA6F0792124A0892124A4B
:109880000A92124A0B92124A0C9208AAFFF7CEFED5
:10989000041E11D103000200B07531002800FFF74B
:1098A000C5FE041E08D1012300906A46310028003D
:1098B0000193FEF76DF80400200016B070BDC0469D
:1098C00001000200000010400800F00FCF47041014
:1098D00018001020F0B59BB00400FEF79DFF051E98
:1098E0005CD101001C2212A814F0AEF9012308AFCC
:1098F0003A001993484B43CB43C21B68136018A826
:10990000FDF726F9061E14D0226BD30F9B18236394
:109910002200230030323C3343CA43C3E66EE06A80
:1099200031000FF0B9FC00236165A365E36526668D
:1099300034E0390012A8FDF7C5F900282DDB374ABD
:1099400005AB069208220393354B07920293354BE1
:10995000200000930196344B18AA12A90594FDF734
:10996000B7FD002819DB4CD080058015013048D0A8
:10997000129B0CAE2362139B200063622A4A2B4B7E
:10998000009612A9FDF724FB002806DB0C9B99B278
:109990001B0C022B05D016204042050028001BB0EE
:1099A000F0BD0129F7D8236B214A134001224A4018
:1099B000520213432363F368002B03D0226F9342B8
:1099C000E9D823673369002B03D0626F9342E2D852
:1099D00063677369002B08D0A26F9342DBD8E26FF4
:1099E000A3679A4200D91A00E267A36EB268196AA7
:1099F000002901D09142CED1E266DB6972689A42B9
:109A0000C9D122002000303212A9FDF7EDFA00285A
:109A100000D174E7C1E7C046CCCA0410CF47041098
:109A2000D57B02100800F00F00FCFF7F180010200B
:109A3000FFFDFFFF00207047F0B599B004000391CF
:109A4000FFF788FE002842D1030003AA200006A9E0
:109A5000FDF7DEFF00283ADB2B4B0503AD0D9D42E1
:109A60004ED0A36A0EAF0E93AD02000D04AE0228D5
:109A70001ED1264B2000264A2B43009606A9FDF74F
:109A8000A7FA002823DB3200200010A9FDF780FF91
:109A900000281CD1159A1F4B27201A4231D10121D1
:109AA0002000FDF72FF9002811D1B871B880A76206
:109AB000194B32002B43049300232000736006A946
:109AC0000133FFF7B3FD0E9BA362002801D019B04C
:109AD000F0BD236B9B05FAD0012120004942FDF720
:109AE00011F90028F3D1200006AA10A9FDF75CFFA8
:109AF0000028ECD1200010AA06A9FFF7A3FDE6E795
:109B000016204042E3E7C046FF03000008000020A3
:109B100000FC0F70FFFF00FF0000F04FF0B5B1B088
:109B2000050008910992FFF715FE041E00D08CE095
:109B3000030008AA28000CA9FDF76AFF041E039081
:109B400000DA82E0884F0603B60DBE4202D1162429
:109B500064427AE00E2304AA9B18280009AA14A9DB
:109B6000FDF756FF041E69DB03039B0DBB42EED0DD
:109B700014A90CA8FCF7F6FFAB6A04901C93A31C75
:109B800000D06AE0099F7949380017F077F93B5C0B
:109B9000002B04D0039B1B0D022B00D0DCE02B6FAD
:109BA000834200D2DAE0049A04ABDB89002A4FD06A
:109BB0002B6B6F4A1340B20213436E4A13432B635D
:109BC0000C9B6B630D9BAB63023400D080E03400D0
:109BD000002326930E23002204A95B181F88664BDE
:109BE000BF023B432893099B6049180027922992A2
:109BF000059317F043F9039B049A1B0D1B053B4388
:109C000003432A93059B37432B935C4B3B432C9395
:109C100000230CAF2D979A4202D1564BA402234346
:109C20002E93002328002F9326AA053314A9FFF7AB
:109C3000FDFC041E59D01C9BAB6206E0831C04D1C2
:109C40000998FDF709FA002892D1200031B0F0BD43
:109C500000249E4264413419BAE70399220D090D8C
:109C60008A4205D0023A531E9A41153A1400ECE795
:109C7000049904ABDB89002972D19E4201D10024F2
:109C8000E3E7022A24D19A023D4B2800134326AA77
:109C9000009214A93B4AFDF79BF9002823DB28001A
:109CA00026AA1EA91CAFFDF773FE00281BD1239A1C
:109CB000354B1A4215D101212800FDF723F8002861
:109CC00011D1049BB871B880AF62002B00D06FE750
:109CD0000E2304AA9B181A88264B920234001343C1
:109CE00077E7272040420400AFE7049A2B6B002A55
:109CF00017D0E0211A0DC9000A4212D01C4A68632D
:109D000013402B63B3021B4EA8631E430B90012329
:109D1000390028000AAA0A96FFF788FC041E00D022
:109D200089E71C9BAB622B6B9B05A8D00121280007
:109D30004942FCF7E7FF041E00D086E7280014AA7A
:109D40001EA9FDF731FE041E00D07EE728001EAAE2
:109D500014A9FFF777FCC6E71424F9E62424F7E6F4
:109D6000022A90D024E7C046FF03000037130410F6
:109D7000FF0300800000F04F0000104000001010B2
:109D80000800002000FC0F70FFFF00FF70B58AB0D4
:109D900001911600002301AA02A90500FDF738FE73
:109DA000041E10DB2F21019816F00CFE002802D0B3
:109DB000230D022B0AD1220333002800920D02A9A1
:109DC000FDF75EF9040020000AB070BD142464425F
:109DD000F9E7000070B58CB014001E000391002359
:109DE00003AA04A90500FDF713FE002823DB144B8A
:109DF0000003800D984207D12A002800203204A9D0
:109E0000FDF7C6FD002816D1C023AA6F9B0010994C
:109E1000E3181B058A4200D90A001343800203435A
:109E2000084A2800009604A9FDF7D2F8002804DAB1
:109E3000831C00D13B380CB070BD8005800DFAE763
:109E4000FF03000000FCFF7FF0B51F008DB006008F
:109E50000D000592BB0731D4129B30002B65002307
:109E60006B63EB63EB642B000833039303992F635D
:109E70002B1D05AAFDF7CCFD041E08DA831C00D0BB
:109E800075E00598FDF7E8F8002800D16FE00123A0
:109E9000AB71B36A2B60B562A31C49D1FF0566D5CF
:109EA000059C6A49200016F0E9FF225C002A3DD19A
:109EB000336F834209D22424644258E0FFF74AFCFE
:109EC000041EC9D020000DB0F0BDAB8860499B02D4
:109ED0001943069180215F4F1843490301433B43D7
:109EE000079208910A930B9203233000039906AA64
:109EF0000994FFF79BFB030004001C33DBD0002810
:109F000035D13C0000272B6D9A6897423DD31B68E2
:109F1000EB64002B6BD02900B06E4031FEF7FEF8E9
:109F20004D4A230D934264D00024CBE71424C3E7A9
:109F3000BB0500D584E0240D012C00D082E0AA8866
:109F400092027F0507D58023424C5B0214432A6BA3
:109F500013432B63D6E7414B300013432A002832CA
:109F6000009203993E4AFDF733F8041ECADA8023B3
:109F70002A6B1B031343290030002B63FFF780FB80
:109F800029003000FCF732FE9CE701212A6B0A42CF
:109F900005D1296B2B6D8A071CD40137B3E70C213F
:109FA000C02079435A68AB88521891689B020B43D2
:109FB000117880005268091809050B43009230009F
:109FC000284A0399FDF704F80028E2DA831CE0D060
:109FD0000400CCE70C227A435B689B189A68B36F45
:109FE0009A4231D880235B020B432B63D5E70C24C4
:109FF00062E78023296B5B030B432B630023022260
:10A000006B64B36EA4059B6A5242A40DAA62EC6213
:10A010002A64AB6488D0AA88134992028B4200D983
:10A020000B001A4380239B051343EA6C3000009217
:10A0300003990B4AFCF7CCFF041E00DB74E796E79C
:10A04000112439E7152437E71C2435E737130410AA
:10A050000000104000001020010200000800002055
:10A0600000FC0F7000FCFF7FFE03000070B50D00C8
:10A070000400FFF705FB060029002000FCF7B6FDF1
:10A08000300070BD10B5FFF7FBFA10BDF8B51F002A
:10A090000B6B05000C0016009B0306D43B0032003E
:10A0A00021002800FDF718FEF8BDFEF7FDFA002894
:10A0B000F4D0F9E710B5FEF76BFB10BD10B5FEF755
:10A0C00011FC10BD486B7047F0B5A9B005000391B5
:10A0D000FFF740FB041E12D1AB6A28001E9302ABAF
:10A0E000023303AA20A9FDF793FC0400831C09D1C5
:10A0F000039B18000093FCF7AFFF002807D1200056
:10A1000029B0F0BD0028FADB11246442F7E73C498E
:10A11000009816F0B3FE2B6F019083426DD3EB6E67
:10A1200028002B6606A9FDF7A9FF041EE7D10EAE95
:10A130002022300020A913F08DFDF37D14AA002BFE
:10A1400054D1304B059204932800012304AA06A998
:10A15000FFF76CFA041ED2D11EAFFB7F002B1DD07F
:10A1600001212800FCF7CEFD041EC8D1254BB87193
:10A17000169306ABB8801793310001232800AF6215
:10A1800016AAFFF753FA1E9B041EAB62B7D101213A
:10A1900028004942FCF7B6FD041EB0D102AB5B8833
:10A1A000194A9B021A431692002280211792019AA3
:10A1B00089031A430A431892009A28001992134AF5
:10A1C000134306AA1A931B921EABDB7F1D92591EE6
:10A1D0008B410F495B420B400A4916AA5B181C933E
:10A1E00020A90423FFF722FA040088E731002800A1
:10A1F000FDF7CEFB041EA0D081E7242485E7C046EE
:10A200003713041008FC0F60000010400800002005
:10A21000F803F09FF0B50E0087B008360C000392EB
:10A220000023310003AA0500FDF7F2FB00282ADB1A
:10A23000030D022B29D1164B0003800D04AF984269
:10A2400016D12B6A04936B6A7B603A0031002800B8
:10A25000FDF79EFB002816D1A368A080E362E368A7
:10A26000A06223630223A371AB6A2360AC620AE09D
:10A27000084B8002034331002800074A0097FCF78F
:10A28000A7FE0028E1DA07B0F0BD14204042FAE74B
:10A29000FF0300000800002000FC0F7010B5FCF761
:10A2A000A5FC002010BD0000F8B5150084220C00AC
:10A2B000060000212800520013F0C6FCA36A002B00
:10A2C0000BD1023318492B702800083016F024FEF9
:10A2D0000120A36A0133A362F8BD0227012B02D13A
:10A2E00012492F70F0E7A288A38B9A420CD1E07F2D
:10A2F0000028F1D022002100300020320831FDF783
:10A3000047FB0028E8D1A08021002B003000A28864
:10A310000831FCF7B5FE831CBB43DDD1A3880133B4
:10A32000A3800230DFD0D3E71F180410EB470410DE
:10A3300010B50123FDF790FD10BD000070B50F258D
:10A340000A4C8A18914200D170BD0B78060958401A
:10A350002840800000591B09464073402B409B0059
:10A360001B59300958400131ECE7C046DCCA0410E3
:10A370004278037812021A438378C0781B0413438F
:10A380000006184370470B0A017043700B0C090E4E
:10A390008370C1707047026A0239023A03000020DC
:10A3A0008A4203D99A89586B5143081870470100B3
:10A3B000030000200B314208C0010243187801332A
:10A3C0001018C0B28B42F6D1704773B504000D006F
:10A3D000002803D1092000232B6076BD0368002BE1
:10A3E000F8D01A79002AF5D081881A899142F1D1E2
:10A3F0006A46D61D320018680621FBF7C3FD01220C
:10A40000337813401843C0B20028E3D12368E3E750
:10A4100070B583790400002B19D005003C35012369
:10A42000826B29000068FBF797FD012300280FD1FC
:10A43000A26BE16AA071606A511A814207D2617908
:10A44000022904D1121829002068FBF785FD00239A
:10A45000180070BDF0B50026036885B08E750393B3
:10A46000836907000C00B34200D188E0C36A01335E
:10A4700063D100231A00FD69681E0132815C202926
:10A480000DD0052900D1E031092A05D10B2B03D8C5
:10A490002E27E61877720133E618717201330B2A02
:10A4A000EBD10021E2185172A27D8A4256D18B4233
:10A4B0004AD023001020093308311A78002A60D1CD
:10A4C0001B1B093B43E0019A002A07D1A0228021EF
:10A4D00092019A1892B209018A4215D3FF22B6213D
:10A4E000521B0292019AFF311004184302F0FAF94C
:10A4F000FF2819D9029B012B22D96319020A9A75E8
:10A50000D8750223ED18002302360193039B1B69C3
:10A510009B5B002BD7D1019B5A4253415B421D40AC
:10A5200000236519AB75A4E7002809D0029B002B16
:10A5300008D0631998750123E4E735000196E5E733
:10A540000025E8E7029DE6E73F23A3753E3B002296
:10A55000E3189A752B7B934200D163722800EB7A43
:10A560001C302372FFF704FF2060EB7DAA7D1B02E5
:10A570001343E3806B7E2A7E1B021343A38005B046
:10A58000F0BD2E2A0AD01600413E192E03D82E7B8C
:10A590000E4200D020325A7301338EE70100FAE7F1
:10A5A00093B21B0A8A76CB760379032B03D1120C64
:10A5B0000A75120A4A757047836B70B504000D0066
:10A5C00000208B4211D02000FFF722FF00280CD181
:10A5D000210001232A0020683C31FBF7ADFC002854
:10A5E00002D0012501206D42A56370BD002370B526
:10A5F0008371013B83630500FFF7DEFF041E25D155
:10A60000154BEA5CEB185B781B021343134A934229
:10A610001ED12B003C331A7813001833DBB2012B08
:10A6200001D9EB2A16D1280003220D49723016F009
:10A6300001FB002808D0280005220A498E3016F0B8
:10A64000F9FA431E98414400200070BD0424FBE742
:10A650000324F9E70224F7E73A02000055AA0000B4
:10A66000EE470410F2470410F0B5040001262379E8
:10A67000B1430D0000688DB0002B11D006ABDA1D80
:10A680000621FBF77FFC06ABDB79334208D1002DB6
:10A6900001D05B0702D400200DB0F0BD0A20FBE71B
:10A6A0000023237106ABDA1D05212068FBF76AFC45
:10A6B00006ABDB790320DA07EED4002D01D05B076F
:10A6C000ECD400212000FFF791FF022828D12500BB
:10A6D00008AE3700844BFF35E318FF3501930020A7
:10A6E0002B78834202D0281DFFF742FE019B1035D4
:10A6F00001C69D42F3D100250326AB00FB58300074
:10A700000193002B05D019002000FFF76FFF0128EF
:10A710000ED90135042DF0D1042807D10120BBE763
:10A720000428FBD000230193012801D90D20B3E7B1
:10A73000230080224733197801331B7892001B02D3
:10A740000B439342F2D1230052331A785B781B02F9
:10A750001343029304D120006030FFF709FE0290FA
:10A76000029B636223004C331D786B1E6571012BC5
:10A77000DCD8230049331E78A681002ED6D0731E64
:10A780001E42D3D123004D331F785B781B021F4339
:10A7900067813B07CAD123004F3358781A780002EB
:10A7A000104303D120005C30FFF7E2FD23004A3361
:10A7B0001A785B781B0213430493B7D0029B049A68
:10A7C0006B4305933B099B18059A9B18039398428A
:10A7D000ACD3C51A310028000EF05EFDB542A5D3FA
:10A7E000424B9842A2D8424B0326984204D8414E8D
:10A7F0008642B64176420136019B851C9C460498F0
:10A80000A362039B604463442562E0626363032E9A
:10A810005AD1230066331A785B781B0213433B43FB
:10A8200084D120006830FFF7A3FDAD00324B2063D8
:10A83000ED18029B6D0A9D4200D977E701235B4228
:10A84000A36163618133E371032E33D123006C3341
:10A850001A785B781B021343012B2BD1019920003E
:10A860000131FFF7A9FE002824D1244BE071E25CFE
:10A87000E3185B781B021343214A93421AD120004C
:10A880003C30FFF775FD1F4B984213D188239B0086
:10A89000E018FFF76DFD1C4B98420BD189239B00FC
:10A8A000E018FFF765FD8A239B00A061E018FFF721
:10A8B0005FFD6061154A2671138801339BB21380D6
:10A8C00023810023E361E6E6002F00D12EE7059BFC
:10A8D000C018022E01D16D00A8E7032301226B43AB
:10A8E00015405B085D19A1E73E020000F5FFFF0F70
:10A8F000F5FF0000F50F0000FF0100003A02000024
:10A9000055AA00005252614172724161F83500202F
:10A91000F0B507000D001400022685B0012945D9C5
:10A92000036A8B4242D903790093B34248D0032B88
:10A9300059D0012B3AD14B085B180193590AC36ACD
:10A94000C918FFF739FE061E30D13B003C33029395
:10A95000019B029A01330393019B0099DB05DB0DF8
:10A96000D318009A2A400192E2B20D4205D00F207E
:10A970001978120101400A43D2B21A700123BB7147
:10A98000039B3800590AFB6AC918FFF715FE061E1B
:10A990000CD1039B029ADB05DB0DD318019A002A28
:10A9A00007D02409E4B21C700123BB71300005B04C
:10A9B000F0BD0F211A78240A8A430C401443F2E7B1
:10A9C000C36A090AC918FFF7F7FD061EEED1FF2278
:10A9D0003B006D0052003C3315405D192C70A4B251
:10A9E000240A6C70E0E7C36AC909C918FFF7E4FDDF
:10A9F000061EDBD1FE223B005200AD003C33154069
:10AA00005D192800FFF7B4FC2101000F00070909B8
:10AA100001432800FFF7B7FCC6E7F8B505000E00B4
:10AA2000FFF7F6FC04000120002C15D131002800AE
:10AA30002F00FFF7B0FC80223C370600A8632100FE
:10AA40003800920013F000F9AB899C4205D3A88925
:10AA5000001B431E9841C0B2F8BD0123390028688D
:10AA60003219FBF779FA0028F1D10134ECE7000044
:10AA700070B50400FFF7CCFC051E45D1234A63687E
:10AA80001340234A934237D1260080223C360100EE
:10AA90009200300013F0D8F855221E4B4121E254A9
:10AAA0001D4B9218E2542200EA3BFF3B3D323370CB
:10AAB0001370230061223E3388201A70597072236C
:10AAC0008000235415482354154BE154154BE25490
:10AAD0000133E018A169FFF756FC8A239B00E018B8
:10AAE0006169FFF750FCA26A01230132310020683E
:10AAF000A263FBF731FAE571002220681100FBF731
:10AB000041FA431E9841C0B270BDC046FF0000FF2D
:10AB1000030000013A0200003B0200002102000095
:10AB20002202000023020000CB7E0200887E1B026E
:10AB30001843032A05D14B7D0A7D1B0213431B04D6
:10AB400018437047F7B5012605000C00B14214D92F
:10AB5000036A994211D20379022B2ED0032B40D0E5
:10AB6000B3420AD14F08C36A7F18790AC918FFF7A0
:10AB700023FD002803D0012676423000FEBD7B1C59
:10AB8000FF05590A0193FF0DEB6AEF193C372800C6
:10AB9000C9183F78FFF710FD0028ECD1019BDB05B9
:10ABA000DB0DEB183C331B781B023B43344201D0D6
:10ABB0001E09E2E71B051E0DDFE7C36A090AC91873
:10ABC000FFF7FAFC0028D6D1FF2364005B001C408D
:10ABD0002C1923003D3426783C331B7836021E4363
:10ABE000CBE7C36AC909C918FFF7E6FC0028C2D140
:10ABF000FE23A4005B001C403C352819FFF7B8FB7E
:10AC000006013609B9E7F8B50C0006001100056821
:10AC1000012C2DD92B6AA3422AD9002A06D0012261
:10AC200028005242FFF774FE002807D12100306847
:10AC3000FFF788FF2700041E01D10020F8BD01287E
:10AC400016D0431C16D0002239002800FFF760FE02
:10AC50000028F3D12A6AAB69911E8B4205D20121EB
:10AC60000133AB61EB790B43EB71A242DED8E4E731
:10AC70000220E3E70120E1E7F7B5056801900091C4
:10AC800000290AD16F69002F18D02B6ABB4215D951
:10AC9000AB69002B14D1002407E028000099FFF7CE
:10ACA00051FF0400012802D801242000FEBD431CEE
:10ACB00057D02B6A009F8342EAD9F6E70127E7E7DE
:10ACC000009A2B6A974214D17C1C9C4200D3022428
:10ACD000019B21001868FFF735FF0128E4D0431CD1
:10ACE0003FD000281CD06E69012E02D92B6A9E42EB
:10ACF00000D33E0034002B6A0134A34202D8012E57
:10AD0000C9D00224019B21001868FFF71BFF00280F
:10AD100008D00128C8D0013023D0B442EBD1BAE723
:10AD2000002CE6D00122210028005242FFF7F0FD5E
:10AD3000002814D1009B002B0AD12A6AAB69023A81
:10AD40006C61934210D90123EA791343EB71ACE7AC
:10AD5000220028000099FFF7DBFD0028EDD0012834
:10AD6000A2D101246442A0E7013BAB61EBE7802361
:10AD7000F7B5076904002037066801919B039F42DD
:10AD800001D300238361A369002B0FD0FA05D10DF5
:10AD90000091002A3BD161690133A361002907D1E9
:10ADA00072897B09934232D30023A3610420FEBD44
:10ADB000B3897A0A013B1A4229D13000FFF7C2FE5B
:10ADC0000500012801D80220F1E7431C01D1012030
:10ADD000EDE7336A834214D8019B002BE4D02000B6
:10ADE0006169FFF749FF05000720002DDFD0012D25
:10ADF000E9D06B1CEBD029003000FFF70EFE0028D5
:10AE0000E5D1290030006561FFF7C5FAA061009B1C
:10AE10003C36F61800202761E661C8E7F0B5036804
:10AE200085B00293FF2306001D0004240193B1693D
:10AE3000002903D1002C72D004245BE00298FFF7B4
:10AE4000BBFB041E56D1F0690378002BF4D03F21E0
:10AE5000C27A0A40B271E52B51D02E2B4FD0170089
:10AE60001F398F43082F4AD00F2A4ED13132134257
:10AE700043D09343417B1D0033690191F362437BCF
:10AE8000019A93423BD1C37E827E1B02134336D18B
:10AE9000029A0124126901789446402291430139B3
:10AEA000333A4A431F4903910399C95C475C4118EF
:10AEB000497809023943002C23D0FF2A1FD867465E
:10AEC0005400E1530C00013201330D2BECD1037817
:10AED0005B0607D5002C05D0FF2A10D80023614659
:10AEE00052005352013DEDB200213000FFF73FFF09
:10AEF000041E9CD00023B36111E0AB42BFD0FF25FC
:10AF0000F2E7094FB942DFD0F9E7002D04D1FFF78E
:10AF10004EFA019B984202D001235B42F36220006B
:10AF200005B0F0BDB8CB0410FFFF00008023F7B5DB
:10AF30009B0307000C000568994201D30220FEBD67
:10AF4000CB06FBD186680161002E18D12B79022B2C
:10AF500002D92B6B002B13D16A8963099342EDD27E
:10AF6000286BB8617E610028E8D0630AE4053C35AF
:10AF7000E40D1B182D190020BB61FD61DFE73300D4
:10AF80001E00AA8952020192019B31009C4203D209
:10AF90002800FFF700FAE4E73868FFF7D3FD060062
:10AFA000431C07D00128C9D92B6A8342C6D9019B0B
:10AFB000E41AE9E70120C2E7F7B50369C16A0400B2
:10AFC000056801934B1C18D1E52601272800A169CB
:10AFD000FFF7F2FA00280CD1E369019A1E70AF71F5
:10AFE000236993420DD201002000FFF7C0FE002824
:10AFF000ECD0042805D1023803E0FFF797FF0028C2
:10B00000E2D0FEBDF0B5036889B0002104000593CD
:10B01000FFF78CFF061E00D09FE001235B42E36236
:10B020000133FF331F000393A1690598FFF7C4FAAA
:10B03000061E00D091E0E5692B780193002B00D12A
:10B040008EE03F23EA7A01991340A371E52903D0EA
:10B05000120705D50F2B05D001235B42E3625CE0AC
:10B060000F2B61D123002B331A7840231A424AD187
:10B07000019A1A424ED06A7B0392019A9A4323693D
:10B080000192E3626B7B039AFF2793423BD1EB7EF5
:10B09000AA7E1B02134340D13F21059AF23F126959
:10B0A0001E0004922A780A40013A574301222D4B90
:10B0B0009B5DE95CEB185B781B020B430293002A53
:10B0C0002DD0FF2F29D8180001F03CFC7B1C0793E2
:10B0D000049B7F000690F85A01F034FC069B8342E3
:10B0E0001BD1029A079F01360D2EE0D12B785B060B
:10B0F00006D5002A04D0049A7B009B5A002B0CD161
:10B10000019F013FFFB200212000FFF730FE061E25
:10B110008AD022E0019B9F42B4D0FF27F3E7124B75
:10B1200002999942DFD0F8E7002F05D12800FFF7F8
:10B130003EF9039B984210D023002B331A78012349
:10B1400016001E401A4287D121000B222800203110
:10B1500015F070FD002800D07EE7300009B0F0BD8A
:10B160000426FAE7B8CB0410FFFF00000100F0B599
:10B170002B310B788BB001935F23019A07009A4320
:10B1800013000624002A54D1026800921269029327
:10B19000029B5B00D35A002B4ED13B0007AA203301
:10B1A00070CB70C20125019B2B4200D170E040237F
:10B1B0000B703A00009B2032196907AB50CB50C28C
:10B1C00010001A8802809B7883702B00052D49D8C7
:10B1D00007220F2605A81C003440210030313929F0
:10B1E00000D90731013A1418617019090F2B3BD8A7
:10B1F0007E233C00835400231F349A4203D0591C01
:10B20000605C202832D13800202405AE1F30210098
:10B21000072A01D8B15C01320133C154072BF6D99A
:10B220003800FFF7EFFE041E2CD10135642DC0D18C
:10B23000072420000BB0F0BD029B0133A7E71020CC
:10B24000023101265B001640F31880267602520870
:10B25000334200D0634001380028F2D10A88002A26
:10B26000EDD1B5E7564CF9E70B00B4E70B00C4E7A6
:10B27000060001213800FFF77AFD041E1BD0042CC4
:10B28000D6D0D6E70428D4D13B00019A2B331A70CC
:10B29000019B01259B0705D502980D210C300DF06F
:10B2A000FBFF45193B68002138000193FFF73EFE84
:10B2B000041EE4D10600B9690198FFF77DF9041E68
:10B2C000DDD1FB691B78E52B01D0002BD0D10136F5
:10B2D000B542CED16E1E012D56D0396973013800AA
:10B2E000C91AFFF723FE041EA3D138002030FFF750
:10B2F0005EF80290B9690098FFF75EF9041E00D06D
:10B3000097E7009BFA691B69FF210193F3B29C4602
:10B31000029B314053730F230139D372023B4B43DD
:10B320000100284C10739076D0760394264CA042EE
:10B3300003D0019C5800005B0133039C050A645C48
:10B34000141920706570002800D11F4801310D29A3
:10B35000ECD11D49884204D001995B005B5A002B57
:10B3600003D16146402319438C4663461370012381
:10B37000009A002138009371FFF7F9FC041E00D0F9
:10B3800057E7013E002EB5D1B9690098FFF714F9CF
:10B39000041E00D04DE720222100F86912F054FC71
:10B3A00039000B22F869203112F054FC1821FA6997
:10B3B0002B373B780B4013730123009A937138E7C6
:10B3C00021100100B8CB0410FFFF0000F0B50368A6
:10B3D00089B007930B7806000D002F2B13D05C2B40
:10B3E00011D0079BDB69B3602B781F2B00D909E1D3
:10B3F000330080222B33002130001A70FFF796FDB6
:10B4000009B0F0BD01352B782F2BFBD05C2BF9D088
:10B410000023E8E72F2817D05C2815D07F2809D80B
:10B42000B64B00E001331A78002A03D08242F9D1EA
:10B430000620E5E7FF2CFBD0039A6300D0520134CD
:10B44000E4E0069B01330693069B1B782F2BF8D074
:10B450005C2BF6D00025EAE0022C04D1039B5B882C
:10B460002E2B00D1E6E0039B991E05E08B5A202B82
:10B4700001D02E2B03D1013C6200002CF6D1002319
:10B4800003998B529C42D3D003995A008A5A1F00C9
:10B490000133202AF8D0002F01D12E2A02D1032314
:10B4A0001D43EDB2039B9A1E6300D35A2E2B02D08C
:10B4B000013C002CF8D120210B22701812F0C4FBA3
:10B4C000082304930023029301937B1C0593039BA1
:10B4D0007F00F85A002800D1E7E0202805D02E2868
:10B4E00008D1059BA34200D1D1E003231D43EDB257
:10B4F000059FEAE7029B049A934200D3CCE0059BA8
:10B50000A34217D1049B0B2B0AD1C9E0059BA34290
:10B5100006D003231D43059BEDB2A34200D9C4E02E
:10B52000019B05949B00DBB201930B230493033B27
:10B530000293DDE72F007F280ED90223B6211F4397
:10B54000FF31FFB201F0CEF9030610D57F236C4A1C
:10B550000340D05C002805D06A4B1A78002A25D019
:10B56000904221D103231F435F20FFB213E0FF2845
:10B57000F0D9049B029A013B9A4204D303231D4352
:10B58000EDB2049BD4E7029B020AF3180133DA7789
:10B59000029B01330293029B3D00F3180133D877DD
:10B5A000029B01330293A3E70133D6E70300413B3B
:10B5B0009BB2192B04D80223019A1A430192EAE79D
:10B5C0000300613B9BB2192BE5D80123019A203877
:10B5D0001A43019280B2DEE7002A00D010E705206E
:10B5E0000EE75B0751D4B379DB06F8D533690799C9
:10B5F000DB05DB0D3C31C918079B1879FFF794FA7E
:10B60000B060069D002433681B6903936B1C285DA2
:10B610001B190693002809D0B621FF3101F07EF9ED
:10B62000002800D104E71F2800D9F3E60425012CE7
:10B6300000D011E7039B1B882E2B00D013E70023BB
:10B6400020202E27039962005352311802009C4299
:10B6500000D93A00CA5401330B2BF7D115331D43DF
:10B66000EDB234002B3430002570FFF7CBFC23788B
:10B670000028B6D0042800D0C2E61A0002409B067B
:10B68000AAD5002ABDD0802323700020B8E6029BF3
:10B69000049A934200D235E7049B0B2B00D035E788
:10B6A00003231D430833EDB20493731CDA7FE52AAC
:10B6B00001D1E03ADA77049B082B03D1019B9B0070
:10B6C000DBB201930C22019B1340934203D0019BF8
:10B6D000DB439B0702D102231D43EDB2AB07C0D46D
:10B6E0001022019BDB07DB1713401D43019BEDB2CA
:10B6F0005B07B6D508231D43B3E7C046F8470410DF
:10B7000038CB041001480410002110B50171FEF778
:10B71000ABFF10BDF0B51E000923664C0500A54423
:10B7200017000C1E019300D1B4E0363333401900EA
:10B730000093FEF799FF019000285DD10EAB390010
:10B740002B6102A80295FFF741FE002806D12B23AA
:10B7500002AA9B181B787F2B00D906301C231E429F
:10B760004ED0002840D0042846D102A8FFF7FEFCA6
:10B77000002841D10823009A1A430092009B099E99
:10B780001B0747D531002879FFF7CEF9070002F0F3
:10B7900065FE010030000E30FEF7F5FD2022099B0A
:10B7A0002800DA7209990022FEF7FAFE0022099BAE
:10B7B0001A775A779A77DA770123AB7197420ED0CE
:10B7C000390002A8AE6BFFF71EFA002814D1310031
:10B7D0002800FEF7F1FE013F6F6100280CD14023E5
:10B7E000009A1A43009215E002AB9A7911231A428B
:10B7F0005BD17607C2D5082000230190236049E081
:10B800000028F9D102AB9B79DA064CD4B60701D5F2
:10B81000DB074AD4AB6B099E23626662287931004C
:10B82000FFF782F9A060070030001C30FEF7A0FD92
:10B83000E0600600002025602B896074A380009BD7
:10B84000E061237460619B0624D5864222D0666144
:10B85000AB895B0200939E420ED939002068FFF746
:10B8600071F9009B0700F61A012818D9431C18D05B
:10B87000009BB342F1D30020A7610028BCD1F3059F
:10B8800008D039002800FEF786FD00280FD0760A80
:10B890003018E06101988F239B009D44F0BD022089
:10B8A000EAE70120E8E70420A6E70720A4E7022052
:10B8B000A2E7C046C4FDFFFFF0B589B004930023A2
:10B8C0001500049A0191136007A90400FEF77DFD9D
:10B8D0000090002813D1637C0093002B0FD1227CB1
:10B8E00001331100194005911A4200D182E0E2684B
:10B8F0006769D71BAF4200D92F00002F02D10098F3
:10B9000009B0F0BD6269079ED3055AD1510A0800FB
:10B91000B389013B18400290194214D1002A06D184
:10B92000A068012808D8022363740093E7E7A1699F
:10B930002068FFF707F9F4E7431C03D10123637480
:10B94000059BF2E7A0613000A169FEF724FD002805
:10B95000E9D0029B1B18039380239B009F422ED3A8
:10B96000029A7D0AB38952199A4201D9029A9D1A04
:10B970002B00039A01993068FAF7DEFA0028DDD12E
:10B98000B379002B0DD0B06B039BC01AA84208D22C
:10B9900031008022019B400218183C31920012F0C5
:10B9A00059F96D02049B049A1B687F1B5B19136095
:10B9B000019B5B19019363695B1963619DE7039BBD
:10B9C000E361802365699B00ED05ED0D5D1BBD42C4
:10B9D00000D93D003000E169FEF7EEFD0028ADD151
:10B9E00063693C36DB05DB0D2A000198F11812F083
:10B9F00031F9D7E7072398E7F0B589B0059300231D
:10BA00001700059A0291136007A90400FEF7DDFCF8
:10BA10000190002829D1637C0193002B25D1237C40
:10BA20009B0700D4A8E06369DA19934200D9DF4389
:10BA3000002F16D06269079ED30500D080E0510A1E
:10BA40000800B389013B18400490194221D1002A13
:10BA50000ED1A16800290DD12000FFF70DF9011EBC
:10BA600008D14023227C13432374019809B0F0BD10
:10BA7000A169F1E7012903D1022363740193F4E77B
:10BA80004B1C01D10123F8E7A368A161002B00D171
:10BA9000A160B26BE3699A4204D13000FEF7B8FCB2
:10BAA0000028EFD13000A169FEF775FC0028E3D033
:10BAB000049B1B18039380239B009F4233D3049A5B
:10BAC0007D0AB38952199A4201D9049A9D1A2B0012
:10BAD000039A02993068FAF73FFA04900028D1D10E
:10BAE000B16B039BC91AA9420AD230008022029B83
:10BAF000490259183C30920012F0ACF8049BB37123
:10BB00006D02059B059A1B687F1B5B191360029BE6
:10BB10005B1902936369ED18E3686561AB4200D27B
:10BB20002B00E36084E76269E3689A4206D3300041
:10BB3000FEF76EFC0028A5D1039BB363039BE36172
:10BB4000802365699B00ED05ED0D5D1BBD4200D9AD
:10BB50003D003000E169FEF72FFD002892D1300052
:10BB600063693C30DB05DB0DC0182A00029912F036
:10BB700071F80123B371C4E707237FE7F0B585B0FF
:10BB800003A90500FEF721FC041E30D12B7C4027C1
:10BB90001C003C403B422AD002F060FC039B019019
:10BBA000296A18000093FEF707FD041E1FD1202309
:10BBB0006E6AF27A31001343F372AA682868FEF7BE
:10BBC000EFFC3000E9681C30FEF7DDFB3000019926
:10BBD0001630FEF7D8FB0123009AB474F4741000F9
:10BBE0009371FEF745FF04002B7CBB432B742000B0
:10BBF00005B0F0BD13B50400FFF7C0FF002806D163
:10BC0000200001A9FEF7E1FB002800D1206016BD4D
:10BC100070B5164C0E00A54400210500FEF724FD6A
:10BC2000041E0FD10CAB310068462B610095FFF765
:10BC3000CDFB041E15D12B236B441B787F2B06D91B
:10BC4000029BEB6120008C239B009D4470BD6B46E2
:10BC50009B79DB0607D528790799FEF765FFE86130
:10BC6000F0E70428EED10524ECE7C046D0FDFFFF45
:10BC7000F0B50E0000213D4C3170A5440700019243
:10BC8000FEF7F2FC029000281DD156AB3B61FB6928
:10BC9000019D04970693069B0393002B1AD1019BE9
:10BCA0009D4202D12F23013D73552B00721BF15C85
:10BCB000D154019901338B42F9D36B1C0122994273
:10BCC00000D34A1BB618002302983370D7239B0079
:10BCD0009D44F0BD202104A8FFF728F9041E25D1BA
:10BCE00038000A99FEF768FC041E1FD10B993879B9
:10BCF000FEF71AFF2100069004A8FFF717F9041EAB
:10BD000014D104A8FFF78AF8041E0CD138790B99D6
:10BD1000FEF70AFF039B98420CD0210004A8FFF70E
:10BD200026F8041EEDD0042C00D102240294CAE7A8
:10BD30001124FBE710A904A8FEF78CFB230010AA2E
:10BD4000D218927D1C000133002AF8D19D42EFD316
:10BD5000462104AB281BC9182200301811F07AFFC5
:10BD60002F23013D2D1B735595E7C046A4FCFFFF13
:10BD7000F0B587B00C0005A90500FEF726FB061EEE
:10BD800056D16E7C002E53D1EB68A34203D22A7C9D
:10BD9000920700D41C0000226B696A61944210D1A2
:10BDA00000206B69EA68934204D94022297CEB6049
:10BDB0000A432A74DB053BD0EB69834238D0E86143
:10BDC00036E0059A019297897F02002B25D0013B2E
:10BDD0003900601E02930DF05FFA3900039002985B
:10BDE0000DF05AFA039B834217D3029A7B421A4002
:10BDF000A9696A61A41A0029D2D06B69BC4221D812
:10BE00006B691B196B61E305CAD00198FEF7C3FA91
:10BE100000280BD0640A2018C3E7A96800290FD1B5
:10BE20002800FEF729FF0100012804D102266E74C4
:10BE3000300007B0F0BD431C01D10126F7E7A86030
:10BE4000A961D8E7E21B02920222DB196B612B7C0D
:10BE5000134206D02800FEF70FFF041E05D1010093
:10BE6000CEE72868FEF76EFE0400631CE5D0012CC7
:10BE7000DCD9019B1B6AA342D8D92100AC61029C8A
:10BE8000BBE771B505000C0016000920FFB00029C2
:10BE900029D000212800FEF7E7FB002811D16B46CE
:10BEA0002560310020002B61FFF790FA00281CD19B
:10BEB00023002B331B787F2B0BD8A379DB0603D40D
:10BEC0000520002323600EE02879E169FEF72CFEAF
:10BED000A0602B8900212000A380FFF727F8042809
:10BEE000EED00028EDD17FB072BD0428E8D0E8E79D
:10BEF00013B501A90400FEF768FA002800D12060FC
:10BF000016BD77B5FFB00E0001A90400FEF75DFA7B
:10BF1000002805D1002E05D101002000FFF706F80A
:10BF20007FB07EBD019B02AA1A612000FEF776FF5A
:10BF3000FB2305001D401842F2D131002000FEF71E
:10BF400089FA29002000FEF712FF0428E8D1280012
:10BF5000E6E70000F0B5124C0F00A54400210500F3
:10BF60001600FEF781FB0095041E12D10CAB3900C0
:10BF700068462B61FFF72AFA041E0AD12B236B4473
:10BF80001B787F2B0AD8002E03D031006846FEF7BD
:10BF900061FA20008D239B009D44F0BD0624F8E744
:10BFA000CCFDFFFFF0B585B0029100210400FEF743
:10BFB0005BFB051E07D1226AA3690092023A9342F5
:10BFC00004D8029A1360280005B0F0BD23790193CC
:10BFD000012B18D10227060039002000FEF7B2FD20
:10BFE000431C43D0012843D043425841236A0137C0
:10BFF0003618BB42F0D8029B1E600123E279A6618D
:10C000001343E371DFE707000600E36A0193002FA3
:10C010000AD1019B2000013301990393FEF7CCFA6A
:10C02000002827D1039B01932379022B13D1E31915
:10C030001A003D331B783C3212781B0213435A42DC
:10C0400053410237F618FB05DF0D009B013B0093BF
:10C05000002BDCD1CFE720003C30C019FEF788F977
:10C0600000014342584104373618ECE7019DC2E70E
:10C070000225C0E70500BEE7F0B52A4C0E00A54436
:10C0800002210500FEF7F0FA041E15D118AB3100AD
:10C0900068462B610095FFF799F9041E0CD12B23FC
:10C0A0006B441B789A063AD45BB2002B37DB6B46A5
:10C0B0009F79FB0705D50724200099239B009D4409
:10C0C000F0BD28790799FEF72FFD0600FF060BD477
:10C0D0006846FEF771FF041EEED1002E17D128002E
:10C0E000FEF7C6FC0400E7E7EB698342E3D02100DA
:10C0F0000E900CA80C95FEF719FF041EDCD10CA8BD
:10C10000FEF78CFE041ED6D00428D5D1E0E702004D
:10C1100031006846FEF777FD041ECDD1DFE7062427
:10C12000CAE7C0469CFDFFFFF0B5424C0E00A54497
:10C1300002210500FEF798FA041E6DD112AB310002
:10C140002B6106A80695FFF741F9041E00D16EE0A9
:10C15000042861D13B2302AA9B181A7820231100DE
:10C16000023419401A4257D102A80295FEF784FD05
:10C170000134061E06D0053C012803D0441C63424E
:10C180005C41E4B202F06AF90190002C49D131001F
:10C190002800FEF742FC041E43D128000A22202179
:10C1A0003D3011F051FD2C002B002E2710222800CD
:10C1B00047333C34277001991A705230FEF7E3F888
:10C1C000210032002800FEF7EBF920222100A418FC
:10C1D000200011F03FFD2B005D3321001F7028006F
:10C1E000089A2D3FFEF7DCF9AF7106A8FEF7BEFFF7
:10C1F000041E16D10D9801991630FEF7C4F83200CE
:10C2000028000D99FEF7CCF910220D9B2800DA7258
:10C21000AF71FEF72DFC0400200093239B009D448A
:10C22000F0BD0022310002A8FEF7EDFCF4E708247F
:10C23000F2E7C046B4FDFFFF70B53E4C0E00A544CA
:10C24000022104001500FEF70FFA00286DD120AB83
:10C250003100236108A80894FFF7B8F8002864D1DA
:10C260004B235F226B441B78063093435DD10F99BB
:10C270003F3A684611F0EEFC08A9302214A811F0EC
:10C28000E9FC290014A8FFF7A1F800284BD1169A61
:10C290000A9B08309A4248D1189A0C9B9A4244D182
:10C2A00014A8FEF763FF00283FD11B9E0D2130002C
:10C2B00013220D30694411F0CDFC6B46DB7ADA06AF
:10C2C00001D4202213430125F372A571F37ADB0612
:10C2D00020D50A9A169B9A421CD031002079FEF78D
:10C2E00023FC01002000FEF756F80100022000297F
:10C2F0001BD02000FEF760F9002816D123005D3323
:10C300001B782E2B06D121002000169A5C31FEF7F7
:10C3100047F9A57108A8FEF74FFE002805D12000B7
:10C32000FEF7A6FB01E00428BAD0A0239B009D44A1
:10C3300070BDC04680FDFFFFF0B51C0000230371F7
:10C34000036891B003930CABDD1D0E0017000521AF
:10C350002A000398F9F716FE2B780320DA071BD47E
:10C3600007305B0718D4032103980EAAF9F70AFED9
:10C37000002807D180210E9B09025A1E8A4201D251
:10C380001A4201D001230E93002F0AD0894B8A4A0A
:10C39000FB18934202D9132011B0F0BD7B1E1F423F
:10C3A000F9D11120002CF7D08023169A9B009A42D5
:10C3B000F2D3012103980FAAF9F7E4FD002800D079
:10C3C00082E2082333401A000893534253413F222C
:10C3D0005B420F9D1A400292954201D20E20DBE78C
:10C3E000029BED1A0F95152DF8D981235B029F4210
:10C3F000D1D2022332001A4009921E4232D00721C4
:10C40000032231401300022903D0023B3340D31AE8
:10C41000DBB20E9A7E0A511E52420A910B92032BF6
:10C4200069D0371E08D10127644B290B1A88002ACE
:10C4300002D002338A4271D9390028000CF02CFF57
:10C440005F4A030090426BD90233580002230093E5
:10C450005C4B0696C018430A019320233E000493C8
:10C46000012717E0F607D4D495E776080696310041
:10C4700028000CF011FF544A83009B185B0A0193BB
:10C48000524BC018524B9842A8D80023202704933F
:10C4900003330093029B019AFB180593049B0B99AD
:10C4A0009A18059BD2180A9B9B180B4000999B1A5F
:10C4B00003293CD10599FF18CB1805930299330144
:10C4C0005B1A9B189D4289D3049B3100E81A019B9B
:10C4D000C01BC01A0CF0E0FE009B0790032B2AD172
:10C4E0003C4B984200D983E1069B002B00D075E7B6
:10C4F000012EBAD872E70696002EB8D10126364B27
:10C500006A0C1988002907D00233914202D900230E
:10C510000693ACE77600F4E70691A8E77F0085E78D
:10C520000320584301304008012303308FE701996D
:10C53000CB180193C2E7009B022B00D051E1254BA1
:10C54000079A9A4209D9069B002B00D043E1770055
:10C55000402F00D936E13E0063E7194B079A9A4213
:10C5600000D945E1069B002B00D037E77600802EEE
:10C5700000D856E732E7200029002030FDF703FFFE
:10C5800059E101F06BFF010020002730FDF7FBFEB1
:10C59000019B8022A3756B4620009B880F491B0AD4
:10C5A000E375631DDA77573AE31DDA772B30163AD5
:10C5B00076E1C04600FEFFFF00FEFF001CCB04102A
:10C5C000F50F0000FF010000070200000A00FFFF56
:10C5D000FFFFFE0FF5FF00002ACB041028480410CF
:10C5E000009B032B3DD1029B21009A1D0398012340
:10C5F000F9F7B2FC802206999200200011F024FB8A
:10C600005223F220412272212370637040000F33C5
:10C61000A370E2702154E620FF3021547531FF31C0
:10C6200062542000E8220799FF32E930A35401390F
:10C63000FF30FDF7A8FEF62302225B00E25412331E
:10C64000E754A24B2100E554029B0398DA1D012315
:10C65000F9F782FC029B21005A1C03980123F9F789
:10C660007BFC169B00215D0A20006A0211F0ECFAA7
:10C67000009B032B5AD1F533237007336370A370EB
:10C68000E37023716371A371E37123726372A37208
:10C69000F03BE372019FAF4200D92F0021003B0025
:10C6A000059A0398F9F758FC011E00D00CE180228E
:10C6B0002000920011F0C8FA059BDB190593019B3D
:10C6C000DB1B0193E6D1009B032B00D10496049E53
:10C6D000AE4200D92E0033002100059A0398F9F7E5
:10C6E0003BFC002800D0EFE0059B9B190593049BC1
:10C6F0009B1B0493EBD1009B0C25032B0AD08023BA
:10C700000F9A5B02063D9A4204D2009B053D022B24
:10C7100000D10335089B002B15D00022039811008F
:10C72000F9F730FC431E9841C0B235E6009B20006B
:10C73000591E4B1E99414942654B090E0906C918FD
:10C74000FDF721FEA6E7802208999200200011F053
:10C750007BFAFF2355225B00E2545C4A553BFF3BCA
:10C76000A354C0230126FF33E6549B19E654023339
:10C77000E554029B0F9D5749E8180CF08DFDC4232A
:10C78000FE22FF33E254853B8208FF3B1343E22243
:10C790005200A354C623FF33E0542000C73002994F
:10C7A000FF30FDF7F0FD2000CB302900FF30FDF712
:10C7B000EAFD33002100089A0398F9F7CDFB002821
:10C7C000ABD081E0099B002B00D097E63E00802F84
:10C7D00000D831E602E6099B069E002B00D046E613
:10C7E000FCE53D4B079A9A4200D9F7E501230093F7
:10C7F000802200219200200011F026FA0B22200056
:10C80000364911F027FA02232373013B2374009B5E
:10C81000A773033B5A1E93415B00A3748023BFB2EE
:10C820003F0A6673E7735B029D4200D3A3E6E5749B
:10C83000ADB22D0A2575F82320006375B93B237628
:10C84000C033A37602991C30FDF79DFD009B032B9E
:10C8500000D096E601F002FE010020004330FDF713
:10C8600092FD200001992430FDF78DFD2300022266
:10C870002C331A702200002301212D3213705370C3
:10C880009370D1701371937105312300517180221F
:10C89000200040331A701249573A9A704730163ABE
:10C8A00011F0D8F9FF235527AA255B00E754074B61
:10C8B0002100E554FF3B029A0398FF3BF9F74CFB3C
:10C8C0000690002800D18BE6012065E5FF010000FD
:10C8D000F8FFFF00C13E0000F50F000008480410FB
:10C8E00014480410030080B27F2B13D9802200204B
:10C8F000520293420ED2B622FF3291420AD1064A28
:10C900001188994204D0013080B202328028F7D1D8
:10C910008030C0B27047C04674CE04107F280AD958
:10C92000B623FF33994207D1FF2805D8034BC0181F
:10C93000034B4000185A70470020FCE780FFFF7F40
:10C9400074CE04108023F0B55B020400984221D21B
:10C95000802283B21D495201934200D21C49FF2616
:10C960000A880800002A14D0934212D34588043163
:10C97000280A3540AF18BC4223DA082809D814F039
:10C98000E3FB050B11131517191B1D00A21A52000A
:10C99000535A1C002000F0BD01219A1A0A409B1A2C
:10C9A0009BB2F6E7103BFBE7203BF9E7303BF7E7AC
:10C9B0001A3BF5E70833F3E7503BF1E7054A9B18CC
:10C9C000EEE70028CCD16D004919C9E7C6CB0410A9
:10C9D00082CC0410A0E3FFFF030007B5042804D8AD
:10C9E0001900084802F050FE07BD0621064A6846B5
:10C9F00012F0BEF8442301006A4601311354684620
:10CA0000F0E7C0463C48041041480410F8B5244DF6
:10CA1000AB7DDB0727D52F687968012923D9BA6850
:10CA20004B1ED05C0A281ED1501E002B1CDC1C00A3
:10CA3000A1421ED8002B0BDD601C814208D1581E7C
:10CA4000002805D00138165C0A2E0CD0202EF7D015
:10CA50005218023AE41A1378A4083A3B5A42534156
:10CA6000E418013C0AD2F8BDC45C0A2CDFD0013BBB
:10CA7000DBE7105D2028DDD10134D9E7094E04221F
:10CA800031003800F0F732FB0421300002F0FCFDE9
:10CA900002222B6904332B61AB7D1343AB75E0E7B6
:10CAA000FC2300203748041010B520220021024842
:10CAB00011F0CAF810BDC046E420002070B5050092
:10CAC00000220A4C6B68A26022750800013A63607C
:10CAD00023612560E260A16100F0F4FC6B68002B2B
:10CAE00001D10133A375FFF791FF70BDFC23002036
:10CAF000F8B503780400002B1BD00E4F786F002888
:10CB000004D0210013F0C0FF002812D0200014F040
:10CB1000D5F9461C3000DDF750FD051E09D0320066
:10CB2000210011F097F81C220349044814F02AF858
:10CB30007D67F8BD70200020E4200020E820002060
:10CB4000F0B5B64C85B02368A5685A680600019216
:10CB5000042D00D9AAE1280014F086FA050003018B
:10CB60000B017501A401721E042A06D8626801999E
:10CB70008A426AD0012E00D171E1B01E13284FD82D
:10CB800014F072FA5801630081017B013C014E00F0
:10CB90004E004E004E001F004E004E0026014E007B
:10CBA00014004E004E004E004E004100E268062A7E
:10CBB00000DCF7E002220126A37D76429343A375B1
:10CBC00043E02169019A1800511AF0F794FB236899
:10CBD000019A5B68934203D20321914802F054FD0D
:10CBE0002268236951689068C91AC01802F04CFD88
:10CBF000236858682369C01A401BFFF7EDFE2369BC
:10CC00005B192361D6E7616822691800521AF0F7B0
:10CC100079FB26696368F61A0127002E3DDCD6E70A
:10CC20000D2E01D00A2E1FD1627D002A01D096421E
:10CC30000ED17C48667500F045FC2068F0F7D7FA05
:10CC400063682E00C018FFF753FF300005B0F0BD39
:10CC500000226275082E01D07F2E27D121696268DB
:10CC60009142A7D910000BE0002262751B2EF1D172
:10CC70000123A3609EE79E68365C202E14D101300C
:10CC80008142F8D101268A1A032A00DD03363200D8
:10CC90001800891BF0F736FB01273000FFF79CFED8
:10CCA00023699B1B2361E4E00126F0E7A27D920744
:10CCB0000ED5092E09D0202E46D1002703211800B9
:10CCC000A7751D3EF0F717FBE7E70023A37571E793
:10CCD000092E39D1019922699B68002919D09B1826
:10CCE000013B1878EEF774FF002812D04E4B053E3A
:10CCF00003930025039B21695A1C039269180122A2
:10CD000020681F78F0F7DEFA01350770B542F1D1DF
:10CD10005DE72068636821698068C91AC018434AC2
:10CD200003ABECF71DFE061E00D143E7431CE0D128
:10CD3000A06900F0C7FB2268636821699068C91A7E
:10CD4000C01802F0A1FC42E73200203A5E2A00D966
:10CD500030E7012218002169F0F7B4FA01250670C6
:10CD600035E704234F2E84D05B2E00D09EE00223B3
:10CD70007FE73200303A092A03D803232675A360DF
:10CD800018E7300000224138A260072800D911E7D7
:10CD900014F0AAF90CFF1E003400500010FF7300BD
:10CDA00010FF65002249501C1D3292008918496805
:10CDB000002900D1FEE6E060180062685A60F0F7D2
:10CDC00075FA2268636826695568F61AED1A23E732
:10CDD000E268002A00DAEDE6013A6168E260019A51
:10CDE0001800511AF0F787FAE368002BE9DB104AC4
:10CDF0001C339B00D21851682068E0E72569019B2D
:10CE00009D42AD416D42002D00DCD3E62368290030
:10CE100098682369C01802F037FCF0E6FC23002074
:10CE200046480410DA48041037480410086C04100F
:10CE300070200020226963689A4200D8BAE6002573
:10CE400001262F0029E77E2E29D1207D31380728A1
:10CE500025D814F079F9042418122424041200258A
:10CE60002F0026696368F61A0023A3609E4200DD46
:10CE700013E7002F00D0AAE6C5E700272569019B2C
:10CE80003E005D1BF0E72169019A914207D2012221
:10CE90001800F0F737FA002501272E00E4E70025F7
:10CEA0002F00FAE7462EE8D0482ED8D00023E0E63F
:10CEB00010B5FFF703FE02F0C9FBFFF741FE0028A3
:10CEC000F9DB10BD00B58BB0684601F005F9D02242
:10CED00012061268044B9200D3581968091A89087F
:10CEE000DCF73CFA0BB000BDB41B0020014B18600E
:10CEF0007047C046C811002010B5436800215B6828
:10CF000080689847E5F773FA10BDF8B50D6807001B
:10CF10006B680C005B680121A8689847E5F767FA21
:10CF20000600022F08D16B686068AD681F68E1F7E2
:10CF30004DFF01002800B8473000F8BD70B505006E
:10CF400014200C00DDF74BFB044B45600360062307
:10CF5000C36000238460037470BDC04674CF0410A6
:10CF600070B505000E008CB0062825D0002A21D00F
:10CF7000EEF780F8DCF7DCF96846E1F70BFE041EFB
:10CF80000CD131002800EDF7E5F8E1F7C3FDDCF73F
:10CF9000D6F9EEF785F820000CB070BD074C0849B3
:10CFA0002000DFF753FD200001240199E1F776FE10
:10CFB0006442ECE7EEF794F80024ECE7086C041008
:10CFC0004A48041010B581680400027CC068FFF76D
:10CFD000C7FF002806DA636800211B68A06898472D
:10CFE0000623E36010BD10B5040008001100002204
:10CFF000D3F796F92000FFF7E5FF062010BD0000EB
:10D0000070B506780400002E03D001256D4228007B
:10D0100070BD02F01BFBC31E0500012B0BD80121C4
:10D020000B48217002F030FB032DEED1094B0A486A
:10D030009E64E1F7C1FDA388013B9BB2A380002B56
:10D04000E5D10121054802F01FFB6388A380DEE7DC
:10D050004F49041070200020B02000209248041096
:10D06000037810B5002B09D101210170044802F0AA
:10D070000BFB02F0EBFA03380128FAD810BDC046CA
:10D080004F490410F0B5002791B0040004A80E0029
:10D0900015000597E1F77EFD0190B84269D108229D
:10D0A0002B001340154233D01020DDF779FAD0223F
:10D0B000120612683F4B9200D35822001B690100F0
:10D0C00043600300083341CA41C3019AA068D8F7FE
:10D0D00093FC04002B0602D40320FFF707FF200077
:10D0E000ECF7FCFF01204042FFF700FF0120EEF7C4
:10D0F00047F8E1F70FFD01210D4236D1012401214E
:10D100000D4202D02C4802F0BFFA200011B0F0BD51
:10D11000EA061BD5DE206268A168DDF70DFA04007F
:10D120002768012E06D10221D420FB001943FF30CD
:10D13000ECF70CFE3200210002A8EBF713FA6A07A5
:10D140003900D20F02A8D7F78BFCC2E76B0604D5D3
:10D150000ECCDE20DDF7A6F9E1E7AB06E0D5200036
:10D16000ECF7D2F9DDF7F5F9D9E7134802F08CFABC
:10D17000C4E701204042FFF7B9FE3800EEF700F89F
:10D180006B0602D5A3682068984701210D4202D0A2
:10D19000094802F079FA059B08491868EAF7ACFBE0
:10D1A000041E04D106480599E1F778FDA7E780241D
:10D1B0006400A4E7B41B00204F49041088750410D4
:10D1C000086C0410F0B58BB0202106A8EFF7A0FF83
:10D1D000384800F077F90023374C0793200000F01F
:10D1E00071F902F033FA01000138032843D813F033
:10D1F000ABFF02343F4707990229E9D1089B1A780F
:10D20000052AE5D15F78412F0BD02C4802F03CFA7B
:10D210000020802302005B001A40184226D10792AA
:10D22000DCE7274802F030FA80256B46012603210F
:10D2300068461D809E7002F027FA002201AB1A702A
:10D240005D809D8003931F4B3A0004931E4B310079
:10D2500003A80593FFF716FFDBE71C4800F032F93F
:10D2600006A8EFF77DFF0020194B18700BB0F0BD3A
:10D2700000230793B5E7C9B206A8EFF7C7FFB0E7E9
:10D280008024144800F01EF9079B6400002B07D18E
:10D290000E4800F017F906A8EFF762FF2000E5E757
:10D2A0001122012106A8FFF7EDFE204200D192E7EE
:10D2B000DCE7C046764804107E200410DCCF041062
:10D2C0009148041001D0021061D00210DA48041015
:10D2D0008C3700209448041030B587B02021D02529
:10D2E00002A8EFF715FF2D06414800F0EBF8414882
:10D2F00000F0E8F8404C200000F0E4F83F4800F06F
:10D30000E1F82A683E4B9200D25800230120138195
:10D310000393ECF743FA010002A8FFF7C9FD0138B7
:10D32000042849D813F010FF030F28131C00200015
:10D3300000F0C8F802A8EFF713FF01220020314BDC
:10D340001A7007B030BD200000F0BCF8CCE7200018
:10D3500000F0B8F802A8EFF703FF80204000F0E7E4
:10D36000294800F0AFF80023039302F06FF96B46F1
:10D37000C1B2D971032901D12000C0E704290AD123
:10D38000200000F09FF80121162202A8FFF77AFE84
:10D39000C305B6D5D5E702A8EFF738FF6B46DB79B2
:10D3A0000D2B03D1194800F08DF8DEE76B46012103
:10D3B000D81D02F069F9D8E7039B002BA1D002A881
:10D3C000EFF715FFECF706FA00280ED00A2102A8A5
:10D3D000EFF71CFF0220ECF7E1F9010002A8FFF7CC
:10D3E00067FD0328C8D00428E9D10021CCE7C04656
:10D3F000B919041097480410DA480410B74804100B
:10D40000B41B00208C370020DD4804100D490410A7
:10D4100010B520220121FFF735FE10BD37B50C00F5
:10D420006A4601A90500DBF785FE019B022B08D1A6
:10D43000012108224C40E40100982243FFF722FE1C
:10D440003EBD2A0002490348DFF700FB0020F7E752
:10D4500014490410086C0410002210B511000400D7
:10D46000DBF768FE022804D101212000FFF7D6FF78
:10D4700010BD2000F8F700FA03000120022BF7D1BD
:10D480002000FFF7C5FFF3E7030070B54418A3427F
:10D4900005D1984202D2191A02F0F6F870BD1A7836
:10D4A0005D1C0A2A09D1984202D2191A02F0ECF83E
:10D4B0000221034802F0E8F828002B00E7E7C04605
:10D4C000DA48041010B5040013F0F8FC0100200045
:10D4D00002F0DAF810BD40694B69C01AC00F7047FE
:10D4E000F7B5002502F098FA0D4E3468002C03D1F0
:10D4F000356002F0B7FAF7BD00230A4F61683800C3
:10D500006360EAF74FFB02220190238A134205D1A0
:10D510002A0021003800EAF720FB0500019CE5E71E
:10D520002C260020D7D40210F7B502F029F90126E5
:10D530001C4D01902C68002C32D06069019BC31AED
:10D54000002B03DD2C6002F01FF9F7BD002361689A
:10D550006360154B18000093EAF724FB228A07004A
:10D5600032420AD092082100E0693240FFF7F8FC0D
:10D57000002807D066823C00DDE7E369002B01D07C
:10D5800020009847638A022BF5D16369A2692100C4
:10D590009B1863613A000098EAF7DFFA0400CAE7D3
:10D5A0002C60D2E72C260020D7D40210100010B532
:10D5B000032902D102F040F810BD00200429FBD05D
:10D5C000162201381A60F7E710B50800110002F0C2
:10D5D0005BF810BD70B515000C008E18B44201D177
:10D5E000280070BD02F032F820700134F6E770B503
:10D5F000050014006A680800013A012A04D82100D5
:10D60000FFF742FF200070BD012201241A6064422E
:10D61000F8E7000070B5050008000C00E1F70EFB0C
:10D620000349020063682800DFF710FA70BDC046A6
:10D6300030490410F8B5150042680C00002A0DD1DD
:10D640000A274E19B44201D12800F8BD01F0FEFFAF
:10D650000D2800D1380020700134F3E701220125A4
:10D660001A606D42F0E70000084A10B54C1E030036
:10D6700064004800805AA25A801A022904D1032269
:10D6800013405A425341C01810BDC046C4D00410C4
:10D69000030010B506484C1E6400205A8018022969
:10D6A00004D9032213405A425341C01810BDC0464A
:10D6B000C4D0041070B50C002F4905000BF0ECFD30
:10D6C0002D49060028000BF0E7FD0D00E1212800A0
:10D6D00009010BF0E1FD3C21207128000BF0DCFD7D
:10D6E0003C210BF0D9FD280061713C210BF0D4FDE9
:10D6F000F01CA17107210BF0CFFD204BE171F61852
:10D7000030001F490BF0C8FD1D49050030000BF02B
:10D71000C3FD0E006E213000FF310BF0BDFD04286B
:10D7200000D101386E23FF334343F21AF623AD00D4
:10D73000DB00ED180023281880B2124D2080E95C30
:10D74000914211D9DBB2991CC9B20B290FD8A17033
:10D75000A17801320131D2B2C9B22088E270A17041
:10D76000FFF796FF208170BD521A0133E7E70A3BAD
:10D770000130A3702080EBE7805101009F02000080
:10D78000B5050000B8D0041070B505001C00FFF707
:10D790007FFF0B4B0B49EA186E23FF336B43920854
:10D7A0005B18D218084B121853433C2204994A4381
:10D7B00005995018E122120162438018C01870BD0B
:10D7C0004FF8FFFF3507F5FF80510100F0B587B036
:10D7D000059105003C210D981C0003920BF034FDCF
:10D7E0000C9B3C21C6180D980BF02EFD0F1E01DA84
:10D7F0003C37013E3C2130000BF026FD3C21041952
:10D8000030000BF021FD0B1E049102DA3C3304932F
:10D81000013C182120000BF017FD039B1821C618AE
:10D8200020000BF011FD0B1E039102DA1833039355
:10D83000013E059C0C21013C20000BF005FD0C2154
:10D84000451920000BF000FD0C1E01DA0C34013DDF
:10D850000134002E10DD21002800FFF705FFB04243
:10D8600015D3049B3200009321002800039B0197ED
:10D87000FFF78AFF07B0F0BD013C002C01D1013D4C
:10D880000C3421002800FFF7EFFE3618E1E70134E1
:10D89000361A0D2CDFD101350C3CDCE7F0B5002346
:10D8A0000F270A4D5200461C9A4202D80023835487
:10D8B000F0BD5C10A4460C5D24092C5DC454644684
:10D8C0000C5D3C402C5DF4540233EDE73B49041001
:10D8D00010B509F0FDFE002905D0FA2200239200C0
:10D8E0000BF018FD10BDFA2189000BF0D5FCF9E70B
:10D8F000F7B5012787401F4E3378BB43337012F0D2
:10D900003BFD0500002D33D01B4CA188E088238906
:10D910004018C01A01380BF097FC002925D06B463F
:10D9200001220020D91D12F033FD00280CD06B46D7
:10D93000D979124A12688A4209D100232381E380EF
:10D94000EDF78EFB013DDDE701214942F1E720893A
:10D95000A288431C934292411340E288C9B29A4282
:10D96000F0D0226811542381ECE733783B433370C5
:10D97000F7BDC046823700201C120020C8110020CD
:10D98000F8B5244C05002378002B20D0224B998831
:10D99000D8881B894018C01A01380BF055FC0029A3
:10D9A0001BD101232C001C401D4205D01A4BDC88E2
:10D9B0001B89E41A631E9C416D0706D5002012F0F6
:10D9C000C3FC00281AD104231C432000F8BD00F03A
:10D9D00061FB2378002BE4D0D8E7002601272378C9
:10D9E00033413B4203D10136082EF8D1D9E7F0B2DA
:10D9F000FFF77EFF2378002BF5D1D2E7002012F04D
:10DA0000A3FC0028E1D0002012F038FD0028DAD174
:10DA1000DBE7C046823700201C120020F7B50E005D
:10DA20000190002411F0DAF9A04204D0FFF750FF72
:10DA30000500B44201D32000FEBD0020371B12F0C8
:10DA400083FC002808D0002012F018FD874203D381
:10DA5000002012F013FD0700019B3A001919002065
:10DA600012F0ECFC07000020E41912F0ABFCA64217
:10DA7000DFD9002F05D0FFF72BFF050000F00AFBD0
:10DA8000D7E7FFF725FFFA23401B5B009842D2D26D
:10DA9000380012F059FC0028F0D00120EDF7F8FB17
:10DAA000ECE7000010B5074A1378013B5BB2137036
:10DAB000002B05DA002012F017FB002012F082FC88
:10DAC00010BDC0468137002010B500290AD011F0E2
:10DAD0006FFE1023022800D1903B034A01201370EF
:10DAE00012F002FB10BDC0468137002010B58CB08B
:10DAF000040000F057FA0100002C0CD1002800D1DE
:10DB000018490A78512A2BD8174810F0A3F816495B
:10DB100008000CB010BD002807D1601E0328F7D8FC
:10DB200013F012FB1A1C150210490223104A087840
:10DB3000002806D002339BB2108001310232522BF2
:10DB4000F5D1C021084A89000B431380DFE701A803
:10DB500003F06EFA01A9E8E70649E6E70649E4E7BB
:10DB60000021D5E74C490410FC3500205149041030
:10DB7000FE3500206C4904105B490410074B10B5BA
:10DB80001C682100AC310B68012B03D81A002C3221
:10DB90009200105101330B6010BDC04630210020AF
:10DBA000704770B58CB00400684616000D00E0F7B1
:10DBB000F1FF021E0AD1200033002900ECF76CFAB5
:10DBC0000400E0F7A7FF20000CB070BD0198FFF73C
:10DBD000D5FF0024F7E70000F0B5080087B00193F7
:10DBE0000C001500E4F703FC164B07001E68301EFE
:10DBF00025D0F069E1F794F80E2200280ED0012319
:10DC0000019A6D009A401D4303211343F06903AA52
:10DC1000039704950593FFF7C4FF02007F230621B5
:10DC2000002023405B00E4091B190A339B00995133
:10DC3000824202D01000E1F715FA0123184007B024
:10DC4000F0BDC046302100200C4B10B51C68002CE4
:10DC500013D02300210006222833A8311A605A600D
:10DC600008338B42FAD16069E1F75AF8002804D0F2
:10DC7000002260691100FFF794FF10BD30210020E1
:10DC8000F0B52D4B16781D6889B003900291019272
:10DC9000F609002D02D1002009B0F0BDA869E1F716
:10DCA0003FF80E24002819D02F00A8373B68019AAE
:10DCB0000298DA6008229A60E4F799FB3B680590C5
:10DCC000069305AA0221A869FFF76BFF00223B68B3
:10DCD0000400DA609A60904200D10E240322012EE3
:10DCE00000D13200200005A9E1F7BEFA00280DD0CE
:10DCF000069B0020059A01999BB212F049FA002870
:10DD0000C9D00A36B3005C510120C5E72000E1F715
:10DD1000A9F9029B012B06D10028BCD001990398D8
:10DD200012F024FAF0E7029B032BB5D13300062250
:10DD30000A339B005A51AFE730210020F8B50400A8
:10DD400011F04CF800282DD0002C1AD08027002587
:10DD5000062628347F422368062B04D00020E9B22F
:10DD600011F072FE26606368062B06D03900294345
:10DD70000020C9B211F068FE666001350834102D2C
:10DD8000E9D1002012F086FB8221002011F05CFE18
:10DD900011F014FD040011F041FD002C02D03220DE
:10DDA00001F08CFCF8BD0000F7B500210123264DE1
:10DDB00008002B7011F08EFE244B1C68002C01D142
:10DDC0002C70F7BDA61DF37F002B0ED0631DDB7FEB
:10DDD000002B25D011F0F2FC002802D02000FFF724
:10DDE000ADFF11F025FD0023F3770221220000236F
:10DDF0008C460620AC322B701568B0342E00022DF4
:10DE000000D966469E420FD800241460A64212D163
:10DE1000022DD6D90E49AA1E0E48DEF717FED0E70E
:10DE20002000FFF78BFFDEE7694627689E007750EA
:10DE300001C40133E2E76A46A30006489958E0F7B7
:10DE40002DFF0134E2E7C046883700203021002052
:10DE500078490410086C04101FB506280ED0012262
:10DE600001A9E1F701FA002802D0019805B000BD30
:10DE700003490448E3F794F8FFF780FE0020F5E734
:10DE8000F71A04104C720410064B10B51B68002BD7
:10DE900001D1054810BD5868FFF7DEFF0028F9D111
:10DEA000F7E7C0463021002029D10410064B10B5F9
:10DEB0001B68002B01D1054810BD9868FFF7CCFF07
:10DEC0000028F9D1F7E7C04630210020DED0041049
:10DED000F0B5314B0D001F681400380085B0002FDD
:10DEE00057D02E4B3A6A9A4203D08B780020012BF0
:10DEF0004FD90020FFF7DAFFC37882781B02134363
:10DF0000C318854201D0834201D8012607E0027878
:10DF1000417882180B2912D1954210D1C6782B195D
:10DF20002C000193019BA3421CD96378042B08D1D8
:10DF3000002E17D0013EF6B22378E418F2E7100065
:10DF4000DFE7052BF8D12100002011F0F3FC021EC1
:10DF5000F2D1272301210393114803ABE2F72EFFEF
:10DF6000FFF70CFE3869641BE0F7DAFE00280FD0DB
:10DF70003E00A8363368A2B29A60DD6002AA012191
:10DF800038690293FFF70DFE002233689A60DA6069
:10DF9000A0B205B0F0BDC0463021002098B00410FA
:10DFA0000073041030B5184B04001D688DB0002DAF
:10DFB00002D100200DB030BDEB68062BF9D06846C9
:10DFC000E0F7E8FD002811D12000ED68E4F70FFA32
:10DFD000042201002800E1F713F90400E0F79AFD9C
:10DFE000062CE6D02000FFF737FFE3E70198830710
:10DFF00006D10368054A9342DBD0054A9342D8D044
:10E00000FFF7BCFDD5E7C046302100206C7304103B
:10E01000907304100020704701230370004870477C
:10E020003CD104100A4B07B51B68002B03D0053305
:10E03000DB7F002B0BD00021080010F0ADFE054B5C
:10E0400001A81B78037012F075F911F0F1FB07BD00
:10E050003021002060D104100022064B10B5186852
:10E060001A60904205D0431DDB7F934201D0FFF739
:10E0700065FE10BD3021002010B511F0E3FB002833
:10E0800005D0034B1B78002B01D1FFF78DFE10BD8F
:10E0900088370020D0231B0619680A4A89000A4BDA
:10E0A0008A5810B59A4202D013F036F810BD074BCB
:10E0B0001B78002B03D006490648EBF703FFFFF758
:10E0C00073FEF3E7B41B0020702000208837002087
:10E0D000A349041000730410046045608660C760A3
:10E0E0004146016149464161514681615946C161DC
:10E0F0006146016269464162684670470123D02249
:10E1000083401206002901D0536170479361FCE7F8
:10E110000123D02283400549120610B553620A68D4
:10E120009A430A60052108F0F5FB10BD6820002025
:10E1300070B50400002917D1856801792800FFF720
:10E14000DDFF2800FFF7E4FFE068FFF7E1FF0123B0
:10E150002069D02283400549120693620A689A43D7
:10E160000A60052108F0D6FB002070BD6820002061
:10E17000F0B50400002787B002930368049105926C
:10E180000093049B9F4201D107B0F0BD059BDE5D6B
:10E19000A379012B45D00823002501930121E068D4
:10E1A0003140FFF7ABFF6179002944D1009809F0B5
:10E1B00097FA01232179A068591AFFF79FFF0121DF
:10E1C000D02322691B0691405B686D000B405A1EEC
:10E1D00093411D436BB203936179EDB2002935D1B0
:10E1E000009809F07DFA2179A068FFF787FF019B6D
:10E1F0007608013B0193002BD0D1029B002B0ED05F
:10E20000A379012B09D00F21039B154A0B40D35C46
:10E210002D09525D1B011343DDB2029BDD55013711
:10E22000AFE70F230E4A3340D35C3609925D1B01E2
:10E230001343DEB2AFE701232179A068591AFFF733
:10E240005DFF0021009809F04BFAB8E72179A0683A
:10E25000FFF754FF0021009809F042FAC7E7C046D3
:10E2600061D10410F0B587B00F00012400F084FDE7
:10E27000D02684402C4A3606B462B4611368052166
:10E2800023431360050008F045FB0622380003A96C
:10E29000E0F7EAFF049B042B02D82448ECF764FC67
:10E2A000FA20B46201F00AFA1220746201F006FA50
:10E2B00001F0E6FA00210700B4620A2009F010FA22
:10E2C0001B4A916A7368180020400190234221D1B3
:10E2D000962201212800F1F707F800281EDB039C95
:10E2E000019E642201212800F0F7FEFF002815DBC3
:10E2F000302181428041F310E25C404252001043E1
:10E300000136E054282EECD1380001F0CBFA06207B
:10E3100007B0F0BD936A5B1A642BD3D9380001F0C3
:10E32000C1FA6E20ECF73EFE68200020A41904100C
:10E3300000400540002373B52D4E0400B36709F07B
:10E340002FFD01222B4B1A60736C012BFCD1032291
:10E35000294B1A60B56B012DFCD1022329000093D3
:10E36000264A2748043309F01FFC002C06D0052359
:10E370002900244A2448009309F016FC234B244D1D
:10E38000002202210093042009F066FB2B000022EA
:10E3900001210520009509F05FFB1E4E002C06D0E0
:10E3A0000022330011000720009609F055FB0022DF
:10E3B00000961100174B082009F04EFB0022164B67
:10E3C000110000930920134B09F046FB0022104B6B
:10E3D00011000095062009F03FFB042009F070FBB6
:10E3E0000E490AF059FF0100002009F0A1FC73BD9D
:10E3F000008000403CB0004030B00040002F685921
:10E4000000800240008C864700C00240001BB7001D
:10E4100040597307006CDC021BB7000040420F003C
:10E4200010B50120FFF786FF10BD10B512F026FCD5
:10E4300010BD000007B502000169074B40690131BA
:10E44000C01813680193536800939368D268FFF76C
:10E45000BDF9002103B000BD6C07000010B588B005
:10E4600001AC04A80AF0F6F904982100FFF722F99C
:10E47000A078E37840051B0418432379074ADB02A0
:10E48000184363795B011843A3795B081843238819
:10E490009B185B06184308B010BDC04644F8FFFF48
:10E4A000F0B58BB003921A00344B029105AE009385
:10E4B0000399052302980196D1F7BCFF059D012D14
:10E4C00004D92A002E492F48EBF706FD14246C438B
:10E4D0002D4FB068E41906280DD000F04DFC012244
:10E4E000104204D043101340227A934202D02748AE
:10E4F000ECF73AFB6072F06806280FD000F03CFCA5
:10E500000123184207D142101A4013336B43FB1802
:10E51000197A8A4201D01E48EAE79872029B012BC1
:10E5200008D8039B002B05D114336B43FB18DB6821
:10E53000002B20D114235D4371687D196868E96060
:10E5400009F0BCFDE968686809F062FD33690321E0
:10E55000E860687A2B6108F0DDF90321A87A08F0F9
:10E56000D9F900220121687A08F0F6F90022012188
:10E57000A87A08F0F1F920000BB0F0BD68D70410BC
:10E58000BD49041004720410CC110020E8410410AD
:10E59000EF4104101FB50B690A7A02938B7A044C81
:10E5A00001934B7A0093CB682100DEF74FFA1FBD31
:10E5B000C84904100123D02283400649120610B531
:10E5C000936293610A6813430B60052108F0A2F976
:10E5D00010BDC04668200020F0B5012617003200AB
:10E5E00091B00593169B04005B089A4303690D00E4
:10E5F0000493169B069233400793169B33421FD019
:10E60000446809F065F80023049AEDB212184B41F2
:10E61000802109068B4202D301222D4B52420292E5
:10E620000393069B2900009320003B00059A09F004
:10E6300088FD051E2DDA023548D16E256D4228E091
:10E64000002F29D1234BC16823480B930AF024FEE5
:10E65000049B01300C900D93607A0E90A37A099779
:10E660000F93059B0A93FFF7A5FFA07AFFF7A2FF80
:10E67000169B2900320000930BA809ABEFF72FFB84
:10E6800003210500607A08F045F90321A07A08F01B
:10E6900041F9280011B0F0BD446809F019F8049A56
:10E6A000079BEDB212184B41802109068B4202D321
:10E6B0000122074B524202920393069B29000093CA
:10E6C00020003B00059A09F023FDB2E70525B5E7D8
:10E6D000FFFFFF7FF8A7041020A107000123827924
:10E6E00010B59206920ED02493400749240609687B
:10E6F000194202D06362062010BD0120002112F0F1
:10E700009BFCA061F7E7C0466820002001238279C6
:10E7100010B59206920ED02493400749240609684A
:10E72000194202D0A362062010BD0120002112F080
:10E7300083FC6061F7E7C046682000208379074AC0
:10E740009B061B0E9B185B68002901D15869704716
:10E7500000200129FBD19869F9E7C04688210020F3
:10E76000F7B500263300164F3C339B00DD59002DD2
:10E7700022D0F4002300083301930F220F232A40F4
:10E780001D4214D00721214089008A40E3083C3310
:10E790009B00FA500B4AA300D058002807D0836989
:10E7A0001A002A402B4202D04261FEF70BFC019B6B
:10E7B00001342D099C42E0D10136042ED2D1F7BD9F
:10E7C000004001408C210020F8B5050080790C0044
:10E7D0008006800E02000027094B463292009B18EB
:10E7E0000F2100225E6808F0FFF8A87977618006A3
:10E7F000B46101222100800E08F0F6F83800F8BD5F
:10E8000070200020030070B546330C4C9B00E418C8
:10E8100005006068002810D11C30DBF7C1FE084BF2
:10E82000084A0360084B43600C236B439B188360CA
:10E830000623C36000230374606070BD7020002055
:10E8400074CF041058E2041058D9041003000129B1
:10E8500004D002290DD00120404270479B79D0227C
:10E860009B069B0E9940120650680840431E984133
:10E87000F3E7012183799B069B0E99400B00D02181
:10E880000906002A02D04B610020E6E78B61FBE716
:10E890000123827910B59206920ED0249340094943
:10E8A00024060968194207D0226A134202D0A362E3
:10E8B000062010BD6362FBE70120002112F0BCFBC3
:10E8C000E061F5E76820002070B50D00040011003C
:10E8D000280002221E00D1F723FD002D0ED10120B9
:10E8E0000100A279D0239206920E91401B065B682C
:10E8F0000B405A1E93418340184370BD3068E0F7C7
:10E90000B1FB0123A27901009206920E9340094ABD
:10E910001068D0221206184206D0002902D1536294
:10E920000620EAE79362FBE7002901D05361F7E78D
:10E930009361F5E76820002010B50C000B1D002244
:10E94000411E2068FFF7C0FF10BD000010B57822FF
:10E95000002106480FF078F980220D20044908F0C4
:10E96000FFF801210D2008F083F810BD8C21002054
:10E9700061E7021010B50024200000220F210134AD
:10E9800008F032F81E2CF7D10D20024908F0B8F932
:10E9900010BDC04661E7021010B500220430DBF75D
:10E9A00071FE002800D0406810BD0022C37930B548
:10E9B0001B0784681B0FD0002018934201D8002049
:10E9C00030BD85792D098D42FAD00132F3E7000080
:10E9D000F0B5040089B0080011001A00414B04AEE4
:10E9E000009301960423D1F7C9FCB06806282BD008
:10E9F000E0F738FB07000498062812D0E0F7E6F9A4
:10EA0000394D031E23D1A079D0228006800E013318
:10EA10008340120693622A689A432A60052107F010
:10EA200079FF70680021062802D0E0F7CFF90100D5
:10EA30000123A0794A0880061A401940800E07F089
:10EA40008BFF062009B0F0BD01277F42D3E70128E4
:10EA500018D1D0211A00A07909068006800E8240C4
:10EA60008C46791C05D03B40DBB2002B07D06346B7
:10EA70005A6163465A622B6893432B60CEE7634624
:10EA80009A61F6E7022810D1D022A079013B8006D6
:10EA9000800E83401206002F04D0936293612A688F
:10EAA0001343EAE793615362F9E7F7682000FBB28A
:10EAB000F9B20393FFF779FF002804D13A000B491C
:10EAC0000B48EBF709FAA07903998006800E07F04E
:10EAD00021FF0122A3799B069B0E9A402B6893434A
:10EAE0002B609EE710D9041068200020F54904101F
:10EAF0000472041010B50C0013000A1D411E20689A
:10EB0000FFF766FF10BD30B50025C37984681B0789
:10EB10001B0FE8002018AB4201D8002030BD8279DD
:10EB20001207120F8A42F9D00135F2E770B50400DE
:10EB300088790D008006800E07F004FFE2230600AE
:10EB4000052813D10122AB799B069B0E9A40264BD8
:10EB50001B68134242D1D0231B061B6A13405A4242
:10EB600053412D225B4293438D33FF33AA8820000B
:10EB70001E49DDF76BFFAB791D4A9B061B0E9B18E8
:10EB80005B6800221B0706D59B32FF322000194923
:10EB9000DDF75CFF0122AB7915499B061B0E5B1864
:10EBA0005B685B0708D51449002A00D111499A22F5
:10EBB0002000FF32DDF74AFF052E0AD03100280081
:10EBC000FFF7A1FF00280BD132000C492000DDF730
:10EBD0003DFF20000A49DDF739FF70BD8C23C4E7F3
:10EBE00082880849F2E7C04668200020FD490410E9
:10EBF00000C001400D4A0410174A04101B4A0410BB
:10EC0000B71A0410244A04100323020070B51A40F6
:10EC10000500184204D103681A498B4217D170BD10
:10EC200007230340022B15D0EB0705D4002A26D179
:10EC3000154B2A689A4222D12800E0F7C7F8030052
:10EC40001D281CD80C205843104BC018E7E710496A
:10EC50008B42E9D12800E6F7EBFA290004000D48C1
:10EC6000FFF79AFE0028DAD129000B48FFF794FE3F
:10EC70000028D4D1220009490948EBF72DF90948A9
:10EC8000EBF772FF30D904104078041058E20410FA
:10EC90003883041068E1041068E004102D4A041061
:10ECA00004720410444A0410F0B50C0017001D0053
:10ECB000390020000D4A85B0D1F732FB2868FFF7F4
:10ECC000A3FF0600012C01D8002F0BD0A2003900B1
:10ECD000AA1801A8DBF7AAFC30002A1D611E01ABAF
:10ECE000FFF776FE300005B0F0BDC046FFFF030021
:10ECF000F7B50F00160001930500FFF783FD040030
:10ED000000220F21280007F06FFE019BE7602374AB
:10ED10000023A6616361062F06D09E4204D0012223
:10ED20003100280007F060FEF7BD0000F0B5114B80
:10ED300089B080C905AE0093050003230138019610
:10ED40001400D1F71BFBB8798006800EFFF75AFD3F
:10ED50000390012D02D82368072B07D9B879337A9D
:10ED6000800672680599800EFFF7C2FF039809B00C
:10ED7000F0BDC046D0D7041010B5FFF745FF80792D
:10ED80008006800E10BDF0B50B0095B001282DD186
:10ED900005AC08A809F05EFD21000898FEF78AFC82
:10EDA0002088E3F724FB0C90A078E3F720FB0D907C
:10EDB000E078E3F71CFB0E90E079E3F718FB0F9087
:10EDC0002079E3F714FB10906079E3F710FB1190C2
:10EDD000A079E3F70CFB12900020E3F708FB0CA9E5
:10EDE00013900820E7F74EFD15B0F0BD082108AAE2
:10EDF0005868E0F7B9F8089B00271868DFF7E6FFC6
:10EE0000089B04005868DFF7E1FF089B02909868B0
:10EE1000DFF7DCFF089B05001869DFF7D7FF089BC9
:10EE200006005869DFF7D2FF089B03909869DFF767
:10EE3000CDFF002200230C920D93FF232A001840DF
:10EE400001900398029918401E40A4B21A4019403C
:10EE50000090330020000E97FEF796FC0C900CA853
:10EE60000D9709F0DBFC00F051FC0620BCE7000028
:10EE70001FB5080011000022D1F752FA09F010FD69
:10EE8000002809D1002200230290684600920193D5
:10EE900009F0FEFC00F03AFC014805B000BDC04698
:10EEA000E4D90410A0238001DB05C01880235B0493
:10EEB00002691A42FCD1704704234B6045338B60D2
:10EEC0004368002008330B607047000030B50C0029
:10EED000A37B87B00A7A0493637B0D490393E37A9B
:10EEE00005000293A37A0193637A00932369DDF707
:10EEF000ADFDE27BFF2A05D128000649DDF7A6FD1E
:10EF000007B030BD28000449DDF7A0FDF8E7C04692
:10EF1000484A0410944A0410ED4B041070B50400E4
:10EF200088B0080011001A00224B03AD0093019530
:10EF30000523D1F723FA03994B1C03D0606809F02D
:10EF4000EFFA20616B680022591C01D06372013214
:10EF5000AB68591C01D00122A372EB68591C01D087
:10EF60000122E3722B69591C06D0DBB22373002BFC
:10EF700002D11148EBF7EAFF002A19D06268E37A60
:10EF8000657AA07A0224013BAD01C0012B43034303
:10EF9000CF200A4E516896193460214014686340AE
:10EFA00003408020400110180360054BD218116007
:10EFB00008B070BDE8D904108229041004300000A4
:10EFC00004200000024AC30202481340184370475D
:10EFD00031F81FFF19801F00F0B587B01E000390A5
:10EFE000009101921F2964D9002008F003FF04005A
:10EFF000002008F0FFFE00270500B84252DBBC42AB
:10F000004DDB2000FFF7DEFF039B324A5F681023D1
:10F01000974200D10233304ADB031040A02218434C
:10F02000D205A3019B18019A1A603A0008325A606F
:10F030000292009A9A6018612800FFF7C3FF254AE0
:10F040001123974200D10233234ADB0310401843B7
:10F050003023984333005A1E93415B01320018431A
:10F06000002E01D104ABDA1DA0210127C905AB0197
:10F070005B18029919605A60009AA0219A60186181
:10F080003A003B00A240AB4013438622C905D200A0
:10F0900028008B50FFF706FF2000FFF703FF280032
:10F0A00008F09EFE002C02DB200008F099FE002FE5
:10F0B00007D1039B5868002E05D1009A019912F0E0
:10F0C0000BF807B0F0BD3200009B019912F014F864
:10F0D000F7E7C04600000440F37FE0FFF0B50F0003
:10F0E0008FB003921A00584B05AE009338000923E5
:10F0F00003990196D1F79EF9059D012D04D92A00A7
:10F1000052495348EAF7E8FE14236B43514CB06967
:10F110001B190293062810D0FFF72EFE032303408D
:10F12000022B05D1029A0307127ADB0F934202D019
:10F130004948EBF719FD029B5873F06906280FD078
:10F14000FFF71AFEC3439B0707D114236B43E31851
:10F15000197A0207D20F8A4201D04048E9E7987332
:10F16000306A062822D11423FF226B43E318DA7396
:10F17000012F08D8039B002B05D114336B43E318F0
:10F180001B69002B5DD114236B43E418B3687168CD
:10F190006372F3682161A3723369E3727369DBB24E
:10F1A0002373002B15D12E48EBF7D0FE431CDFD084
:10F1B000FFF7E2FD830708D114216943254B0207BD
:10F1C0005B18197AD20F8A4201D02648B1E7D8736A
:10F1D000CEE7606809F004FA2169606809F0A0F9D7
:10F1E000E37A62680393204B02279C46944463466B
:10F1F00051682061667AA07A1F60039BB601013BCB
:10F20000C00133430343CF20394017687B4003409C
:10F210008020400110180360144BD2181160607BED
:10F22000012107F077FBE07BFF2802D0012107F0E6
:10F2300071FB14226A43074B01219B18987B07F04E
:10F2400069FB02980FB0F0BD10DA04109A4A04105E
:10F2500004720410F4110020A54A0410AC4A0410F2
:10F2600082290410B44A0410043000000420000075
:10F27000816810B504004B1C05D0406808F0B4F854
:10F2800001235B42A360062010BD10B588690A7F88
:10F290000C00FDF765FE00220023002807DBE16873
:10F2A000002904D020696169002342428B4110008B
:10F2B000190010BDCA6870B5531E9A4106230D008F
:10F2C00052421A408B320B49FF320400DDF7BEFB7D
:10F2D00069692869002905D1020007492000DDF786
:10F2E000B5FB70BDFA22002392000AF013F803491F
:10F2F0000200F3E7BC4A0410ED4B0410E44A04108A
:10F30000F0B504008BB0080011001A00264B04ADC4
:10F31000009301950623D1F731F8049B2869E36037
:10F3200006282ED0DFF7A8FD011C20480EF0ACFA0D
:10F330000EF0A8FB03000B432ED0206161616B68C7
:10F3400026696769A3612B7D6568237708F0C0F99A
:10F3500032003B0012184B41802109068B4202D338
:10F360000122134B524201210291124928000194BB
:10F37000009108F01DF8A060013012D10C20EBF7CD
:10F3800011FEA86800230C4AC1170AF0C3FDEA6801
:10F39000D31709F0BFFFCDE701220023226163618B
:10F3A000CDE706200BB0F0BD8CDA041000247449C0
:10F3B000FFFFFF7F8BF2021040420F00F8B50E688E
:10F3C0000C00B168050017004B1C05D0706808F0F0
:10F3D0000BF801235B42B3603B003000691E221D25
:10F3E000FFF78EFFF8BD0000F0B5202085B00C00BF
:10F3F00014491E001700DFF70EFC050007F084FF1C
:10F4000001235B426860AB60002C08D001CEDFF7BF
:10F41000DDFC013C013002D00B48EBF7A5FB3B00C3
:10F4200023430BD0A2003900B21801A8DBF7FEF885
:10F4300032002100280001ABFFF762FF280005B071
:10F44000F0BDC04608DB0410EB4A04101023F0B5F1
:10F45000474A89B011690B43136100F0C5FA00F007
:10F46000BDF9444804AB03AA02A908F061FB0028D7
:10F4700004D0049A0399029808F028FB00F036FCA7
:10F4800000F020FA002200230024049205930132A8
:10F49000110023003848019400940694FEF774F993
:10F4A000049004A8059409F0F3F900F02FF9D02294
:10F4B00012061268314B9200D2583149314B324812
:10F4C00013605B1A53603149D9F7F0FE304DEAF70B
:10F4D00099FB30492868E3F7DDF9FDF7E5FAFFF716
:10F4E00035FA01F04BFA01F087FDEFF797FE0021A6
:10F4F0002948FDF793FF2948FDF7AEFF8027040058
:10F500007F00FEF78FFD3C421CD025492548DDF7E2
:10F510009DFAEFF78BFE01F07FFD01F03FFAEFF768
:10F52000FDFFFFF727FAF1F757F8EFF723F800F0A0
:10F53000E3F9FDF7D5FFFEF78FFDDAF703F8EAF7F9
:10F54000D1FBC4E7184E3378002B06D1002C04D031
:10F550001648FDF781FF3842D7D13378012B04D10B
:10F56000FDF730FE0028F8D0CFE7FDF7B5FEF9E74C
:10F5700000ED00E048E80100E5070000B41B0020B2
:10F580000001042000200420AC42002000000420E0
:10F5900024210020EA060000F44A0410F54A041071
:10F5A000FD4A0410706904108C3700200F4B0410C2
:10F5B00010B5D9F709FFFDF785FC00F0AFF9D9F7D1
:10F5C00015FF10BD70B50500054C0200054920006F
:10F5D000DDF73CFA29002000DFF760FB00BEFDE705
:10F5E000086C0410174B041010B511F06DFD4300AA
:10F5F0000120184310BD10B508F06AF8002905D0A5
:10F60000FA220023920009F085FE10BDFA2189003C
:10F6100009F042FEF9E70000002010B5044900F0AF
:10F6200003FA044B1B68002B00D040BF10BDC0463E
:10F6300029D50210AC1B002070B50500FEF7A0F91B
:10F6400004002800F5F76CFD204370BD10B50020C4
:10F65000FEF796F90B4AD18813898B4204D1F5F74E
:10F6600089FD00280BDB10BD4B1C9BB21068D380BA
:10F67000405C91888B4289410B40D380F3E7EBF7E4
:10F6800002FEE4E71C120020F8B50D000700FEF7AB
:10F69000C5F92C00061E03D0854200D904000126BE
:10F6A00029003800F5F7B2FD002804DB844200D9B8
:10F6B00004002000F8BD76423440FAE770B504003B
:10F6C000FFF799FF05000020201AEBF7E1FDFFF797
:10F6D00092FF401B8442F7D870BD70B5060000252C
:10F6E00007F0F6FF340024184D41FA2189008E42BC
:10F6F00004D9300009F0D0FDFFF7E0FF07F0E8FF84
:10F700008D42FBD801D18442F8D870BDF0B52C20D1
:10F7100087B0FFF7E2FF02A809F09CF807F0D8FFD6
:10F720000D4B06000F000298039901930B4A00232A
:10F730000AF0F0FBFA22040004980D000023920066
:10F74000C11709F0E7FD24184D41A41BBD41019BE1
:10F750001C605D6007B0F0BD6815002040420F00DE
:10F7600010B507F0B5FF054B1A685B688018594162
:10F77000FA22002392000AF0CDFB10BD681500208C
:10F7800010B5FFF738FF10BDF8B50600FFF733FFDF
:10F79000070007F09DFF0400F01BC343FA22DB17AC
:10F7A00018400D0000239200C1170AF0B3FB0B00B4
:10F7B0000200802112196B4109068B4202D30122FB
:10F7C000054B5242022008F057F8002802D00220D0
:10F7D00008F09EF8F8BDC046FFFFFF7F10B502207D
:10F7E00007F038FF0220024907F0E0FF10BDC046D5
:10F7F00019F6021070B5060007F06AFFFA2204003D
:10F800000D0000233000002192000AF083FB8023CA
:10F81000001969411B06994202D301200249404266
:10F8200007F062FE70BDC046FFFFFF7FF7B5050021
:10F830000E0000240827A54200D8F7BD09F058FBA8
:10F840002A1B009001913019082A00D93A00694614
:10F850000EF000FA0834EEE710B509F015FA00F0E2
:10F86000C3F8054C2368002B02D0044A106898475F
:10F870000023236010BDC046AC1B0020A81B002045
:10F88000064B10B51B68002B03D0054811F0A4FCF3
:10F8900010BDEFF3108072B6FAE7C046AC1B002033
:10F8A000741A0020042310B501000548C356013323
:10F8B00002D011F069FC10BD81F31088FBE7C0464F
:10F8C000741A002010B5084807F031FB09F0DCF984
:10F8D000D02212061268054B05499200D150002231
:10F8E000044B1A6010BDC046741A0020B41B0020DF
:10F8F00070200020AC1B002010B5064C200011F039
:10F900007BFB09F04BF90022034B20001A6011F039
:10F9100043FC10BDD0230020AC1B00200C4B10B5C5
:10F920001B68002B07D001210A48D9F717FD0121D8
:10F930000948D9F713FDD0231B061B68012B05D1FD
:10F9400006490748091A8908D9F708FD10BDC046BD
:10F95000AC1B0020B01B0020A81B002000200420AE
:10F9600000000420D0231B061868013070470000F7
:10F97000154B70B514001A68002A03D013491448B7
:10F98000EAF7A0FA18602268124B19608023002A57
:10F9900002D15B01236002E01B019A42FAD30323E8
:10F9A000206898432060DAF7FBFD0B4D286009F0D2
:10F9B000F5F822682968094809F04CF92368084AD3
:10F9C00002209B18236070BDAC1B0020674B041005
:10F9D00000730410A81B0020B01B002059F802106F
:10F9E00000FEFFFF70477047D0231B061B6810B551
:10F9F000002B02D1054807F09AFA0549054B0A6A1F
:10FA00001A40C0231B0413430B6210BDE4230020E3
:10FA100000ED00E0FFFF00FF10B5024811F0ECFA26
:10FA200010BDC046E4230020054B80001950054B53
:10FA30005B79002B03D18022034B52055A6070473B
:10FA4000E0230020E423002000ED00E0044B10B58B
:10FA50001968002902D00020FFF7E6FF10BDC0465C
:10FA6000E023002010B5034811F096FBFFF7EEFFEE
:10FA700010BDC046E423002010B50A4C0021200030
:10FA800011F0EAFA002800D110BD074A1368002BD4
:10FA900002D0002111609847200011F07DFBFFF794
:10FAA000D5FFF1E7E4230020E0230020D02301204C
:10FAB0001B061B6810B5C01A09F01CF900239842F8
:10FAC00003D0034B1B685A1E9341180010BDC0465B
:10FAD000AC1B002010B5FFF7E9FF002801D009F0AA
:10FAE000EBF8EFF3108072B610BD10B504000520DE
:10FAF00007F0E6FF11F078FA84F31088FFF7D6FFDD
:10FB0000002801D009F0E2F810BD000070B5060031
:10FB100008001400DFF75AF901380623052805D834
:10FB200011F012FB1D1D1D06030C0E4B180070BDBD
:10FB30000123B268120B52001343F7E72000DFF7EE
:10FB400045F90400FFF7C6FF802105007068240313
:10FB50002018490111F0A8FA2800FFF7C6FF012379
:10FB6000E4E7C04601200000F0B5070085B0486812
:10FB70000D000E68DFF72AF90522040301A9A86821
:10FB8000DFF772FB032F1DD1FFF7A4FF050070689C
:10FB90000299201811F088FA2800FFF7A6FFEBF76A
:10FBA0006DFBFFF797FF05007068029A0199201816
:10FBB00011F04AFA2800FFF798FFEBF75FFB0620E9
:10FBC00005B0F0BDE868DFF701F92418E9E7F0B502
:10FBD000060085B048680C000F68DFF7F7F80622CA
:10FBE000050301A9A068DFF73FFB042E03D1E068FD
:10FBF000DFF7ECF82D18802379685B05C918029AA5
:10FC0000491901980EF026F8EBF738FB062005B0ED
:10FC1000F0BD00001FB5080011001A00194B02AC1E
:10FC2000009301940223D0F705FC029A6368134005
:10FC3000013325D00C201449DEF7E7FF029B5A1C44
:10FC400008D0B0225203934201D21A0503D00020FB
:10FC5000EAF78AFF0023B02162684903541C07D1E8
:10FC6000CA1AA02109035B184360826004B010BD6A
:10FC7000002AECDD9C188C42E9DC1105F1D0E6E7A6
:10FC80000248F3E7B0DB0410C0DB041028120020A8
:10FC900003000120824209D180205A689B684005F8
:10FCA0004B604223121800200A608B60704770B5C9
:10FCB000D025040001202D062B68C01A09F01AF87F
:10FCC000002801D008F0F8FFEFF3108672B620008C
:10FCD00011F08AF986F3108801202B68C01A09F008
:10FCE00009F8002801D008F0F1FF70BD10B505201B
:10FCF00007F0E6FEFFF7DBFF10BD00004368084891
:10FD0000084A1B181B0D70339B00D218536800293A
:10FD100001D15869704700200129FBD19869F9E7A2
:10FD20000000E0AF70200020012210B5447A436843
:10FD3000211D8A408021890159180A60817A054A6B
:10FD40000620525C1F210A40073961435B18D833F3
:10FD50001A6010BD963700204368427ADB68D200F3
:10FD60000432D3401E2201205B0013401843704729
:10FD70004368427ADB68D200D3401E2201205B0038
:10FD8000134018437047042310B54B6045338B6014
:10FD90004468437A920705D504339B00E418002099
:10FDA0000C6010BD0833F8E743680848084A1B1880
:10FDB0001B0D72339B00D2185368002901D1187DA6
:10FDC000704700200129FBD1587DF9E70000E0AF22
:10FDD00070200020F8B50300FC339D6B154E2B0AF4
:10FDE0000363154BC018040D230070339B00F318F8
:10FDF0005868002807D083691A002A402B4202D095
:10FE00004261FDF7DFF82401AD34FF3434190127D6
:10FE10000826B300E058002807D02B00F340427DAD
:10FE20001A4202D00775FDF7CDF801360C2EF0D13D
:10FE3000F8BDC046702000200000E0AF10B50248B9
:10FE4000FFF7C8FF10BDC0460000305010B5024893
:10FE5000FFF7C0FF10BDC04600002050F8B50D00F0
:10FE60000026040043680A490A4A5B181B0D7033D8
:10FE70009B00D21857680021007A06F0F9FD7E61D8
:10FE8000BD61207A012106F0F3FD3000F8BDC046C7
:10FE90000000E0AF70200020F8B50D00002604003F
:10FEA00043680A490A4A5B181B0D72339B00D2183B
:10FEB00057680021007A06F0DBFD3E757D75207ADB
:10FEC000012106F0D5FD3000F8BDC0460000E0AFCE
:10FED00070200020F0B500240127194A85B083184E
:10FEE0001B0D0093009A174B9200D65801903B00CF
:10FEF000A340651C1E420FD101341F2CF7D90021ED
:10FF0000009B104A9B00995005B0F0BD3A00AA40F2
:10FF10006B1C164202D01D00202DF7D108220021B3
:10FF200002A80DF091FE2B1B02AA13711300FF22F1
:10FF300019005A710198220008F018FA2C00DBE72A
:10FF40000000E0AF18240020F7B5072802D91048B8
:10FF5000EAF70AFE01260C24864044430D4B0E4D61
:10FF6000E4182B68334211D16368677A18003900AE
:10FF7000019308F0B1F9002801D00848E8E73900FA
:10FF8000019808F06BF92B6833432B602000FEBD0D
:10FF9000744B041094DE041020240020784B0410CD
:10FFA000F0B587B004006A4608000921DEF7DCFFDF
:10FFB000009B0522186803A9DFF756F90A230022DF
:10FFC0006B441A80039B01AD0193049B29005B08DD
:10FFD0002B71FF2360686B7108F08CF9002802D147
:10FFE0000C30EAF7DFFF66682900300008F0A4F95A
:10FFF0000121020028790D00854028000138904039
:020000041003E7
:100000008A40094FF3191B0D084E9B009D59284348
:10001000985163680098DB191B0D5B189B00114316
:100020001950062007B0F0BD0000E0AF18240020F2
:10003000F8B5012553786D429D400E000021202324
:10004000ED43515657685B1ADD41DF410400926869
:100050003100DA412B0008F0A1F93A003100012704
:1000600000262B00200008F0D5F9084BE418240DD9
:100070000634E4B23B00B3401D4203D021003000FF
:1000800006F048FC0136202EF4D1F8BD0000E0AFA8
:1000900010B54A68034B0449D218120DDCF7D6FCA0
:1000A00010BDC0460000E0AF8E4B041010B58A7A38
:1000B0000149DCF7CBFC10BD964B041010B51C00B9
:1000C00008001100084AD0F72BF92068DEF77EFE01
:1000D0000300012802D90548EAF746FD0C205843E1
:1000E000034BC01810BDC04602000200A74B04100D
:1000F00034120020F0B50C0000260F6887B00228EB
:1001000003D98868DEF762FE06000122606803A951
:10011000DFF7AAF8002809D16068DEF763FE02ABBA
:10012000039304230493453302900593039C049B9B
:10013000E3180193019B9C4202D3062007B0F0BD57
:10014000059B422B01D0012B12D1257801347A680E
:100150007B7A516801208C461900103188400100DB
:100160006046084210D1B54004339B009D50E1E742
:10017000482B02D125880234E9E7492B01D120CC54
:10018000E5E70348EAF7F0FCEBF778F8DFE7C0466D
:10019000AD4B04100023F0B587B004000D000F68CC
:1001A0000393012815D80026039C049BE3180193B0
:1001B00001217B7A7A68083399405068084222D13D
:1001C0009B009858F040002C20D1E2F72BF907B0A3
:1001D000F0BD486806280FD0062203A9DFF744F8CF
:1001E000059A6223012A01D0423B13430593049BE5
:1001F000002B01D16868EAE7022CD4D0A868DEF7AA
:10020000E5FD0600D0E7EBF739F8D1E7059B622B57
:1002100005D120700134019B9C42C9D3EAE7682BC9
:1002200002D120800234F6E7692B01D101C4F2E744
:100230000148EAF799FCC046AD4B04107FB50E00AB
:1002400000230400694630000093DEF799FD051E87
:1002500025D1012206211748E9F7B2FF8021890044
:10026000EAF700F81822617A63684A439B181A007B
:100270000121DC32CC3312681B68520F9B0F0B40FC
:100280008B4052000A431943029203912A00032132
:1002900001AB0196E9F700FFDEF798FD0090182208
:1002A000607A63684243062000999B18D83319602E
:1002B00004B070BD6E03000070B50C6801280BD946
:1002C00048686568667ADEF7CDFE0122B240B0402C
:1002D0002B68934303432B606368627A1B680E208C
:1002E000D340DB0700D5103070BD70B516001C0080
:1002F000062806D09D688D43DEF768FDB040284390
:10030000A06070BDF7B50E00140006280FD0C3071B
:1003100005D4830712D1194B02689A420ED10125E8
:100320006570DEF753FD431028406360A060062E21
:1003300003D03000FEF720FD2070F7BD0E28EED070
:100340001E28ECD000250127694601AADEF7E8FD4A
:10035000009B637063789D42E9D2019BAA00D0584C
:10036000DEF734FD4210AA403840A84063680135EA
:1003700013436360A3680343A360EBE74078041072
:10038000F0B50B000E6885B0012842D958686A465E
:100390000921DEF7E9FD009B01A905221868DEF7B7
:1003A00063FF1D4F7368009ADB191B0D01339B001F
:1003B0009858029CDEF70AFD012105007368009A37
:1003C000DB191B0D013364089B004942E4B29950CC
:1003D0000822002101A80DF037FC6B466A461C720A
:1003E000FF23537274682A00200001A907F0BEFFA2
:1003F000094B0620E4186B46197A01238B40013B18
:10040000AB40064A240DA400A1589943A15005B061
:10041000F0BD00252024DBE70000E0AF1824002019
:10042000F0B50400A1B0080011001A0015AB01934B
:10043000A24B00930B23CFF7A1FF0921159806AA21
:10044000DEF792FD63689E4A9B181B0D069A0133E6
:100450009B009858DEF7BAFC0390002814DA0C20B1
:100460006368974D15995B191B0D5843954BC01840
:10047000FFF796FD6368069A5B191B0D01339B001D
:100480009858DEF7A3FC03908F4BA27A03999954F6
:10049000169B002B00DA0CE1002205920492934295
:1004A0001ED0052007F00CFB169A010ED317000290
:1004B00008F030FF0E000121050084484942020087
:1004C0000B0052197341002B02D181498A4202D993
:1004D0008048EAF749FB2B0A9BB20493EBB20593E1
:1004E000617A0023039A606807F0D2FF0023149317
:1004F0009C4680235B021193F8235B021293C02376
:1005000011AD0DAE1B03AB602A00330083CA83C359
:1005100062461A60059B1F02049B1B041F43069B37
:100520000D971869DEF75EFC069B07005869DEF739
:1005300059FC8423039A5B015343B0601798DB197D
:1005400004937360062806D0FEF716FCF823C00358
:100550001B031840F060FF2307AF3B800023089384
:100560000993069B3A0098691899FFF7CBFE002380
:10057000FB560393002B0BDB1F22F3680399934375
:100580000A401343544A13407A7812051343F36028
:10059000FF230AAE3380002300270B930C93069BA6
:1005A00032001999D869FFF7ADFEF757002F0DDB20
:1005B000F821109B494A890013407A010A401343ED
:1005C000474A134072789206134310931A980628EC
:1005D0000AD0FEF7D1FBF82300065B051840049A09
:1005E000404B1A4010430E90FF232B80002300261F
:1005F0006B60AB60069B2A001B99186AFFF782FEAE
:10060000AE57002E0FDBF8210E9A6B785200D20FF6
:100610009B18109A5B071343334AC9011340B20277
:100620000A4013431093802112221C980DABC9027B
:10063000FFF75BFE802113221D980DAB0903FFF726
:1006400054FEF82114221E980DAB4904FFF74DFE0D
:10065000F82119221F980DAB8905FFF746FE1823D4
:10066000617A60684B43C3181D000D9AC8352A6033
:100670001A000F9DD03215600E9D043A1560109A35
:10068000DC331A60039B002B02DB07AAFFF7D0FCC8
:10069000002F04DB617A60680AAAFFF7C9FC002E0C
:1006A00004DB617A606811AAFFF7C2FC062021B062
:1006B000F0BD002305930133049311E770DC0410AF
:1006C0000000E0AF341200209637002000FFFFFF4B
:1006D00000FFFF00B24B0410FFFF0FFC1FFCFFFFE9
:1006E000FFFFFFE3FFFFFFE0FF83FFFFF8B505001B
:1006F00048680C0016000F68DEF768FB032802D973
:100700000C48EAF731FA7B680B4A9B181B0D9B00DB
:100710001818FFF719FC0700022D02D83368072BC1
:1007200006D92200330038000832A91EFFF778FEF0
:100730003800F8BD744B04100000E0AF10B50C0099
:1007400013000A1D411E2068FFF76AFE10BD00005D
:10075000F0B50C0017001D0039000F4A85B02000CD
:10076000CFF7DEFD2868DEF731FBFFF7EDFB060073
:10077000012C01D8002F0BD0A2003900AA1801A823
:10078000D9F754FF30002A1D611E01ABFFF748FE68
:10079000300005B0F0BDC046FFFF030070B5060095
:1007A00008000C0006F0BAF9051E09D00C4A0D4BE2
:1007B000964200D10C4B9D4202D00C48EAF7D4F986
:1007C000200006F07DF90028F7D1002D07D1044B59
:1007D00004499E4200D10449200006F07FF970BD13
:1007E000000020503DFE02104DFE0210B84B0410D8
:1007F000F0B5294B89B005AF20C9029000930138AC
:10080000032301971600CFF7B9FD244B244A039325
:100810006B689B181B0D039A70339B00D3185C68A0
:10082000002C15D11C20D9F7BBFE1E4B0400036021
:100830001D4B1B4A43600623C360002303746B688F
:1008400085609B181B0D039A70339B00D31858606A
:10085000029B012B02D83368072B19D90021287A73
:1008600006F006F9059BE3603A7A22740022626181
:100870007A68A261062B0BD0297A6868FFF78EFF91
:100880006B68A269FC331A630121287A06F0F0F83C
:10089000200009B0F0BDC04658DC041070200020D4
:1008A0000000E0AF74CF04108CDE0410F0B52F4BC5
:1008B00089B005AF20C90290009301380323019746
:1008C0001600CFF75BFD2A4B0393AB7A039A723382
:1008D0009B00D3185C68002C12D11820D9F760FE59
:1008E000244B04000360244B856043600623C360EF
:1008F00000230374AB7A039A72339B00D3185860B9
:10090000029B012B02D83368072B23D90021287AB8
:1009100006F0AEF8059AE2603B7A23740023237553
:100920007B68637568686B7A0100FC31062A14D114
:10093000012608339E400A6BB2430A630300FC336E
:100940001B6B002B06D0297AFFF728FF0121287A9C
:1009500006F08EF8200009B0F0BD012208339A405D
:1009600013000E6B33430B63E8E7C04640DC041012
:100970007020002074CF0410A0DD041010B50822F0
:10098000002104480DF060F92022002102480DF0FA
:100990005BF910BD342200203C220020F7B507206F
:1009A00006F0BCF81E4B0400984207D10021072036
:1009B00006F05EF82100072006F0A2F9092006F0F3
:1009C000ADF8184B0400984207D10021092006F029
:1009D0004FF82100092006F093F90024124D01235D
:1009E000A340124F3A681A420CD06E686B7A3000FE
:1009F0001900019307F048FC0122019933688A40ED
:100A00009343336001340C35082CE8D100230848A7
:100A10003B60FFF75FFA0748FFF75CFAF7BDC04697
:100A20004DFE02103DFE021094DE04102024002032
:100A30000000205000003050F0B5A3B0DEF7D2F92E
:100A400002AC002223000125144F0190D1000220A6
:100A5000C9198C4609680132C90001432160614609
:100A600009794809844628006646B040844601203A
:100A700040428444C9060198C90EC840010060463E
:100A800001404900294361600834102ADED1002169
:100A90000348DFF791FF23B0F0BDC046E8DF041044
:100AA00040710410F7B50B6801921C79012802D936
:100AB0002548EAF729FA019B00221D6818002349FE
:100AC000ED08D9F7DFFD002827D1F022E302D2019B
:100AD0001F4C13401C4300271E4BFE00F618022338
:100AE00031680022C90001981943D9F7CBFD0028CD
:100AF0001FD07379013DDB071BD44068DEF772F924
:100B0000012133795A0991400A00013A110001404C
:100B1000884208D01048EAF727F84068DEF762F903
:100B2000013D0400D7E7DB06DB0E9A409840944372
:100B300004430137102FCFD1002D01D00020B8E79A
:100B40002000E1F76FFCFEBDD14B04101A1200002B
:100B500039803F00E8DF0410E44B0410F0B587B0A3
:100B600004AB20C90193214B039000930138022369
:100B70001600CFF703FC2B791D4F64339B00FB1845
:100B80005C68002C10D129001A48FCF7D7F92A79A3
:100B9000A021130064339B00FF180123934004003D
:100BA000154AC90578608B50039B012B02D8336826
:100BB000072B16D900210B2005F05AFF049902AB30
:100BC000E1601B7B6A79237401239A436A712A7955
:100BD0009340062908D0094A01210B20136005F033
:100BE00047FF200007B0F0BD054AF5E71CDF041001
:100BF00070200020E0DF04100C04000004240050EA
:100C0000043400501FB54A1E01A90400DEF72CFB76
:100C1000002802D0019804B010BD2000DEF7E2F8F1
:100C2000F9E7000010B50A790149DBF70FFF10BDA5
:100C3000E94B0410080010B511000022CFF770FB3B
:100C4000002007F0D7F8041E02DA1020EAF7AAF90C
:100C500002490820DDF7DFFF047110BD2CDF04100E
:100C6000F7B5A025002401270C4EED05AB590193E3
:100C70003A00A240019B13420BD00949A300C85877
:100C8000002806D0AA51826853793B435371FCF780
:100C900099F901340C2CEBD1F7BDC0460C040000CF
:100CA000042200200300002903D14079C007C00FAF
:100CB000704700200129FBD1A0201B79034A9940ED
:100CC000C00580580840431E9841F1E70C0400001D
:100CD00010B5FF2802D10248E9F746FF10BDC04613
:100CE000F14B0410F8B5136806000D001400002B3A
:100CF0003AD1A0230079DB058701FF187D2906D1B1
:100D0000FFF7E6FF3868E1F78DFB2060F8BDA42906
:100D100003D1FFF7DDFF7868F5E74A2903D1FFF734
:100D2000D7FFB868EFE72E4B994203D1FFF7D0FF0A
:100D30003869E8E72B4B9942E5D0D8239B009942CC
:100D40000FD11020D9F72CFCA0223379D2059B01BA
:100D50009B18254AC3600260C9224260B93A82608A
:100D6000D3E704235360D1E75768002FCED0007932
:100D7000FFF7AEFF7D2D0CD102213800FFF742FFB7
:100D8000A0223379D2059B019B18186000232360B1
:100D9000BCE7A42D0AD103213800FFF733FFA022BE
:100DA0003379D2059B019B185860EFE74A2D09D192
:100DB0003800DEF717F8A0223379D2059B019B1883
:100DC0009860E3E7064B9D42A0D13800DEF70AF8B1
:100DD000A0223379D2059B019B181861D6E7C04643
:100DE0003B02000023020000286E041070B50400CE
:100DF0000D000B20002105F03BFE012362799A4390
:100E0000627122799340002D07D0054A01210B2001
:100E1000136005F02DFE002070BD024AF6E7C046C3
:100E2000042400500434005070B504000079FF28F9
:100E300028D00122A02182400025134BC9051A6049
:100E4000830159180D604D608D600D61A0250F491B
:100E5000ED056A500E4A9B18802252041D68290035
:100E600011401542FAD102000A4B643292009B18DD
:100E70005A685960002A01D09160D16006F0B0FF35
:100E8000FF232371062070BD043400504404000089
:100E90000C00005070200020F0B50C000700150079
:100EA00040CC89B03079FFF713FF3A4B781E03AF7F
:100EB000210000932A0005230197CFF75FFA2C68E1
:100EC000072C0ED93D7CE408002D0DD0013C002CF0
:100ED0000AD101233279A02193408622C905D2008C
:100EE0008B50062009B0F0BD0398002810D00221D5
:100EF000FFF788FE3379013C9B01002D04D0A0222E
:100F0000D2059A18002C3DD0A022D2059B1818605B
:100F10007868002810D00321FFF774FE3379013C74
:100F20009B01002D04D0A022D2059A18002C2BD0B2
:100F3000A022D2059B185860B86800280FD0DDF7B2
:100F400051FF3379013C9B01002D04D0A022D20532
:100F50009A18002C1AD0A022D2059B189860F86825
:100F60000028BED0DDF73EFF33799B01002D04D071
:100F7000A022D2059A18012C0AD0A022D2059B18D3
:100F80001861AEE7D063C3E7D062D5E7D061E6E78A
:100F9000D060A6E7F4DE041070B50C680600207976
:100FA0000D00FFF795FE012E0CD96868DEF75AF8A0
:100FB0000122A0212379C9059A4000280DD086235B
:100FC000DB00CA50A0222379D2059B019B181B6924
:100FD0000E20DB0100D5103070BD05489B010A5082
:100FE000044A9B188022520419681142FCD1E9E797
:100FF000440400000C00005010B5302200210448C9
:101000000CF022FE80220B20024905F0A9FD10BD44
:1010100004220020610C031010B500210B2005F004
:1010200027FD0B20014905F06BFE10BD610C03107C
:1010300013B50400684608F05DF8082269462000F0
:10104000FCF72CFC13BD8C2210B5002152000CF0D3
:10105000FBFD10BDF7B5C02A09D080235B009A4282
:101060004BD00A24802A03D02020404244E00C24A4
:1010700000234360030008331D00520992000460FE
:101080008A184E780F7836023E438F783F043743F4
:10109000CE78043136063E4340C59142F1D15249E3
:1010A0000C2C2CD00E2C58D0FF26504DA830DC68CC
:1010B0001F68220A3240AA5C019204C95740019A73
:1010C0007A40270EEF5D3F047A4027003740EF5DFE
:1010D0003F067A40270C3740EF5D3F027A405F6859
:1010E0001A617A409F685A617A4054409A61DC6183
:1010F00010338342DBD10020FEBD0E24B8E7FF266B
:101100003A4DC8305C691F68220A3240AA5C0192DD
:1011100004C95740019A7A40270EEF5D3F047A4098
:1011200027003740EF5D3F067A40270C3740EF5DE0
:101130003F027A405F689A617A409F68DA617A403C
:10114000DF681A627A401F695A627A4054409A6294
:10115000DC6218338342D5D1CDE7FF26234C0191C1
:10116000E8300199DD6980C91A6801917A402F0A37
:101170003740E75D7A402F0EE75D3F047A402F004D
:101180003740E75D3F067A402F0C3740E75D3F026E
:101190007A405F681A627A409F685A627A40DF68D4
:1011A0009A627A4017003740E15D1F69DA62794040
:1011B000170EE75D3F064F40110A3140615C09029E
:1011C0007940170C3740E25D5F6912044A401A63A8
:1011D0007A409F695A637A4055409A63DD632033B1
:1011E0008342BED187E7C046C81B0510F03C0510FE
:1011F000F0B5D1B004000AA80D001600FFF723FFD8
:1012000000233200290063600AA8FFF723FF06903D
:1012100000283AD10A9A0B9993005B189B000CA9FD
:10122000CB181968FF25A1605968103BE1609969E6
:101230002F482161210018310491D9690593531E6B
:1012400007930393049B22600293059B61610193C2
:10125000284B0893284B0993039B002B1DDC079B0D
:10126000D017801A1B01059A5B42C117194051180B
:101270005B42C2171A40049B9B180A681A604A68AE
:101280005A608A689A60CA68DA608C210AA84900A4
:1012900001F0C6FA069851B0F0BD0021019B089CF0
:1012A0005B581E002E40865D1F0EC75DB600365986
:1012B000099CBF003F591C0A2C40045D7E400F4F23
:1012C000A4001B0CE7592B40C35C77400C4E9B00DD
:1012D0009B595F40029B5F5004311029DED11033CF
:1012E0000293039B013B0393019B103B0193B3E7E4
:1012F000F03C0510F0270510F01B0510F023051039
:10130000F01F0510F0B50600436808369B0099B041
:10131000F6184B7801920A781B0213438A780C7AEC
:1013200012041A43CB784F7B1B06134332683F02EB
:101330005340059310934B790A791B0213438A7922
:10134000350012041A43CB7910351B06134372681B
:1013500053404A7A1193120222438C7A2404144394
:10136000CA7A12062243B46862400C7B1292274369
:101370008C7B24042743CC7BF16824063C434C40FF
:10138000016800204910013908918749139403919D
:10139000FF21864E04962E6802966E680796AE6808
:1013A0000996EE680A962E690B966E690C96AE69E0
:1013B0000D96EE690E96089E002E00DDFEE00028D8
:1013C00004D005991193109112921394109B1399C4
:1013D0000493119B04980593129B734F0693FF236C
:1013E000724E18400C0E8000A400A459059AC059F2
:1013F0006F4D6040140A1C40069AA4006459120CF8
:1014000060401A406B4C920012595040029A424080
:10141000059802921840149282009446049A100E85
:10142000624680008059D25942409446069A100A7A
:10143000624618408000405950400A0C1A40920001
:1014400012595040079A424003921592069A1A4048
:1014500092009446059A100E624680008059D25937
:101460004240080A18408000405919405040049AF0
:101470008900120C1A4092001259C9595040099A19
:101480000C9F5040069A1690120E920092594A40B4
:101490000499090A194089004D595540059A120CC2
:1014A0001A409200125955400A9A5540424A290E54
:1014B000565C029936061940545C0B9917954C40BE
:1014C00003997440090A1940515C039E09024C407B
:1014D000010C1940515C1E4009044C400299965D74
:1014E000090E515C7E4009067140060A1E40965D59
:1014F0001094360271402E0C1E40965D36047140E9
:10150000039E1191360E975D3E06B44606001E40BE
:101510000D9F965D000E7E40674677402E0A1E4066
:10152000965D1D4036027740029E105C360C1E40D0
:10153000965D555D36047E400E9F00067D40454019
:1015400002981296000A1840105C00026840039D41
:101550002D0C2B40D55C019B019A1C70230A537003
:10156000230C93700B0A53710B0C93712D04330AE7
:1015700045405372330C117116729372240E2B0A6C
:10158000090E360ED1711395D470D672157353733C
:101590002B0C2D0E10A820219373D57301F040F968
:1015A000002019B0F0BDC046F0380510F02C051031
:1015B000F0340510F0300510F03C0510059E039F37
:1015C0000E40B600F759200E049E800080596A4EE6
:1015D0004740029802964740180A08408000805908
:1015E000160C47400E406548B600365820357E4000
:1015F0000696059E1F00360EB600B4460F40039EA9
:10160000BF00BE5967460F96049EBE590F9F774094
:10161000079E7740160A07970E40029FB600F659BC
:10162000079F7740260C0E40B60036587E4007963E
:1016300017001E0EB600B4460F40039EBF00BE59F1
:1016400067460F96049E120EBE590F9F9200774078
:10165000099E1B0C7740260A09970E40029FB60090
:10166000F659099F0C407740059EA400360C0E40A9
:10167000B60036580B407740039E9B00A459049E49
:101680001B589259029E54400A9A5440059A120AD5
:101690000A4092009259039E54405C40069B220EE1
:1016A0000B409B009B59049E92009259029E53400E
:1016B0000B9A5340079A120A0A4092009259039ECD
:1016C00053403A0C0A409200125853400593079B2E
:1016D000069A0B409B009B59120E049E9200925951
:1016E000029E53400C9A53403A0A0A409200925983
:1016F000079E5340220C0A4092001258360E534067
:101700003A00B600B4460A40039E92009259049EE5
:10171000099262469259099E3F0E564032000D9E34
:10172000BF007240260A09920E40029AB600B658CF
:10173000099A0C407240069EA400360C0E40B6007A
:1017400036587240039EA459049EBF590E9E7C4099
:101750007440069E370A0F40029EBF00BE59744077
:10176000079E360C0E40B6003058444008980138A9
:10177000089001200FE6C046F0340510F030051047
:10178000F0B50600436808369B0099B0F6184B7810
:1017900001920A781B0213438A780C7A12041A43C6
:1017A000CB784F7B1B06134332683F0253404A7984
:1017B000059310930B7912021A438B7935001B04A1
:1017C0001343CA79103512061A4373685A404B7A8C
:1017D00011921B0223438C7A24041C43CB7A1B06F0
:1017E0002343B46863400C7B129327438C7B24040F
:1017F0002743CC7BF16824063C434C400168002021
:10180000491001390891884913940391FF21874EAB
:1018100004962E6802966E680796AE680996EE6882
:101820000A962E690B966E690C96AE690D96EE6956
:101830000E96089E002E00DD00E1002804D00599D8
:101840001192109112931394109B774F0493129B53
:1018500004980593119B754E0693FF23069A184032
:10186000140E8000A4001399A459C059704D604013
:101870000C0A1C40059AA4006459120C60401A40DE
:101880006C4C920012595040029A424006980292C3
:101890001840149282009446059A100E6246800009
:1018A0008059D25942409446049A100A6246184020
:1018B0008000405950400A0C1A4092001259504082
:1018C000079A424005980392184015928200080E2C
:1018D0008000D2598059194042409446069A8900A6
:1018E000100A6246184080004059C9595040049A75
:1018F0000C9F120C1A40920012595040099A504005
:10190000049A1690120E92009659059A4E40120AA9
:1019100006991A409200090C5259194089007240E8
:101920000E59039956400A9A090E5640424A179694
:10193000545C029924061940555C0B994D40310ABC
:101940001940515C654009024D40010C1940515C41
:1019500009044D40010E545C039924061940515C62
:10196000109579404C4002990700090A1940515CD2
:101970001F4009024C40310C1940515CD75D0904ED
:101980004C40310E515C1E4009068C460D99965D07
:101990004F4061467940039F000A3F0A1F40D75DD0
:1019A00018403F027940029F105C3F0C1F40D75DFA
:1019B00000023F047940029F11943F0ED75D1291BF
:1019C0003F06BC460E9F7E4067467E407040039EA9
:1019D000360C3340D65C019B019A1D702B0A537064
:1019E0002B0C9370230A5371230C937136040B0A4A
:1019F000464053720B0C1471117293722D0E330A00
:101A0000240E090ED1721396D570D47116735373C8
:101A1000330C360E10A820219373D67300F000FF0C
:101A2000002019B0F0BDC046F0270510F01B0510CE
:101A3000F0230510F01F0510F02B0510059E039FE5
:101A40000E40B600F759100E049E800080596F4E6C
:101A50004740029802964740200A0840800080597B
:101A60001E0C47400E406A48B600365820357E406E
:101A7000069617001E0EB600B4460F40039EBF0028
:101A8000BE5967460F96049EBE590F9F7740079E2A
:101A90007740059E0797360A029F0E40B600F6591A
:101AA000079F7740260C0E40B60036587E400796BA
:101AB0001F00260EB600B4460F40039EBF00BE595D
:101AC00067460F96049E0C40BE590F9FA4007740B6
:101AD000099E1B0A7740160A09970E40029FB6001E
:101AE000F659099F0B407740059E9B00360C0E402F
:101AF000B6003658120C7740059E0A40360EB600E6
:101B0000B446039E9200A459049E05946446A459C9
:101B1000059E664034000A9E7440029E9B59039EB7
:101B20005C401358079A5C40069B120E0B409B00CA
:101B30009B59049E92009259029E53400B9A534027
:101B4000220A0A4092009259039E53403A0C0A40DE
:101B5000920012585340079A05930A4092009259F6
:101B60003B0E049E9B009B59029E5A400C9B5A4080
:101B7000069B1B0A0B409B009B59260E5A40230CC8
:101B80000B409B001B58B6005A403B00B4460B402C
:101B9000039E9B009B59049E099363469B59099E93
:101BA0000C405E4033000D9EA4007340079E0993D5
:101BB000360A029B0E40B600F658099B3F0A734056
:101BC000069E0F40360C0E40B6003658BF007340DC
:101BD000069E360EB600B446039EA459049E069493
:101BE0006446A459069E664034000E9E7440029ED0
:101BF000BE597440079E360C0E40B6003058444023
:101C0000089801380890012003E6C046F02305102B
:101C1000F01F051010B50C0011001A00012C07D898
:101C2000002C02D1FFF7ACFD10BDFFF76BFBFBE70B
:101C300021204042F8E7F0B589B0140003900193E9
:101C400001294DD8002A25D013074CD1002924D1D1
:101C50000F9D10220E9904A80BF0FCFF2A000E998C
:101C60000398FFF78DFD002815D102000199AB5CA8
:101C7000895C4B40AB540132102AF7D1019804A97A
:101C80000BF0E8FF0E9B103510330E930F9B1B19C2
:101C90009D42DED1002009B0F0BD1600019B0293E9
:101CA00000250F9A0E9B17191B19BF1B02999B1B2E
:101CB00002975A5D485D42407A550135102DF8D1A2
:101CC0003A0039000398FFF71DFB0028E3D1103ECE
:101CD000002EE5D12A00390001980BF0BBFFD9E7AF
:101CE00021204042D7E72220FBE710B558220021EF
:101CF0000BF0AAFF10BD10B5002802D0582100F04B
:101D00008FFD10BD03000020054A18609A60054A47
:101D10005860DA60044A1A61044A5A617047C04642
:101D20000123456789ABCDEFFEDCBA9876543210BB
:101D30004A780B7812021A438B78F0B51B041343D0
:101D4000CA78ABB012061A43049216924A790B79FC
:101D500012021A438B7901901B041343CA7914278A
:101D600012061A43059217924A7A0B7A12021A4304
:101D70008B7AFE4D1B041343CA7A12061A4306924D
:101D800018924A7B0B7B12021A438B7B1B04134372
:101D9000CA7B12061A43079219924A7C0B7C1202E4
:101DA0001A438B7C1B041343CA7C12061A43089205
:101DB0001A920B7D4A7D12021A438B7D1B0413433A
:101DC000CA7D12061A4309921B924A7E0B7E1202AA
:101DD0001A438B7E1B041343CA7E12061A430A92CF
:101DE0001C924A7F0B7F12021A438B7F1B04134302
:101DF000CA7F12061A430B921D928A1CD27F4B1C7B
:101E0000DB7F12021A43CB1CDB7F1B0413430A1D2A
:101E1000D27F12061A430C921E928A1DD27F4B1D4E
:101E2000DB7F12021A43CB1DDB7F1B0413430A0026
:101E30000832D27F12061A430D921F920A000B003D
:101E40002932127828331B7812021A430B002A33E6
:101E50001B781B0413430A002B32127812061A4314
:101E60000E9220920A000B002D3212782C331B7830
:101E700012021A430B002E331B781B0413430A0073
:101E80002F32127812061A430F9221920A000B0089
:101E90003132127830331B7812021A430B0032337E
:101EA0001B781B0413430A003332127812061A43BC
:101EB000109222920A000B003532127834331B78CC
:101EC00012021A430B0036331B781B0413430A001B
:101ED0003732127812061A43119223920A000B002D
:101EE0003932127838331B7812021A430B003A3316
:101EF0001B781B0413430A003B32127812061A4364
:101F0000129224920A000B003D3212783C331B7867
:101F100012021A430B003E331B783F311B0413435C
:101F20000A78934912061A431392836825921593EF
:101F3000C368089E02930369029C039343698D481A
:101F40001493149A039BB4465340029A099E13407B
:101F5000149A5340159A5118049A8918591819233C
:101F6000D941029A039B89185340039A0B4053406E
:101F7000149A1218059812189A18FA4102985218D1
:101F8000484010406040039C63190F25069C1B19B4
:101F9000C318EB410800029C774D9B186419079DFC
:101FA00050406419754D18406544AC4648400419CA
:101FB0000A206144B446C4411000714DE4186544E0
:101FC000AC46584020405040401819210A9E6244B7
:101FD000B446C84119006B4D00196544AC466140D8
:101FE000014059408918F94122000B9E0F25634496
:101FF000B446091842400A406240D218EA41624D94
:102000000C9E6544AC466444B44603005F4D5218D0
:102010006544AC464B40134043401B190A240D9EB7
:102020006044B446E3410C00594D9B186544AC46EE
:1020300054401C404C40241819200E9E6144B44664
:10204000C4411000534DE4186544AC46584020404C
:1020500050404018F84119000F9E0F256244B446C5
:1020600000196140014059408918E9414A4D220058
:102070006544AC46091842400A40109E63446240E1
:10208000D2180A23B446454DDA4103006544AC46F4
:1020900052184B401340119E644443401B191924AD
:1020A000B4463F4DE3410C006544AC469B18544098
:1020B0001C4060444C402418FC411000129D394ED5
:1020C000E418AF190F2558402040504079184118A6
:1020D000E9411800139D344E09196040AE190840BB
:1020E0005840B21882180A20C2410E0005982F4DA0
:1020F00052184019C0181B23564026404E40301835
:10210000D84116000A9D2A4F8018EB191B19172475
:1021100046400E405640F318E341060012271B18B4
:102120000F9C244D5E40641916404640611871189A
:10213000F9411C00C918049D1F4E4C400440AE19C3
:10214000B6185C400C22A419099ED441B4461B4D1C
:102150000A006544AC46641862401A4060444A4034
:1021600012181B200E9EC241B44629E0DB702024C9
:1021700078A46AD756B7C7E8EECEBDC1AF0F7CF5DD
:102180002AC68747134630A8019546FDD89880692E
:10219000AFF7448BB15BFFFFBED75C892211906B18
:1021A000937198FD8E4379A62108B44962251EF6E5
:1021B00040B340C0515A5E26AAC7B6E95D102FD67B
:1021C000FE4D101922006544AC4642400A4063446B
:1021D0006240D2181723139EDA41B446F84D131803
:1021E00002006544AC465A40224061444240089E89
:1021F0005218FA41B446F34DD1181A006544AC4662
:102200004A40024064445A400D9E12190C24B446C0
:10221000E241ED4D0C006544AC46521854401C4060
:1022200060444C4024181B20C4411500129EA41881
:10223000B44665402800E54D079E6544AC466344BE
:10224000B44608405040C0181723E14DD8416544BA
:10225000AC4623000C9E6144B44600194340134031
:1022600063405B18FB41DB4D01006544AC461B1825
:102270005940214062444140119E89180C22B446C5
:10228000D141D54D1A006544AC46C9184A400240B8
:1022900064445A40069E12191B24B446E241CF4DB5
:1022A0000C006544AC46521854401C404C406044FD
:1022B00020181724E041150080180B9CC84E45409B
:1022C0000D40A419E41855402D19FD4103002D18A7
:1022D0006B40109E1C00C34F1440F7197F180C214F
:1022E0004440E419CC41C04E0999641989198918F0
:1022F0001C226340CB18D3412E000C99BB4F1B19F5
:102300006640C9195E400918711815262700F14169
:102310000F98B74AC918821810205F404F405219D1
:10232000BA18C2411F001298B24D52184019001934
:10233000059D0924AC464F4057403F18E741AE4C3D
:1023400008006444A446BF18089D50406344784088
:10235000AC46C0181C23A94CD84164441300A446C1
:10236000C0197B400B9D614443405B18F341AC4670
:10237000A34C191864443B00A446434062444B40BC
:102380009B1810220E9DD341AC469E4C5A186444B3
:10239000A4460300119D09246744AC464B405340BA
:1023A000DB19E341984C0F006444A446049D60444B
:1023B000AC469B1857405F403F18944C1C20644427
:1023C000A446C7411000079D6144AC46FF18584021
:1023D00078408F4C4018F04119006444A446C0195D
:1023E0000A9D794062444140AC4689181022894CCC
:1023F000D14164443A00A44609180D9D424063440B
:102400004A40AC46D2180923834CDA4164440300A5
:10241000A4465218109D4B4067445340AC46DB190C
:102420001C277E4CFB4164440F00A4469B18574078
:1024300060445F403F18F741139C1000784DFE1830
:1024400067197F18102158407040C019C841754C59
:1024500085191900069871400019801809226940F1
:102460000918D141704A4C199446F1431A2704982F
:10247000214360446940C01808186C4BF8419C46E1
:10248000EA4316230B9900190243614462408919FB
:102490005118674ED941B446E243129B09180A43CA
:1024A00063445B194240D2181123DA41C343614EA1
:1024B0005218B44613434B401D00099B109E6344C1
:1024C0001B195B195C4D0B24AC46E3416644CC43BD
:1024D000B4469B181C436044584D54402418FC419A
:1024E000AC46079EE0186644D443B44604436144B6
:1024F0005C4064181621524DCC41AC460E9E21180A
:102500006644DC43B4460C4362444E4D4440A41838
:102510001122AC46059ED4416644C243B4466418B9
:10252000224363444A40D2180B23474DDA41AC465C
:102530000C9E13196644CA43B4461A436044434D83
:1025400062401218FA41AC46139ED0186644E2432A
:10255000B446024361445A40521816213C4DCA41C8
:10256000AC460A9E11186644DA43B4460A436444F2
:10257000424012191124374DE241AC46119E5418C5
:102580006644B446C243344D6344AC4622434A4099
:10259000D2180B23089EDA416644B446CB432F4D34
:1025A0006044AC461219134363401B18FB41E043DF
:1025B0000F9F9B1867447F1852E0C0465314440293
:1025C00081E6A1D8C8FBD3E7E6CDE121D60737C322
:1025D000870DD5F4ED145A4505E9E3A9F8A3EFFCFE
:1025E000D9026F678A4C2A8D4239FAFF81F67187CA
:1025F00022619D6D0C38E5FD44EABEA4A9CFDE4BF7
:10260000604BBBF670BCBFBEC67E9B28FA27A1EA12
:102610008530EFD4051D880439D0D4D9E599DBE69F
:10262000F87CA21F6556ACC4442229F497FF2A43C4
:10263000A72394AB39A093FCC3595B6592CC0C8F54
:102640007DF4EFFFD15D84854F7EA86FE0E62CFE20
:10265000144301A3A111084E827E53F735F23ABD0F
:10266000162118435040194DC019C841AC46D143FA
:10267000069EC01801436644361959401124891931
:10268000134EE141B4460D9DDC436544AD180B2269
:1026900009180C4344406419D441159A2693D31861
:1026A000019A64189360029B27941C19039B28913C
:1026B00059182990D4601161149B50211818506149
:1026C00016A800F0ADF800202BB0F0BDBBD2D72A81
:1026D00091D386EBF7B50400161E009137D03F2545
:1026E00003681D409B180360934202D24368013384
:1026F0004360002D17D040277F1BBE4213D3230019
:10270000183300993A00581901930BF0A3FA2000EE
:102710000199FFF70DFB00281AD176190500009BDF
:10272000403EDB190093370005E02000FFF700FB77
:1027300000280DD1403F009B9919C91B3F2FF4D8A9
:10274000002F04D018343A0060190BF083FA0020EF
:10275000FEBDF8B504003F22260003680D001340BB
:10276000581C4132E3181A761836382848D8002108
:10277000483A121A30180BF067FA22686368510F52
:10278000DB000B432100D2005031100A0A70487060
:10279000100C120ECA70220088705432190A13707D
:1027A0005170190C1B0E917020003100D370FFF78F
:1027B000BFFA071E1FD1237A2B70637A6B70A37A3E
:1027C000AB70E37AEB70237B2B71637B6B71A37B24
:1027D000AB71E37BEB71237C2B72637C6B72A37C0C
:1027E000AB72E37CEB72237D2B73637D6B73A37DF4
:1027F000AB73E37DEB732000FFF77DFA3800F8BD83
:1028000040220021121A30180BF01EFA310020006D
:10281000FFF78EFA071EEED1010038223000AAE73A
:1028200010B50A000400002903D0024B00211B68E8
:10283000984710BDF03D051010B55C2200210BF04B
:1028400003FA10BD10B5002802D05C21FFF7E8FFA5
:1028500010BD000003000020064A18609A60064A76
:102860005860DA60054A1A61054A5A61054A9A6158
:102870007047C0460123456789ABCDEFFEDCBA98AF
:1028800076543210F0E1D2C34B780A781B0213431E
:102890008A78F0B512041A43CB78B1B01B06134303
:1028A0001BBA07934B790A791B0213438A7901906B
:1028B00012041A43CB791B271B0613431BBA189328
:1028C0004B7A0A7A1B0213438A7AFE4E12041A4389
:1028D000CB7A1B0613431BBA09934B7B0A7B1B0263
:1028E00013438A7B12041A43CB7B1B0613431BBA88
:1028F0000B934B7C0A7C1B0213438A7C12041A4301
:10290000CB7C1B0613431BBA0C934B7D0A7D1B0229
:1029100013438A7D12041A43CB7D1B0613431BBA53
:102920000D930A7E4B7E1B0213438A7E12041A43C8
:10293000CB7E1B0613431BBA15934B7F0A7F1B02EA
:1029400013438A7F12041A43CB7F1B0613431BBA1F
:1029500016934B1CDA7F8B1CDB7F1B021343CA1CB4
:10296000D27F12041A430B1DDB7F1B0613431BBAD5
:102970000E934B1DDA7F8B1DDB7F1B021343CA1D99
:10298000D27F12041A430B000833DB7F1B0613436C
:102990001BBA0F930B0028331A7801331B781B02E4
:1029A00013430A002A32127812041A430B002B3305
:1029B0001B781B0613431BBA10930B002C331A7899
:1029C00001331B781B0213430A002E3212781204C3
:1029D0001A430B002F331B781B0613431BBA1193AA
:1029E0000B0030331A7801331B781B0213430A00A3
:1029F0003232127812041A430B0033331B781B0651
:102A000013431BBA12930B0034331A7801331B782B
:102A10001B0213430A003632127812041A430B00C9
:102A200037331B781B0613431BBA02930B00383352
:102A30001A7801331B781B0213430A003A321278CA
:102A400012041A430B003B331B781B0613431BBABB
:102A50000A0003930B003D3212783C331B781202BC
:102A60001A430B003E331B783F311B0413430A7893
:102A700012061A4313BA049383681393C368179317
:102A80000369059343691493836905981993149B0B
:102A90005840179B1840149B5840139B199AFB41B0
:102AA00092199B18C018079B179AC0180223DA4185
:102AB00005999C46139B51401940059B644659401B
:102AC000149B059D9B19C918189BAD19C9180300C3
:102AD000FB41CB180693139B0999E34114005C401A
:102AE000044054406D186519069C6146FC41C8417C
:102AF0002D191C00069944400C400B9992195C401A
:102B00005218A2182C00FC4161461219069C9B1910
:102B1000CC41210004000C9E4C402C4044409B19A9
:102B2000E3181400FC411B1964460E00E5410693AE
:102B3000644C0D9B6E401C19634616404E40241891
:102B40000698DA4134192E00F841069B56402418A5
:102B50001E405C48159B6E40181840182100F94132
:102B600063463018401806991600D9414E40264059
:102B7000564006960B00169E524971186646491932
:102B8000069DF441691805001E00FD41664006409F
:102B90005E40069649190E9E4A4D75190E00FE417B
:102BA000AA18069DAA1892196646F04126000692B8
:102BB000444D0F9A464055190E406640EB18F318E5
:102BC000069E6246FE41D1419B190600069A4E4080
:102BD00016403C4D109A464055192D191C00FC41D9
:102BE000624675192D19069C0E00D44166401E40A0
:102BF0004E4006962200119E324C34196646241827
:102C00000698F341041928001600F8415E402E4052
:102C1000564006962418129E2A48301866464018D8
:102C20000699F541081821001E00F9416E40264022
:102C30005E4006964018029E224971186646891821
:102C4000069AF441511802002E00FA4166400640EF
:102C50006E4006968918039E1A4AB218D218069B2F
:102C600066469A180B00F041FB4126000890D218E6
:102C70004640144B04980E40C3185B19150060467B
:102C8000FD416640F3181F26C1415B190998079D55
:102C900045400E98454002984540F5410695089DEF
:102CA00008984D402E0016404640064D069845199E
:102CB0002C191D006046FD4134191F26C2416419BC
:102CC0000B9801E09979825A189D0A9245400F9815
:102CD0003200454003984540F5410E0007950A989B
:102CE00046402800FE4D1E40451908984E402818C1
:102CF0002500FD413018401965460C9EEB41099DA9
:102D00007540109E7540049E7540D5410A9E0A9AF2
:102D10005E40264056402A000895F14D5519691825
:102D200005006246FD4171181F26D44149190D9ACC
:102D30000B9D5540119A5540069A5540F5412A0081
:102D40000995E74D1E0055190A9A6640AA180D000C
:102D5000FD4106405E40B21852196546159EE84195
:102D60000C9D18907540129E7540079E75401F2659
:102D7000F5410A95250045402E000A98D94D4E4050
:102D80004519EB1815006046FD41F3181F26C14197
:102D90005B1916980D9D454002984540089845409E
:102DA000F54128000B95CF4D189E45192D191C0093
:102DB0006046FC414E40564075191F26C2412D19F0
:102DC0000E98159C44400398444009984440F441AF
:102DD0000C940C0054400C982600C24C5E40041920
:102DE000189824182800F8413419241860460F9EBA
:102DF000C341169815937040049E70400A9E70401F
:102E00001F26F0410D901000584006000D9BB5485C
:102E10006E401818401821006346F94130181F26EB
:102E2000DD414018109B0E995940069B59400B9B61
:102E30005940F1410E9115990E9B69400E00A94928
:102E400066405918891802006346FA4171181F2616
:102E5000DC418918119B0F9A5A40079B5A400C9BE2
:102E60005A40F2410F922A0062400F9B16009D4A81
:102E700046409A18159BD2180B00FB41B218D21885
:102E80006346129ED841109B15907340089E734074
:102E90000D9E73401F26F3411093230043401E00F4
:102EA0001098904B4E40C3185B1915006046FD41C9
:102EB000F3181F26C1415B190298119D45400998DE
:102EC00045400E984540F5411195159D11984D408E
:102ED0002E00844D564045192D191C006046FC41BA
:102EE00075191F26C2412D190398129C44400A9857
:102EF00044400F984440F44112940C0054401298FE
:102F00002600784C5E400419159824182800F841D2
:102F1000341924186046049EC341029815937040EA
:102F20000B9E7040109E70401F26F04102901000D2
:102F300058400600029B6B486E401818401821004C
:102F40006346F94130181F26DD414018069B03995E
:102F500059400C9B5940119B5940F14103911599DF
:102F6000039B69400E005F496640591889180200AA
:102F70006346FA4171181F26DC418918079B049AA1
:102F80005A400D9B5A40129B5A40F24104922A002B
:102F90006240049B1600534A46409A18159BD2186B
:102FA0000B00FB41B218D2186346089ED841069B1D
:102FB000159073400E9E7340029E73401F26F3418E
:102FC0000693230043401E000698464B4E40C3180C
:102FD0005B1915006046FD41F3181F26C1415B19BE
:102FE0000998079D45400F98454003984540F54195
:102FF0000795159D07984D402E003A4D56404519AE
:103000002D191C006046FC4175191F26C2412D195F
:103010000A98089C44401098444004984440F44165
:1030200008940C005440089826002E4C5E40041969
:10303000159824182800F8413419241860460B9E6E
:10304000C341099815937040119E7040069E7040D0
:103050001F26F0410990100058400600099B2148A6
:103060006E401818401821006346F94130181F2699
:10307000DD4140180C9B0A995940129B5940079B0F
:103080005940F1410A9115990A9B69400E00154972
:1030900066405918891802006346FA4171181F26C4
:1030A0008918DC410B9A0D9B16945A40029B340000
:1030B0005A40089B5A40F2410B922A00169B5A40F4
:1030C00016000B9B074A46409A18159BD2180B0016
:1030D000FB41B218D21863460E9ED84104E0C046A8
:1030E0009979825AA1EBD96E0C9B7340039E734071
:1030F000099E7340E3410C93169B0C9C43401E00B9
:10310000FE4B4E40E3185B1915006446FD41F31871
:103110001F265B19E1410D9D0F9C18916540049C91
:10312000310065400A9C6540F5410D950500189CED
:1031300065402E000D9CF14D56406519169C2D19C9
:103140001C00FC4175192D196446109EE2410E9C2D
:103150007440069E74400B9E7440CC4126000E9431
:10316000E74C341924182800F84124181800189E38
:103170001043304016001E40304324186046119E14
:10318000C3410F9815937040079E0B0070400C9E32
:103190007040C84115990F9028000E000843104058
:1031A0002E400F990643D648081818994018210058
:1031B000F941301840186146129ECD411099714076
:1031C000089E71400D9E7140D9410E001091CC496E
:1031D000711889180200FA4189182200159E2A43A5
:1031E00032402E002640324389186246029ED44166
:1031F000119A7240099E72400E9E7240DA411192FD
:103200000200260022432A400640119B1643BC4A76
:103210009A18159BD2180B00FB41B218D2186346BE
:10322000039ED841129B73400A9E73400F9E7340C9
:103230001F26F3411E001293B14BF3185B191500C2
:10324000FD415B190D00060005430E402540354346
:103250005B196546E941029D1591049E75400B9EE0
:103260007540109E75401F26F541029515000E0011
:103270000D430540164002992E43A14D4D192D19BD
:103280001C006146FC4175191F26CA412D1906997B
:10329000039C4C400C994C4011994C40F441210046
:1032A0000394974C16000C1924182800F841241890
:1032B000180015991043084061461E4030431F26F0
:1032C0002418CB4104980799169348400D99330070
:1032D000484012994840F0411699049028000E0089
:1032E000084310402E400499064385480818159954
:1032F00040182100F941301840186146089ECD4120
:10330000069971400E9E7140029E7140D9410E0097
:1033100006917B49711889180200FA418918220028
:10332000169E2A4332402E002640324389186246B8
:10333000099ED441079A72400F9E7240039E7240CC
:10334000DA4107920200260022432A400640079BEA
:1033500016436B4A9A18169BD2180B00FB41B21801
:10336000D21863460A9ED841089B7340109E734052
:10337000049E73401F26F3411E000893604BF31810
:103380005B191500FD415B190D00060005430E4059
:10339000254035435B1965460B9EE941099D159112
:1033A0007540119E7540069E75401F26F541099592
:1033B00015000E000D430540164009992E43504D4F
:1033C0004D192D191C006146FC4175191F26CA4173
:1033D0002D190C990A9C4C4012994C4007994C406D
:1033E000F44121000A94464C16000C1924182800B8
:1033F000F8412418180015991043084061461E40F2
:1034000030431F262418CB410B980D991693484042
:1034100002993300484008994840F04116990B90B2
:1034200028000E00084310402E400B9906433448F4
:103430000818159940182100F941301840186146C4
:103440000E9ECD410C997140039E7140099E7140C2
:10345000D9410E000C912A49711889180200FA41CD
:1034600089182200169E2A4332402E0026403243FD
:10347000891862460F9ED4410D9A7240049E724094
:103480000A9E7240DA410D920200260022432A4031
:1034900006400D9B16431A4A9A18169BD2180B0029
:1034A000FB41B218D2186346109ED8410E9B734060
:1034B000069E73400B9E73401F26F3411E000E9321
:1034C0000F4BF3185B191500FD415B190D00060049
:1034D00005430E40254035435B196546119EE94181
:1034E0000F9D15917540079E75400C9E75401F26D7
:1034F000F5410F9515000E0004E0C046A1EBD96E12
:10350000DCBC1B8F0D43054016400F992E43FE4D2A
:103510004D192D191C006146FC4175191F262D19E6
:10352000CA41109C12994C4008994C400D994C404E
:10353000F44121001094F44C16000C1924182800B2
:10354000F8412418180015991043084061461E40A0
:1035500030431F26CB4124180299119848400999FD
:1035600048400E994840F041119028001E00184331
:1035700010402E4011990643E34808181599401849
:103580002100F9413018401829006546039EE941A1
:10359000129D159175400A9E75400F9E75401F261D
:1035A000F54112951D004D402E001299D74D6640F1
:1035B0004D19AA1805006146FD41B2181F26CC41DD
:1035C00052190499029D4D400B994D4010994D4060
:1035D000F54129000295CD4D159E4D19EB181500AA
:1035E0006146FD4166404640F3181F26C8415B19FD
:1035F0000699039D4D400C994D4011994D40F54160
:1036000029000395C14D26004D19159946406918AA
:103610001D00FD415640711849196546079EEA4153
:10362000049D159275400D9E7540129E75401F2693
:10363000F541060056402A000495B44D5E405519E8
:103640002D190C006246FC4175191F26D3412D1916
:10365000089A069C54400E9A5440029A5440F441F1
:10366000220006941B94159C5C402600A74C4E40FB
:103670001419241828006246F84134191F26D14134
:103680002418099A079850400F9A5040039A5040C6
:10369000F041079002001C901800484006009B482B
:1036A0006E401018159A80182200FA4130188018C0
:1036B00062460A9ED541089A15957240109E724046
:1036C000049E72401F26F24108921D920A006A4031
:1036D0001600089D8D4A6640AA18D2180300654658
:1036E000FB41B2181F26EC41D2180B9D099B6B4081
:1036F000119D6B40069D6B40F3411D0009931E9385
:10370000159B63401E00814B4640EB185B1811006F
:103710006546F941F3181F265B18E8410A990C9D8C
:1037200016906940129D30006940079D6940F14143
:103730000A911F912100169D69400E000A9D734950
:1037400056406918159D49191D00FD417118491908
:1037500065460D9EEA410B9D15927540029E75408F
:10376000089E7540C5410B950B982095674E169D98
:1037700055403200861934195D402D190C00FC416A
:103780002819189060461F25C3410C9C0E98444090
:103790000398444009984440EC412000861818984A
:1037A0000C94F8412194159C169A5C404C40B61834
:1037B000A619361860460F9CC1410D986040049CC4
:1037C00060400A9C6040E8410D90229018002C0057
:1037D000189D48400D9A68404C4D5519159AAD18E2
:1037E0003200FA4145196046AD18189AC241159247
:1037F0000E9A10984240069842400B984240E2418F
:10380000424C15981419E4182B00FB4148407040B5
:103810000419E3180E9363461198DE410F9B23921F
:103820004340079843400C9843401F20C3411598DC
:103830000F93704068400F9C249303003348201876
:1038400040180E996446F9411818E5414018129C39
:1038500010990E9B6140089C61400D9C61400C00DA
:103860001F21CC410894259434006C405C40230017
:103870002649089C6118159C09190400FC41591837
:10388000091964460E9BE341119C0E93029B5C4018
:103890002300099C5C40624014001F22D44109941B
:1038A00026942C000E9B194A5C4044402300099C3E
:1038B000A21892190E006446FE419A18E04192192E
:1038C000039C129E0F9B66400A9C66405E4034003B
:1038D0001F23DC410A9427940E9C0C4B4440260085
:1038E0000A9C4E40E3185B191500FD41F3185B1963
:1038F0006546E9411F260F91029D04990F9C4D409A
:103900000B994D40089903E0DCBC1B8FD6C162CAFD
:103910004D400100F54161402D4C28952D191C00AA
:103920000E000E99FC416D186146564075191F2610
:10393000CA412D190399069C2F924C400C994C407A
:1039400009994C40F4410F99299451400E002049A7
:103950005E40641824182800F84134192418604681
:103960001F26C341049907982C9448400D992E9323
:1039700048400A9948401A90F04115492A90401849
:103980000F99160040182100F9415E406E40301832
:1039900040186146CD4113992B90081801992D9537
:1039A000886017991AA80C190199CC6005994D19CE
:1039B00001990D611499CB1801994B61199B9A18C3
:1039C0008A615821FEF72CFF002031B0F0BDC046BF
:1039D000D6C162CAF7B50400161E009137D03F2544
:1039E00003681D409B180360934202D24368013371
:1039F0004360002D17D040277F1BBE4213D3230006
:103A00001C3300993A00581901930AF023F9200059
:103A10000199FEF739FF00281AD176190500009B9D
:103A2000403EDB190093370005E02000FEF72CFF35
:103A300000280DD1403F009B9919C91B3F2FF4D896
:103A4000002F04D01C343A0060190AF003F900205A
:103A5000FEBDF8B504003F22260003680D001340A8
:103A6000581C4132E3181A771C36382859D80021DF
:103A7000483A121A30180AF0E7F8216862684B0FCA
:103A8000D200134322001BBA5432180A5070180C8B
:103A9000137090701A0E230057331A702200CB0057
:103AA0001BBA5832190A13705170190C1B0E917001
:103AB00020003100D370FEF7E7FE071E2CD1A3686B
:103AC0001BBA1A0A2B706A701A0C1B0EEB70E36893
:103AD000AA701BBA1A0A2B716A711A0C1B0EEB71B1
:103AE0002369AA711BBA1A0A2B726A721A0C1B0E6E
:103AF000EB726369AA721BBA1A0A2B736A731A0CE7
:103B00001B0EEB73A369AA731BBA1A0A2B746A748F
:103B10001A0C1B0EAA74EB742000FEF793FE3800FB
:103B2000F8BD40220021121A30180AF08DF8310039
:103B30002000FEF7A9FE071EEED10100382230005A
:103B400099E710B56C2200210AF07EF810BD10B57F
:103B5000002802D06C21FEF763FE10BDF0B5030013
:103B600085B001292BD800291DD0164A1648944645
:103B7000164A0290164F174E174D184C18480392CC
:103B80006246019000209A64039A1864DA65029AEA
:103B900058641A66019ADF641E655D659C655A6605
:103BA000996605B0F0BD0F4A0F4894460F4A02903F
:103BB0000F4F104E104D114C11480392E0E7742046
:103BC0004042EEE7D89E05C1A78FF96411155868E9
:103BD00007D57C3617DD703039590EF7310BC0FF31
:103BE000A44FFABE67E6096AABD9831F8C68059BB0
:103BF00085AE67BB72F36E3C3AF54FA57F520E510E
:103C000019CDE05B0300F0B53824D5B048330890F7
:103C10000991202219004CA807930AF01BF8539B26
:103C200064420593519B509803934D9B529E02937F
:103C30004E9B4C9904934F9B06930AABE4180023C8
:103C40000193019B0F2B00D96FE0099A099D9B00FE
:103C50009A5CEB185F783F0217439A78DB7812047E
:103C60003A431B061A4312BA06230700DF41050038
:103C70003B000B27FD4119276B400500FD41039FC9
:103C80006B407740019D07407740DB19AF00364D10
:103C90002264EF590D00DB199B18059A0F009B1841
:103CA0000222D7410B32D54116226F400D00D5417B
:103CB000029A6F40049D0A432A40029D04340D403D
:103CC0002A43069DBA185F19019D9B18013501957D
:103CD000049D05960695019D402D1ED10B92039AD9
:103CE0000A935292049A4C934F92029A079B4E92D7
:103CF000089A5190539650974D914CA86832196884
:103D000010C8091902C39A42F9D194210AA849009E
:103D1000FEF786FD002055B0F0BD029A039E029189
:103D200003901900380004928BE7A36B11251A0049
:103D3000EA4194461A000235EA4165466A40256820
:103D40009B0AAC465A40636A676863440725D318E8
:103D50003A00EA4194463A000B35EA416546FF08CD
:103D60006A407A409A187FE7F43D0510F7B50500E0
:103D70000E00141E39D03F27036C1F409B180364AC
:103D8000934202D2436C01334364002F13D040238B
:103D9000DB1B01939C4223D331001A00E81909F080
:103DA00059FF29002800FFF72DFF00281ED1019B95
:103DB000E419F618403C27003F2C0ED93119280091
:103DC000C91BFFF71FFF002811D1403F3F2FF5D837
:103DD000E41B3F2C0BD936193C00002C05D00027E2
:103DE00022003100E81909F035FF0020FEBD012056
:103DF0004042FBE73F2370B50C008021026C0500B8
:103E00001A40531C8154C018382B00D974E0382252
:103E10000021D21A09F018FF2A6C6B6C510FDB00DD
:103E20000B4329001BBA3831180A0B704870180C64
:103E30001B0ECB70D3002A001BBA88703C32190AC3
:103E400013705170190C1B0E917028002900D3704B
:103E5000FFF7D8FE061E4AD1AB6C1BBA1A0A2370B4
:103E600062701A0C1B0EE370EB6CA2701BBA1A0A7C
:103E7000237162711A0C1B0EE3712B6DA2711BBAB8
:103E80001A0A237262721A0C1B0EE3726B6DA27215
:103E90001BBA1A0A237362731A0C1B0EE373AB6D01
:103EA000A2731BBA1A0A237462741A0C1B0EE374F1
:103EB000EB6DA2741BBA1A0A237562751A0C1B0EDD
:103EC000E3752B6EA2751BBA1A0A237662761A0C5A
:103ED0001B0EE376AB6EA276002B08D16B6E1BBA7D
:103EE0001A0A237762771A0C1B0EA277E377280051
:103EF000FFF72DFE300070BD40220021D21A09F0DC
:103F0000A3FE29002800FFF77DFE061EEFD1010069
:103F1000382228007EE770B5040008001500DAF7A3
:103F200055FF60772800DAF751FFA077200070BDB9
:103F3000F8B5060008001400DAF748FF0500300065
:103F4000DAF744FF07002000DAF740FF12490600C5
:103F50002C20DAF75AFE040028220121043009F04F
:103F600073FE25626762A662E800D6F719FB0600B9
:103F7000606A8000D6F714FB0500A06AD6F710FB34
:103F80000023A6602561A06163602000E360636197
:103F9000A383A377F8BDC046A43F051010B5040065
:103FA0000800DAF713FF6369A26A934202DB044850
:103FB000E6F7DAFD5A1C6261A269D054062010BDF2
:103FC0005754041010B548680C68DAF7FFFEE36830
:103FD000626A00B2934202DB0448E6F7C5FD5A1C50
:103FE000E26022699B009850062010BD62540410C4
:103FF000F7B548680C000E68DAF7E8FE07B2A0686B
:10400000DAF7E4FE03B2E0680193DAF7DFFE0500B9
:104010002069DAF7DBFE6B1C00B2802B02D90A485C
:10402000E6F7A2FD7368326A934201DB0748F7E7BF
:104030005A1C7260DA00B3689B18019A1D70588090
:104040009F800620DA80FEBD6C5404107D5404105D
:1040500010B5807F40B2002802D10348E6F784FD06
:10406000DEF7C5F910BDC0468754041010B5040032
:104070008068D6F7C9FA2069D6F7C6FAA069D6F7DC
:10408000C3FA062010BD70B5002903DA0B00D8432F
:1040900000B270BD4568CB00EC18EB565B009D5E2E
:1040A0000226A35F9D4205DA0423E45E231EEEDBB5
:1040B0000919E9E70623E45EF8E70000F0B587B0E8
:1040C000040003910320019300291FD0019B002BC2
:1040D0001CD01A23E35602380293029A0C9B934297
:1040E00014D1DA431825D2171A4000210198920002
:1040F00009F0AAFD6557002D1ED1A768AF4207DC65
:104100000025019E0C9B9D4240DB002007B0F0BDC6
:10411000E368A900C958039A2000FFF7B4FFFE2105
:10412000636989051E5C019BB6009E19306809F021
:104130005FFB01353060E1E70220082DE6D1002762
:10414000A3680493049BBB42DADDE168BB00039AD9
:1041500059582000FFF797FF0025029A63695043E2
:10416000019E1B180593029B9D4201DB0137E9E785
:10417000059B585D09F02CFC094909F085FB011CE1
:10418000306809F035FB013501C6ECE7A06809F09D
:104190001FFC011C306809F077FB013501C6B1E74F
:1041A00000007F43F0B587B0040017000800072225
:1041B00003A9DBF759F8059B1448682B08D11E2387
:1041C000049D039EE3566D0801D0002B02D11048D8
:1041D000E6F7CAFC0722380003A9DBF745F8059B80
:1041E0000C48662BF4D1049B31009B0800936AB203
:1041F000039B201DFFF762FF002803D006490748F4
:10420000E5F760FE062007B0F0BDC04691540410EB
:10421000875404109E540410A4540410DC7204103B
:104220000620704770B51D00040008001100134AF5
:10423000CCF776F82868DAF7C9FD060021001420CB
:10424000DAF7E3FC0023F50FAD196D10AE000400A2
:1042500003743000D6F7A4F9E0603000D6F7A0F977
:10426000E368A0606560002B01D0002803D10449F9
:104270000448E5F727FE200070BDC046020002009A
:10428000BE540410DC720410F0B51400002291B08A
:104290000193169B0E900F91012B08D801231699BC
:1042A0009340012000278B4222D011B0F0BD013293
:1042B0005B08F1E701250600E8405B002E40334330
:1042C00049198A42F6D1BB420DD99B00E018056816
:1042D000B90066586550019D06600198EB1840587A
:1042E0001E686E501860169B0137BB4200D182E0F9
:1042F000002138000B00E4E7029B029AE358089380
:10430000059B08981B680993019B09999B580A9380
:10431000079B1B680B9309F0E4FA0B990D900A9820
:1043200009F0DFFA011C0D9809F062FA80221206EA
:104330009446089B0B9963440D90180009F0D1FA3C
:104340000A990890099809F0CCFA011C089809F01C
:104350004FFA0D990890605909F081FA029B08996B
:10436000E050019B585909F07AFA029A019B0D9985
:104370009850605909F03CFA019B605158590899CE
:1043800009F036FA0C9A019B94465851069B043565
:1043900001330693059B63440593079B634407938E
:1043A000029B04330293069B049A9342A4D3039B7B
:1043B0009B19039393190493039BBB4210D3BE42F2
:1043C00001D1002071E77600BE42FAD873083100AF
:1043D0003800049304F060FF83000C9300230393E0
:1043E0000F9B05930E9B0793049B9B000293039BDB
:1043F0009D000693D7E70226E6E700001FB50C00F4
:10440000072201A9DAF730FF039B0648662B05D186
:10441000029B01989B08A34202D00348E6F7A4FB45
:1044200004B010BDCB540410D0540410F8B50400EF
:104430006568080029001600FFF7E0FF2900070063
:104440003000FFF7DBFF0600AD002A003900A0684E
:1044500009F000FC2A003100E06809F0FBFB0123B1
:1044600006202374F8BD0000F7B504006568237CBE
:10447000080017006D00002B02D10D48E6F774FB11
:104480002900FFF7BBFF290006003800FFF7B6FF41
:10449000009503003200E168A068FFF7F5FE0028F0
:1044A00003D004490448E5F70DFD0620FEBDC046D3
:1044B000D5540410EA540410DC72041010B5040042
:1044C0008068D6F7A1F82069D6F79EF8062010BDBF
:1044D000F7B505000C000898196816001F0009F0D0
:1044E00000FA696809F084F979680090089809F081
:1044F000F8F9616809F07CF971680190009809F099
:10450000F0F9011C019809F0AAF92860B968089827
:1045100009F0E7F9B168071C009809F0E2F9011CFD
:10452000381C09F09CF920602B6800986B602368A8
:104530006360FEBD84B010B50400029003910320B7
:1045400004920593002C0FDD00290DD0059B002B54
:104550000AD0A30002389A4206D106236343069884
:10456000C01A431E9841C0B210BC08BC04B0184722
:10457000F0B589B0072205A9DAF776FE079B244833
:10458000662B0BD10122059B069E0393214BB70896
:104590007B43D341204A934202D92048E6F7E4FA0C
:1045A0001F491820DAF731FB051D040014220021F1
:1045B000280009F049FB0621380004F045FE83007D
:1045C0006060E3600001D5F7EBFF0323A0603000DB
:1045D00067619843D5F7E4FF62690399920020610F
:1045E00009F038FB636900936068A168E268236999
:1045F000FFF7A0FF002807D0A068D6F705F82069CC
:10460000D6F702F80748C9E7200009B0F0BDC04658
:10461000CB540410ABAAAAAAAAAAAA2AFC54041032
:10462000904005101655041084B073B509930C33EF
:104630000C001D00002606900B9807910892069B1F
:10464000B34203DC76BC08BC04B018472B00210041
:104650002A0000900C3B20000831FFF739FF01369B
:1046600010341835EBE70000F0B5040087B00800FF
:10467000072203A9DAF7F8FD059B0434662B02D064
:104680000C48E6F771FA0026049D039FAD08AE4280
:1046900002DB062007B0F0BD3B68013601932369B9
:1046A000009320686168A268E368FFF7BDFF01C757
:1046B000EDE7C046CB540410F8B514000E00DAF74D
:1046C00085FB05003000DAF781FB06002000DAF7F1
:1046D0007DFB0F4907001C20DAF797FA040014222B
:1046E0000021043009F0B0FA0023A6806E43E38075
:1046F00025817000D5F754FFE0606800D5F750FFC2
:10470000A7822061E800D5F74BFFA0612000F8BD2B
:10471000344105107FB5040008001600DAF756FB97
:10472000051E03DB0622A35E834202DC0F48E6F788
:104730001BFA0722300001A9DAF796FD039B682BCC
:1047400001D00B48F3E7029AA388019851088B42E5
:1047500001D00848EBE701216B438B408A43E168B5
:10476000C91809F077FA062004B070BD1F5504106F
:104770002E5504103755041070B504000800DAF700
:1047800025FB002803DB0622A35E834202DC0F48E0
:10479000E6F7EAF9A669C000361800210320E2F71F
:1047A00071F805000023F05EDDF721FEA860706857
:1047B000DDF71DFE0022B35E22695B00E860985EB3
:1047C000DDF715FE2861280070BDC0461F55041096
:1047D00010B50400C068D5F717FF2069D5F714FF9E
:1047E000A069D5F711FF062010BDF0B54B1EC9B06A
:1047F000009300239C4601930300083B06930300AB
:10480000043302900793019A009B571C9B1A5A1C71
:104810000F2A00D8BBE0019A5B089B18029ADB00C4
:10482000D3185A68F9000392FA000492029A029D82
:104830005118009A4868D200AA18039D546885420E
:104840004AD200268D5F0495039DA54239D91400F4
:1048500060CC60C1049950601180029AF900083957
:10486000521814001D000298405E5168039142CD19
:1048700042C403991880009859600392039B5568BD
:104880005B6901370493AB4217D30400079E0138DC
:10489000C300F658B542F8D3029EF318874235D2CA
:1048A0001E0003991024095F039C0591103422CE49
:1048B00022C40599049C19805C60039B0833039310
:1048C000DCE71C0060CC60C1049958601980516815
:1048D0008842C2D91900BAE70398A042BDD9002581
:1048E000585F16001D00049011CE11C50498108069
:1048F000039850604A6858689042AED20024085F1E
:104900001C0060CC60C118805A60A6E70020115ED0
:104910001800C0C8C0C2019A19805D60A31E991A10
:10492000009A121B91420FD3009AA24218D06246FD
:104930000198D20008A950505218536001239C449A
:10494000009B009301945EE7019A9A42F8D0624678
:1049500008A9D20054505218009951600122944481
:10496000019CEEE708229C5E1A001D0003940832A9
:1049700050CD50C2039A58601A800139083B019A01
:104980008A4203D2D8685A689042EBD30137009B21
:10499000BB4204D3069AFB003900D318EFE7634605
:1049A000002B09D001235B429C44634608AADB002C
:1049B0009C589B185B68C4E749B0F0BD0200012316
:1049C000934203DD0020012B02DC70479B00F7E7D8
:1049D000111A9B10C91A40100029F4DB0A00C018F4
:1049E000F1E7F8B5002405002000944202DBFFF750
:1049F000E5FFF8BD6600AB5F8E5F01349B1B5B4338
:104A0000C018F2E710B5012901D9FFF7EEFE00202A
:104A100010BDF8B51E000388040001209A4213D18E
:104A20000223E55E0427E35FAB420DDD2B186380B4
:104A300013006B438340A0685200C01809F00AF9C4
:104A40000020E3686D00EE52F8BD0000F0B50D00E7
:104A500087B00E680722686803A9DAF705FC059B92
:104A60000E48371D682B11D1039BA8680193049C45
:104A7000DAF7ACF964080623F55E019903B222B2B5
:104A80003800FFF7C6FF002802D00548E6F76CF8AB
:104A90002800DDF7ACFC07B0F0BDC0462E55041071
:104AA00045550410F0B585B0009203911C00022218
:104AB000835E0A9A05000193012093420CDC2B8847
:104AC000009A934208D11300002783403E000293CE
:104AD000019BB34202DC002005B0F0BDA968009A3A
:104AE000C9190398FFF77DFF029B2680606001369D
:104AF000FF180834ECE70000F8B507000E001D00B1
:104B00001100012093421BDC3000FFF77BFF154CA6
:104B100014220021200009F097F80022954210DCB1
:104B200000220121130049425800205E904201DD1D
:104B30000200190001330A2BF6D10020069B1980D0
:104B4000F8BDD300F35EF9685B005B5E99B209299A
:104B500005D85B00E15A01320131E152DEE7052060
:104B6000EEE7C0464E3600207FB51E00089B0400CD
:104B700000933300FFF796FF002812D10E25012382
:104B80006D445B422B801022A35E20000221625EF6
:104B900031000095FFF7B0FF002802D12B88099A59
:104BA000138004B070BD000070B5040086B008002A
:104BB000072203A9DAF758FB059B0F48261D682B2F
:104BC00012D10A2501236D445B422B8001950820F8
:104BD000235E049A009330000399A3695208FFF7FB
:104BE000C3FF002802D00548E5F7BEFF0023E85EBA
:104BF000DDF7FDFB06B070BD2E55041016550410F0
:104C0000F7B51D1C01920E1C08F029FE089C071C1C
:104C1000291C201C08F023FE011C381C08F061FE32
:104C2000311C071C019808F01AFE011C381C08F002
:104C30002BFE291C08F0DCFD061C011C201C08F0C2
:104C4000B1FE002800D0341C291C201C08F094FE62
:104C5000002800D02C1C201CFEBD03000220682B65
:104C600003D0663B5A42534198007047F0B50C00A0
:104C70008FB00722206808A9DAF7F6FA07220BA9F5
:104C80006068DAF7F1FAA068DAF7F6F80690E068FB
:104C9000DAF7F2F805902069DAF7EEF80490606927
:104CA000DAF7EAF80A9D0390EDB22800FFF7D5FF86
:104CB000099C0100200004F0EFFA041E1D4837D0C3
:104CC0000D9BDBB2682D18D1662B30D10025089ED4
:104CD0000B9FA54202DB06200FB0F0BD6B00F05E1B
:104CE00008F076FE039B059A00930699049BFFF754
:104CF00087FFAB00F8500135EBE7662D17D1682B25
:104D000015D10025089B0B9E0793A542E3DA039B70
:104D1000079F0093A8003858049B059A0699FFF74F
:104D20006FFF08F077FE6F00F0530135EDE70248A2
:104D3000E5F71AFF4F5504105B550410002070472B
:104D400070B504000021008FE1F79CFD084BA26BB9
:104D500005009A4202D1A38F012B03D005490648D2
:104D6000E5F7B0F8E08FDDF742FBA860280070BDE2
:104D70000100010064550410DC720410F0B59FB00E
:104D80000A93289B0490029107200F92012B00D0D8
:104D90002BE2299B012B00D027E22A9B0438052B0C
:104DA00000DD22E2259B249A063053430193192B00
:104DB00000DD1AE2012B0DD12E9A2D9B06381343EC
:104DC0002C9A13432B9A13435A1E93412F9A134341
:104DD00000D00AE2FE20049B3399DB888005009313
:104DE0000393029B0025DC889B68059308F04CFD2B
:104DF000B94E0990A5421BDB019B012B22D0249BBD
:104E00000021DB43249ADB171340009A0F005A431A
:104E100007920A00B148069308902598814200DB6A
:104E2000C4E10898BE003018030015000020AEE170
:104E3000309AAB00D05831999F1908F052FD0135D6
:104E40003860D7E7009B5B00119300230E930B9310
:104E5000029B0B9A5B88934200DCC5E100230D9313
:104E60000C932EE0049B0E9A9B88002453430D9ACA
:104E70009B18049AD2885343049A9268D3180793D4
:104E80000F9B079A039307239B1A1293059B1B19E9
:104E90000893029BDB88013BA34200DDC5E00723AA
:104EA000079A9F1A029BDB88A34200DDDFE0269A67
:104EB0000C9B944601330C930D9B63440D93089B0C
:104EC0000593029B0C9A9B889342CBDC279A0B9B01
:104ED000944601330B930E9B63440E93B8E700276F
:104EE0000026D75786577E43B44600268E57654422
:104EF00077430126FF1801238657D3565E43B446F5
:104F000001268E57654473430226DB190227865714
:104F1000D7577E43B44602268E576544774303260F
:104F2000FF1803238657D3565E43B44603268E5795
:104F3000654473430426DB1904278657D7577E43FD
:104F4000B44604268E57654477430526FF1805238B
:104F50008657D3565E43B44605268E576544734341
:104F60000626DB1906278657D7577E43B446062602
:104F70008E57654477430726FF1807238657D35675
:104F800008305E43B44607268E57654473430832A3
:104F9000DB190831129EB718069EBE429FD8009AB0
:104FA00006998A4231D800261D934B4B1C95A700C9
:104FB00006931CAAB30098580A9BDB59C01808F046
:104FC00007FD069BD95908F08CFC2A9B051C012B78
:104FD00039D0032B3ED0291C099808F082FC051C0F
:104FE000349808F0F5FC011C281C08F001FC08F0BE
:104FF00011FD089B04379855002E22D0119A039B6F
:10500000944663440234039340E70699079A06984E
:1050100052560399095651436D18109909564A433F
:105020009B18020001320692B9E7009A0723160086
:105030009E43002303981D0081181091079A06963D
:10504000A8E7019EB5E7002108F0ACFC0028C2D11A
:105050000025C0E7002108F0A5FC0028F8D0204971
:10506000281C08F09FFC0028B5D01D4DB3E707238E
:1050700000200099039A9943079BFD18A94231D853
:10508000009B8B4261D80A9BA5005B59C01808F0B1
:105090009FFC114B595908F024FC2A9B051C012B3D
:1050A0005BD0032B60D0291C099808F01AFC051C62
:1050B000349808F08DFC011C281C08F099FB08F0BE
:1050C000A9FC009A089B9446187001330893039B2F
:1050D000013463440393E5E630260020CC1F002012
:1050E0000000C040002600259E57555775430126F5
:1050F0002D1801209E571056704302264019022594
:105100009E575557754303262D1803209E5710565A
:1051100070430426401904259E57555775430526AC
:105120002D1805209E571056704306264019062557
:105130009E575557754307262D1807209E57105622
:10514000083370430832401997E7079B5A56039B70
:105150005B5601315343C01892E7002108F022FC4E
:105160000028A0D100259EE7002108F01BFC0028A4
:10517000F8D0BF49281C08F015FC002800D192E7A0
:10518000BB4D90E786009D51009E0130AD19249ED5
:10519000B042F7DB0798009D12180498069B8088A0
:1051A000FF18801B68430131821836E62F9B002BC5
:1051B00001D0299B0393039A019B109253430693BA
:1051C00012932F9B002B03D0019B109463431293E7
:1051D0002B9B5B4203932B9B0E9300230893029B14
:1051E000089A5B88934202DC00201FB0F0BD039B4D
:1051F0000E9ADB0F1593039BDB171A402D9B13921E
:105200000D935B420093249B5343189300230B930D
:10521000029B0B9A9B8893420BDC279A089B94462F
:1052200001330893039B634403930E9B9B1A0E93D5
:10523000D5E7009A049BD40F159A0399A418259AD0
:105240005F8850189B880121874200DB0021249A47
:105250006418009950180121834200DB0021039853
:10526000009A58438018049A6418D1884143906882
:1052700042180792002C51D0009AD1170D9A0A407B
:105280001792039ABF1A259A974200DD1700009AD9
:105290009B1A249A0C93934200DD0C920024260062
:1052A000744B129A18003299149308F0CDFC079BA6
:1052B0001193714B1B93109B9C421BDA149B189A01
:1052C0009B19139D1A933EE0990071584156D15491
:1052D000013301998B42F7DB2F9B013420006D18BD
:1052E000002B02D0190003F0AFFF079B1818109B8A
:1052F0009C4210DB069B5F4C092B3DD000250F9B89
:1053000007935E4B1193029BDB88AB4200DDC4E048
:10531000059B5B193DE00023EA19DAE725000798B1
:10532000554E544FE3E7169899004158119841564D
:105330008C4660461999C85401330C998B42F2DBB4
:10534000249B0135D218BD4208DA1B9B9100CB1873
:105350001A9916938918179B1991EEE7019B01344E
:10536000F6182F9B2000002B02D0190003F06CFFD1
:10537000079B1B1811939EE72F9B002BBED0002785
:105380003E4B0F9D0793029BDB88BB420EDC059BC7
:10539000DB19269A059394460B9B01330B930D9BC7
:1053A0009B1A0D93009B6344009331E70023002078
:1053B000E3562856012258430123A256EB56BE005D
:1053C00053430222C0180223A256EB565343032232
:1053D000C0180323A256EB5653430422C0180423DB
:1053E000A256EB5653430522C0180523A256EB568E
:1053F00053430622C0180623A256EB5653430722F6
:10540000C0180723A256EB5653430822C01808239E
:10541000A256EB565343C0180A9B9B59C01808F07C
:10542000D7FA079B995908F05CFA2A9B061C012BB6
:1054300016D0032B24D0311C099808F052FA061C10
:10544000349808F0C5FA011C301C08F0D1F908F0B6
:10545000E1FA059B0935D855019B0137E41892E71D
:10546000002108F09FFA0028E5D10026E3E7C046B6
:105470000000C0409E370020CC1F002030260020B6
:10548000002108F08FFA0028EFD05049301C08F0B6
:1054900089FA0028CFD04D4ECDE707262300002003
:1054A0000699079AB143361B0C960C9EF6188E424D
:1054B0002DD3069B8B426DD80A9BAE009B59C0181A
:1054C00008F086FA119B995908F00BFA2A9B061CE2
:1054D000012B66D0032B6BD0311C099808F001FA20
:1054E000061C349808F074FA011C301C08F080F98E
:1054F00008F090FA059B58552F9B002B01D0019B7B
:10550000E418079A069B0135D3180793FBE600269B
:105510009E57B4460026674696577E4336180120AC
:105520001856844601206746105678438019022693
:105530009E57B4460226674696577E433618032088
:10554000185684460320674610567843801904266F
:105550009E57B4460426674696577E433618052064
:10556000185684460520674610567843801906264B
:105570009E57B4460626674696577E433618072040
:105580001856083384460720674610560832784379
:1055900080198AE7079B62565B5601315343C01856
:1055A00087E7002108F0FEF9002895D1002693E74F
:1055B000002108F0F7F90028F8D00449301C08F061
:1055C000F1F9002800D187E7004E85E70000C040D0
:1055D000F0B50500002487B0029104920593029B68
:1055E000DF88A74202DC002007B0F0BDAB681B19C2
:1055F00000936A880192AA8894467A430392002213
:105600001000019B93422ADC6146029B9E68019B2D
:10561000594303F019FE059BC01A08F0D9F9049903
:1056200008F05FF90C9908F02FF9071C0D9808F0A5
:10563000CFF9011C381C08F0DBF808F0EBF9305505
:105640000134CCE70023F3560131C018F619614547
:10565000F8DB0099039B0132CB180093D1E70021BE
:10566000009EF4E7F0B589B00693836800240193A7
:1056700007230592019A03909B1A04910793049BB8
:10568000DB88A34202DC002009B0F0BD039B059A31
:10569000DF8823007B43D3180293390007230020BF
:1056A0009943029A019B079DEE18B14220D88F4280
:1056B0005BD8049B069A9E68A300D358C01808F0D4
:1056C00087F90F9908F00DF90E9B196808F009F990
:1056D000119908F0D9F8071C129808F079F9011C03
:1056E000381C08F085F808F095F930550134C6E704
:1056F00000269E57B4460026654696576E433618D8
:10570000012018568446012065461056684302253C
:10571000801902265D5796576E4336180320185697
:1057200084460320654610566843042580190426E4
:105730005D5796576E433618052018568446052047
:105740006546105668430625801906265D5796570C
:105750006E433618072018560833844607206546DE
:1057600010560832684380199DE7019B5A56029BE8
:105770005B5601315343C01899E70000F0B50700AC
:10578000002587B005938368039102938B68049288
:105790000193414BC6880093AE420FDC019DB600D9
:1057A0007319049300230293049B9D421CD100248F
:1057B000FB88A34258DC002007B0F0BD029B58577D
:1057C000059BC01A08F004F9049908F08AF8019AB8
:1057D000AB000099D050041C08F0E4F8002800D178
:1057E000009C01350094D7E70099286808F037F845
:1057F0002A4908F076F8041C08F00CF908F0E8F8DB
:10580000011C201C08F02BF8002107F0F1FF011CFF
:10581000061C234808F023F8011C224808F034F83D
:1058200021490590201C07F0E3FF011C059807F0B3
:10583000DFFF1E49041C301C08F053F8011C201C1B
:1058400008F00DF89621C90508F04BF808F014F996
:10585000011C041C029807F0CBFF15490290201C84
:1058600007F0FDFF01C59FE7039B019A9E68A30017
:10587000D058029908F008F80C9908F005F8051CB2
:105880000D9808F0A5F8011C281C07F0B1FF08F0DE
:10589000C1F8305501348BE7FFFF7FFF3BAAB83FCB
:1058A000F8F59A40FED2DD41558CF2428DBCBE3FE8
:1058B000BD37863500207047F0B589B00193836805
:1058C00003938B68039C05939368059E0693428817
:1058D0008388069D5343C2885A43032304929A4304
:1058E00013190793079B9C4209D1049B9C08A400B1
:1058F000049B9C4200DA8AE0002009B0F0BD1298B7
:1059000008F066F8029000200E9B2056C01A08F09E
:105910005FF8019907F0E5FF071C0020109B305647
:10592000C01A08F055F80F9907F0DBFF011C381C6E
:1059300007F05EFF119907F0A7FF029907F058FFE3
:1059400008F068F8287001200E9B2056C01A08F055
:105950003FF8019907F0C5FF071C0120109B305646
:10596000C01A08F035F80F9907F0BBFF011C381C6E
:1059700007F03EFF119907F087FF029907F038FF03
:1059800008F048F8687002200E9B2056C01A08F0F4
:105990001FF8019907F0A5FF071C0220109B305645
:1059A000C01A08F015F80F9907F09BFF011C381C6E
:1059B00007F01EFF119907F067FF029907F018FF23
:1059C00008F028F8A87003200E9B20560434C01A53
:1059D00007F0FEFF019907F084FF071C0320109BCE
:1059E00030560436C01A07F0F3FF0F9907F079FF1D
:1059F000011C381C07F0FCFE119907F045FF0299C5
:105A000007F0F6FE08F006F8E87004356AE7039B35
:105A100018570E9BC01A07F0DBFF019907F061FFD2
:105A2000059B051C1857109BC01A07F0D1FF0F9952
:105A300007F057FF011C281C07F0DAFE119907F048
:105A400023FF051C129807F0C3FF011C281C07F058
:105A5000CFFE07F0DFFF069B1855013448E7000032
:105A6000F8B504000F681A480225069E87420ED139
:105A70000D79002D29D121606360002A09D1C86801
:105A8000D4F78EFD0123A060002804D1042528004E
:105A9000F8BD2B00A260238223681869002812D069
:105AA000D4F77EFDE0600028F0D0002321686382F7
:105AB0000B00403363610C223000143108F0CAF847
:105AC000A368B360E3E7E060EFE70825DFE7C046DF
:105AD0004D41495810B5038A002B02D08068D4F795
:105AE00093FD10BD10B50400806AD4F78DFD206BC6
:105AF000D4F78AFD201DFFF7EDFF062010BDF0B59D
:105B000014001D00036885B01A6E5B6E009201934D
:105B10006288A388E78853435F4301291ED0022986
:105B200027D0A368AB6016E0AB68B2000293A3680D
:105B30000099D05807F0A8FE0390019807F048FF9D
:105B4000011C039807F054FE07F064FF029B985570
:105B50000136BE42E8D1002005B0F0BD0026F8E7CE
:105B6000A268A968D25C803ACA540133BB42F7D11B
:105B7000F1E70023FAE7F0B50500A3B0169219A8E3
:105B80000C2208F067F82B6840336B6100231393F5
:105B90002A686B8252899A4202D8002023B0F0BD55
:105BA0006C69002B09D02100A268AB6810319B18EA
:105BB00019A808221B9308F04DF82700AE68E36887
:105BC0001837F318082239001FA8219308F042F86B
:105BD0002088062800D9E0E00BF0B6FA046B768A3C
:105BE0009504A000E16AE36CA26C1091A16AE3182D
:105BF0000F91616AA2180E91216A19A80D91616C2A
:105C000061180C91E16B0B9121003B3109780A91ED
:105C100021003A3109780991210039310978089138
:105C20002100383109780791E18E06912100353144
:105C3000097805912100343109780491210033312C
:105C40000978039121003231097802912100313124
:105C50000978019121003031097800911FA9FFF7DF
:105C60008DF800289AD16B68002B02D02100280003
:105C700098476388002B14D00C26139B08225E43A0
:105C8000169B39009E19300007F0E4FF2B685B7902
:105C9000002B5DD1AB68E2689B18B360139B0133A6
:105CA00013936B6962689B186B616B8A01339BB2BB
:105CB0006EE7E36A1FA90193A36A19A80093636AB8
:105CC000226AFFF785FCCCE7E16AA36B626B049163
:105CD000A16AE3180391616AA2180291216A19A8C6
:105CE0000191216B611800911FA9FFF7BBFCB8E778
:105CF000E36A1FA90193A36A19A80093636A226A41
:105D0000FFF73CFDADE7E36A1FA90193A36A19A859
:105D10000093636A226AFFF7CDFDA2E72100082203
:105D200010311CA807F096FF236B1FAAF618E36A30
:105D30001CA90493A36A19A80393A36B1E9602934C
:105D4000636B0193636A0093236AFFF7B5FD88E7ED
:105D500007200027628BA38BA9685343E28B5A4329
:105D60001592159BE2689B18CB1807338343149355
:105D70008B181793159B9F4201D1149B8DE7179B9E
:105D8000D857E36AC01A07F023FEA16A07F0A9FDFD
:105D9000149ABB0098500137ECE70520FEE600009E
:105DA000F0B58FB0040015000800072202A9D9F74A
:105DB0005BFA049B2F48422B0AD1029B0093E38B92
:105DC000228C5A43638C5343039A9A4202D02A4846
:105DD000E4F7CAFE0722280002A9D9F745FA049B76
:105DE0002648662BF4D1029B039D0193638FA28FFB
:105DF00023485A43E38FAD0853439D42E8D1230023
:105E000005AA11001C33C1CBC1C1009B261D1C3447
:105E10009360022123003000FFF771FE002801D0BB
:105E20001848D5E708AF3A0021003000FFF7A3FE7D
:105E3000002801D01448CBE73A000BAB52CA52C33A
:105E4000124C0B9EB988FB88BA68A64209D1012979
:105E500007D1AB4205D19B00984206D106200FB076
:105E6000F0BD0B490B48E4F72DF81158019C215067
:105E70000430F1E76D55041075550410CB5404102F
:105E8000825504108A550410975504100100010032
:105E90009D550410DC7204100368F7B5403343616C
:105EA000002304001D000C270091019222686382E8
:105EB00052899A4201D82800FEBD66697388002B7A
:105EC0000CD0019B9D4211DA380031006843009BE1
:105ED00008221818183107F0BDFE01356369726891
:105EE0009B186361638A01339BB2DFE701256D4232
:105EF000E1E70000F0B589B0072202A9D9F7B4F9AB
:105F0000049B422B02D02248E4F72EFE2149402078
:105F1000039D029FD8F779FE0400061DC562280084
:105F2000D4F73EFB2A003900A06207F093FE280058
:105F30006563D4F735FB21001C312063009102001A
:105F4000A16A3000144BFFF78BFD1449002808D1DB
:105F500020870122300005A9FFF79EFF012803D00A
:105F60000F491048E3F7AEFF2500383505A9082290
:105F7000280007F06FFE238F0B49012BF1D1082277
:105F8000280005A907F066FE200009B0F0BDC04654
:105F9000A5550410E04105103D4D0310AB5504100C
:105FA000B5550410DC720410BB550410F7B506009B
:105FB0000F000025002493000193019B9D4201D115
:105FC000201CFEBD7959705907F08BFC011C201C68
:105FD00007F00EFC0435041CEFE7F0B5002587B090
:105FE00001910CA9098814008A000392019A9B0070
:105FF000D318059002910493029AABB29A4201D849
:1060000007B0F0BD059BAE009E190023019F0093D1
:10601000009B2360049B9F4202D101350434EBE7CF
:1060200002CF306807F05DFC011C009807F0E0FB30
:10603000039B0090F618EBE7423003780E20002B0C
:1060400000D010307047C28F03890E209A4200D3CF
:10605000103070473C3003780E20002B00D01030F9
:10606000704710B504000800D8F7FCFF3C342070DE
:10607000062010BD10B5406CDBF75CF910BD10B503
:106080000400806C002803D0D4F7BEFA0023A36478
:10609000062010BDF0B50C0087B0032802D0574889
:1060A000E4F762FD0868D8F791FE06006068D8F74B
:1060B0008DFE0700A068D8F789FE0500002E03DDDD
:1060C000002F01DD002801DC4D48E9E7874201DBB4
:1060D000864201DA4B48E3E74B495820D8F795FD53
:1060E000B3B202930300B2B250331A80BBB203932F
:1060F0000300BAB252331A80ABB200930300AAB2C3
:10610000BFB254331A80B6B27B1C734301931300A1
:106110007B430493130004007343B0180593C01825
:10612000BB00C018019B1500C018049B5B00C01881
:106130008000E064D4F734FAA064002801D1334829
:10614000AEE7029B002B11D0039B002B0ED0009BCF
:10615000002B0BD0039B009A934207D3029B9342E0
:1061600004D3032203001340104203D0D4F74CFAA7
:10617000274895E70499029A8C46A280039AE0602A
:10618000E280009A2281019A921B92008218226179
:10619000019A920082186261019A6244910041184A
:1061A000A16161468A18AD189100AA008218226286
:1061B000059A411855197619B2008218BE19A262C3
:1061C000B2008218BE19E262B200E1618218A90031
:1061D000BF19226341182200BF006162C719002164
:1061E00001203C326763A16310702000A21CE3878A
:1061F000D38740321370616407B0F0BDC2550410FC
:10620000DE550410F4550410E8420510165604102B
:10621000245604100300F0B542331B7804008DB0FF
:10622000002B00D1A0E0436A039303998388080000
:106230001A000493FFF7BAFE4D49051C07F09CFBBA
:10624000002800D090E0E38F03990793E368099357
:10625000E36A09980593E388059A06930093049BE3
:10626000FFF7BBFE069B059E9F00BF19BE422CD1C7
:106270002369049A180003990893FFF797FE291CD5
:1062800007F002FB00220A90069993B2994222D8A5
:10629000079AE3690A999200D1500022049993B2B7
:1062A000994228D80026049BB34244D800269D007A
:1062B000B5424BD1079B06200133E3870023A21C84
:1062C0004234D38723700DB0F0BD3068291C07F02D
:1062D000DBFA01C6CAE72389079853431B18A06A53
:1062E0009100455860699B00C5500598013240589F
:1062F000A169C850C8E703999300C9582389079832
:1063000053431B18206A9B0019500132C6E70B9AB1
:10631000BB001168059A0137D05807F0E2FA011C5A
:10632000286807F09CFA01C5069ABBB29A42EED8DB
:106330000136B6B2B7E7069D039A7543B300D3188A
:106340000B93099BAD0000275D19EDE7039B0A98AD
:10635000995907F0C6FA089B011C985907F07FFA73
:10636000089B98510436A3E70248E4F7FDFBC046BA
:10637000FFE6DB2E34560410F0B50B0089B002287E
:1063800002D03D48E4F7F0FB0F685868052205A9E4
:10639000D8F76AFF079B662B01D03848F2E73B002D
:1063A00052331A88069B059D35489B089A42E9D1CD
:1063B000002D5FD00024FB8801939E00B44210D1D1
:1063C000FB8F0024039300230293039AA3B29A4203
:1063D00039D8B96B029807F00BFADAF7ABFF09B0BE
:1063E000F0BD7B6B285900933B6B195907F037FAC6
:1063F000009B18510434E1E73B897A696B43796B60
:106400001B199B00A8004158985807F06AFA011C14
:10641000009807F0EDF901350090019AABB29A426D
:10642000EAD8FB69A200D158009807F05AFA011C7B
:10643000029807F0DDF900250290019AABB2934271
:1064400005D30134C1E7002300250093E5E77E6B07
:10645000AB00F6183B89BA696B431B199B0099582E
:10646000009807F03EFA011C306807F0F8F9013592
:106470003060E2E7034885E74A5604105856041096
:106480005D5604106D560410F0B5431E8BB0012B01
:1064900002D93748E4F768FB0C68022802D1486843
:1064A000D8F7EAFCE3680493A36A04980293A388EC
:1064B000029A0593E388009321690393059BFFF7F4
:1064C0008CFD0299039A0800FFF770FD07F03AF976
:1064D0002849051C07F066FA00280BD0039B029E92
:1064E0009F00BF19B7420BD03068291C07F0CCF9C8
:1064F00001C6F7E71F49281C07F03EFA002835D1EE
:106500000025636A0693039B9B000893059BAB429F
:106510000BD80023636401230620A21C423423709D
:10652000D38F0133D3870BB0F0BD00260027069A26
:10653000AB00D3180793039B049A6B439B00D318BB
:106540000993079B1F60089B9E4202D10135ADB2A3
:10655000DCE7029B9959099B985907F0C2F9011C85
:10656000381C07F045F90436071CEAE7024891E7B2
:106570007A560410FFE6DB2E8D560410F0B50D00A0
:106580008DB0032802D06448E4F7EEFA0C680522C7
:10659000686806A9D8F768FE089B662B01D05F489B
:1065A000F2E70522A86809A9079F069ED8F75CFEB6
:1065B0000B9B5B48BF08662BE6D122005032118846
:1065C000023212880A9B4A43099D56489B08BA42E8
:1065D000DAD155489942D7D1002E00D199E0002D4B
:1065E00000D196E0A38831000193E388019AE06826
:1065F0005A439200029307F02DFB019B29009A0059
:10660000206907F027FB23003C331978029B002503
:106610009B00049300291ED1206B049A07F014FB01
:106620000023A3635DE0E3680398D95907F0E0F81D
:10663000049B01360390B6B2FF18019BB342F2D11E
:10664000180007F0C0F9011C039807F01DF9266B2C
:10665000059B0135F050029AABB29A4227D9AB00A4
:106660001F000593002300260393E6E7049BE768D9
:10667000039AFF18236B9200D158386807F0EFF89F
:10668000039B386001330393049B043304936B46EC
:10669000029A9B899A42E9D80135ADB2B618019B9E
:1066A000AB4229D0B300049300230393EFE7002605
:1066B0003500F4E72369BA00301CD15807F098F888
:1066C0000137061CBBB29D42F4D8280007F07BF9C5
:1066D000011C301C07F0D8F80026A063B3B2AB420F
:1066E0000DD30023A21CE387D3874032137006200A
:1066F000002363640DB0F0BD00270026E2E72769A0
:10670000B300FF18A16B386807F0A9F801363860AC
:10671000E4E7064838E7C0469A560410A456041029
:10672000AA560410B0560410C6560410DC560410C5
:106730000123084A08491360084A136018000A68D0
:106740009043FBD1064A136080235B001168194215
:10675000FCD0704700E0004008C0004000F000405E
:1067600000C004408023DB051868000F704700005C
:106770000FB407B5084808F0FFFA049B002B07D0B8
:1067800005A91800019108F007FA044808F0F4FA86
:10679000012008F01BFAC046EE560410DB48041036
:1067A000EFF3108072B6034A1368002BFCD0BFF3DE
:1067B0005F8F70472C0100D0BFF35F8F0022024B28
:1067C0001A6080F3108870472C0100D00722CB0894
:1067D000C35C0120114088401840431E9841C0B25C
:1067E0007047F8B505000C001700FFF7D9FF21002E
:1067F00006002800FFF7EAFF002803D02100380038
:10680000FFF7B6FF0723E2081C40063BA340A95C44
:1068100030000B43AB54FFF7CFFFF8BDF7B50500D1
:106820000E0014001F00FFF7BBFF0190BC4202D90D
:10683000012464420DE021002800FFF7C7FF002873
:1068400011D10722012322409340E1086A5C1343DF
:106850006B540198FFF7B0FF002C06DA002E04D02D
:106860000898FFF785FF0134E0E72000FEBD70B512
:1068700005000C00FFF794FF07230122E1081C40EC
:10688000A2406B5C93436B54FFF796FF70BD000012
:10689000044A1078431CDBB2172B00D91023137065
:1068A0007047C0464C12002013B5054B054C010043
:1068B000009318221F232000FFF7B0FF16BDC0462B
:1068C000FE5604107C1B00200021044B044ABFF339
:1068D0005F8F02C39342FAD17047C046000100D0D7
:1068E000800100D030B50725C408284080008140D1
:1068F0002000074D3C308000A40041511B19002AA4
:1069000004D0802292019B18196030BDC022F9E7A3
:1069100000400140084B8200D31810B51C6840238A
:106920006340C0242340054CC00012191360044B7F
:10693000C018416010BDC04604C0014004D00140F1
:1069400000400140034BC000C0181F23406818409E
:106950007047C04600400140064B8000C3181B68CA
:10696000C90092000A435A400C231A40024BC01837
:106970000260704704C0014004D00140064BC000D3
:10698000C3181B6809045940C0239B021940034BDC
:10699000C01801607047C0460440014004500140E7
:1069A000064BC000C3181B6809025940C0239B0056
:1069B0001940034BC01801607047C04604400140B5
:1069C00004500140064BC000C3181B68090359401E
:1069D000C0239B011940034BC01801607047C0469B
:1069E0000440014004500140D0231B061B6810B531
:1069F0005C4263412F245B42A343024C1B19FFF707
:106A000071FF10BD3041014040238000002903D0B8
:106A1000024A801803607047014AFAE704E0014027
:106A200004F00140074B10309B688000C150BFF359
:106A30005F8FBFF35F8F0021034B196082F31088D3
:106A40007047C04600ED00E0240100D0054B064A27
:106A50001360064A136053609360D36013615361FF
:106A6000936170478080808000E400E004E400E0EF
:106A70001F2318401E3B8340002905D0C021044A33
:106A80004900535013607047024AD367FBE7C04682
:106A900000E100E004E100E001228240034B1B68BA
:106AA00013405A1E9341D8B27047C04600E100E03F
:106AB000024B10309B688000C058704700ED00E02A
:106AC00010B5FFF7F5FF044B5F22C31A00209A426E
:106AD0004041C0B210BDC0465012002070B5040045
:106AE0000D00EFF3108672B60A4A1368002BFCD033
:106AF000BFF35F8F2000FFF7DBFF074B984203D007
:106B0000A84201D002F000FB320029002000FFF76C
:106B100089FF70BD240100D0C101001070B5EFF3F2
:106B2000108572B60B4C2368002BFCD0BFF35F8F2F
:106B3000FFF7BEFFBFF35F8F0023236085F310884C
:106B4000054A904203D0054A821A5F2A00D81800ED
:106B500070BDC046240100D0C101001050120020B9
:106B6000F0B587B0049003910192EFF3108372B6F1
:106B7000564A05931368002BFCD0BFF35F8F544F28
:106B80003B787F2B01D902F0BFFA0023FB56514E10
:106B90001C0000930C235C43A31902939B793B7068
:106BA0004D4B9A68049B10339B0099588B1B5F2BAD
:106BB00020D94A4B994201D002F0A6FA0C25009B3D
:106BC00002345D43464B34197353464B464A043BEB
:106BD0001B1B1B055B0D751913436B80434BAB806F
:106BE000FF23AB71019BEB71039BAB600121029B07
:106BF000194332E001230F009F433B000022D87964
:106C0000019DA8422FD83A4B37489C46002A37D0DE
:106C100006269657002E31DB9388364D5B051B15F3
:106C2000D31865195B1B04331B055B0D03439BB233
:106C3000029CA41A083C2405640D04430098948027
:106C400090710C2242432348121860469380019BA6
:106C50001060D371039B96719360059A0498FFF7B7
:106C6000E1FE07B0F0BD06201856002804DB0C2218
:106C700050431A003318C2E71A00C4E71E4BD7E787
:106C80000C2214493B001D4D5B1A5B415D432D0DE9
:106C9000009BA61C5A43124B76185352114B8A186C
:106CA000043B9B1B1B055B0D03435380019B04347A
:106CB000D371039B6418936063463C1B043C24051A
:106CC000640D2043908095713B608FE7240100D0D4
:106CD000893700205012002000ED00E0C1010010B3
:106CE00000A1FFFFB012002000E0FFFF01BDFFFF89
:106CF000014880475412002001BD0000AAAA0000EC
:106D0000F0B585B005000091EFF3108372B64A4AE2
:106D100001931368002BFCD0BFF35F8F2F00474B0C
:106D200010379B68BA00D458454B9C426AD0009AF1
:106D3000944200D17EE0434BE31A5F2B62D82800D7
:106D4000FFF7AAFE002102902800FFF791FEBFF393
:106D50005F8FEFF30586002E03D0B74201D002F01B
:106D6000D3F9012322009A4313000C2200219446F8
:106D7000344A039206229868009F9A56874214D19B
:106D8000002A1ADA002E48D1002944D0FF228A7145
:106D90002D4A8A802D482B4902789A712C4A5B1A19
:106DA0005B415A43120D027028E0002A26DB61463F
:106DB0004A431900039B9B18DCE70C2050432149F0
:106DC0000E18B7689F60F779DF710627F7579F7134
:106DD000002F1EDBB688C91A7605361580190918EA
:106DE000E0200905490D0002014399800C2151431F
:106DF000144B5B18154908780A709871280002999D
:106E0000FFF736FE21002800019AFFF70BFE05B0C0
:106E1000F0BD1049E9E70A4CBCE70F4A0F49D21A06
:106E2000083A5002400D014399800D4952080A4327
:106E3000DA80E3E71C00E5E7240100D000ED00E084
:106E4000C10100105012002001BDFFFF8937002052
:106E5000AAAA000001BD0000BA12002000F0FFFF46
:106E600000F8FFFF01230343F0B51E00EFF3058197
:106E7000EFF3108772B61C4B1B68002BFBD0BFF3DF
:106E80005F8F1A4A04001A4BA41A644163431B0D16
:106E90005BB29C46174B89009B6814005B581D0031
:106EA0000023B54214D1134B134A9B685A50134B1D
:106EB0001A78827162461A70BFF35F8F00230A4A04
:106EC000136087F31088F0BD01330C34082BEED02B
:106ED000062161566145F7D10C214B43D318FF229F
:106EE0009A71074A9A80E2E7240100D050120020EC
:106EF000AAAA000000ED00E0C101001089370020BF
:106F000001BDFFFF024BC918890001607047C046F0
:106F10004000003410B50400FFF7BAFC0100200067
:106F2000FFF7F0FFFF232371BFF35F8F10BD10B594
:106F30000400FFF7ADFC01002000FFF7E3FFFF2393
:106F4000A380BFF35F8F10BD10B50848084B98426F
:106F500000D310BD040003680834002B03D0FFF7F2
:106F6000E6FF2000F2E7FFF7D5FFFAE74013002025
:106F700070130020034BC91889000160BFF35F8FB5
:106F80007047C0464000003410B504000120FFF7F0
:106F90008BFC01002000FFF7EDFF10BD0A4B1868C5
:106FA000EFF3108272B601680029FCD0BFF35F8F47
:106FB0001B68BFF35F8F0021196082F3108840BF08
:106FC000002000217047C04628260020F0B587B079
:106FD000EFF3058203231A40924B03929200D45898
:106FE0000123039A93400493049A8F4B1A608F4BAA
:106FF000049A5A630822A35E0293002B52DB1823E3
:10700000029A656953438948ED18AA68EB680092B3
:10701000019300F031FB019B8B4243DC02D1009BCA
:1070200083423FD8019B002B00DA64E02B69804A41
:107030006E6993424FD130003369984700285AD087
:107040007768366833003B4355D0002F4DDA0098FF
:107050000199801BB9410022AB5EA860E960002B5A
:1070600020DB6269944618225A436244D6688E42F5
:1070700018DC02D19268824214D826002381083697
:1070800018225A436244D7688F4208DC02D19768BD
:10709000874204D816000022B35E002BF0DA2B8062
:1070A000029B3380A3881BB2002B3BDAA379002B11
:1070B00009D00023A371200018250822A35E083000
:1070C0005A1C00D06DE00823E15E002900DB84E05B
:1070D00040BF07B0F0BD0821605E6A88000431003F
:1070E0001043984706000F00ACE7504800F0C4FA80
:1070F00080197941AFE72B8821692381EFF3108351
:1071000072B60A68002AFCD0BFF35F8F62882A80BB
:10711000029A62802269BFF35F8F0021116083F3BE
:107120001088BFE72169EFF3108272B60B68002B5D
:10713000FCD0BFF35F8F0121A3884942A1801BB21D
:107140002169BFF35F8F0020086082F3108822005E
:1071500008320592002B00DAA8E76269059D0092CB
:1071600018225A4300998A189168D7680291082119
:10717000605E00280CDB18214143009E7118CE6828
:10718000BE4205DC09D18E68B446029EB44504D9DE
:107190002B800021535E1080DCE70D000021685E2B
:1071A000E7E72900594366697218765E5188B4464C
:1071B00009B200290FDA0826A15F01267642F717E7
:1071C0009660D7608B4204D061460180218911808E
:1071D0002381634674E71000FBE718224A43636982
:1071E0009B189D68DE686B1C01D1731C0ED0039B3D
:1071F0000E4F9B00DB19B96A1A69681A521A90423D
:1072000003D33A6A0499114200D11D61074800F086
:1072100033FA8E4200DD5BE700D0E8E6854200D815
:10722000E5E655E7EC2300203C70054000400540B2
:10723000CD6F0310F8B5C160040016001F000D00EB
:10724000FFF726FBD022267012061268144B6270DC
:107250000122C0185242BBB263819B186380002395
:10726000800020612281A280BB4212D101270D4BF8
:10727000B200D4503C00B44030002C620A49FFF701
:107280002DFC39003000FFF7F3FB084BED182C60A4
:10729000F8BD1820584361695A1E42520133E3E792
:1072A00040000034EC230020CD6F03103820000094
:1072B00010B5094C2369002B09D10321074800F0C0
:1072C000BFF91023032220000449FFF7B3FF0A216E
:1072D0000348FFF717FE10BDC8120020004005400C
:1072E0002826002010B5074C0300626A0020914256
:1072F00006D8A46A01309C4202D2881A431E9841E3
:1073000010BDC0460040054000487047C81200202C
:10731000F0B501000469EFF3108672B6206800280A
:10732000FCD0BFF35F8F02200D5E182068434C69CC
:107330002418002D01DB208848800869BFF35F8F87
:107340000027076086F31088BD422CDBE36063886A
:107350000598013320615B0406985B0CA2606061B4
:107360001A1CBB4200D1012293B228046280184348
:107370000E69EFF3108372B63268002AFCD0BFF3B7
:107380005F8F8A8822808D800A69BFF35F8F002417
:10739000146083F3108801220B789A40CB6803496C
:1073A0005B181A60F0BD01204042FBE73C20000062
:1073B000F7B51F000AAB1C7805001600002C09D099
:1073C000099B32000193089B280000933B00FFF7C4
:1073D0009FFFFEBD00F07CF932003B00121A8B418A
:1073E000002BEDDA2000F4E770B5030040890A14A1
:1073F000904201DC002070BD182050435A691C697E
:107400001218EFF3108572B620680028FCD0BFF385
:107410005F8F568889B20020B4B28E4205D1802198
:1074200009020C435480013098711A69BFF35F8FD1
:107430000021116085F310888842DBD00122197881
:10744000DB688A4001495B181A60D4E73C200000E1
:10745000F0B506000F0006246442E517A4197D412B
:1074600085B08D4202D803D1844201D90024002581
:1074700000F02EF922002B00121A8B41002B08DCA1
:1074800001D1002A05D13000390000F033F905B0F0
:10749000F0BD002302930193104B2200009310488B
:1074A0002B00FFF785FF0028EDDB20002900FFF708
:1074B00019FF0028E7D10B4B1868EFF3108272B662
:1074C00001680029FCD0BFF35F8F1B68BFF35F8F9B
:1074D0000021196082F3108820BFE6E79D6F03103A
:1074E000C812002028260020F0B504000D0087B047
:1074F000EFF305830493002B02D0200029002AE03B
:107500001C4FFB683E781800059300F0B5F80200A8
:107510000B0004360599B600715820008E1A290018
:10752000801A99410B0004990200994204DC01D1B0
:10753000964201D820BFE0E70023029301930E4B4F
:107540002200009338002B00FFF732FF29000600CD
:107550002000002E03DCFFF7C5FE07B0F0BDFFF7EB
:10756000C1FE002800D120BF31003800FFF73CFFEA
:10757000C3E7C046C81200209D6F03100749426848
:107580004B6A10B5046800209A4206D8896A013017
:10759000A14202D2D01A431E984110BD00400540BE
:1075A00002604360004870477D750310F7B5EFF344
:1075B00005830320103B18409B08EFF3108772B639
:1075C000194D2A68002AFCD0BFF35F8F01263400D2
:1075D00084401649164A4C631460164A0192D25CE4
:1075E0001100C14031421DD010499E00496A361831
:1075F0008C461149B60071588C450ED30F49A243F1
:10760000019C7158E254BFF35F8F00232B6087F316
:107610001088994200D08847F7BD044A83009B1820
:107620001A691A610021EEE7280100D000400540E8
:107630003C700540A7420020D0350020641A00208D
:1076400010B5024A0248FFF7CCF810BD19570410D4
:107650008437002010B501000148FFF7F1FF10BD8D
:107660000040054010B5034B01001800FFF7FFF87C
:1076700010BDC046843700200300416A0A00986AA2
:10768000596A8A42FAD17047416A9942FCD39942B9
:1076900002D1816A914200D37047416AF7E770B521
:1076A00014001D000600FFF7E7FF02000B00A418FE
:1076B0005D41A94202D804D1A04202D9012464420A
:1076C000E5172B0030002200FFF7DEFF70BD000041
:1076D00010B50248FFF7D0FF10BDC046004005407E
:1076E00010B502000B000248FFF7D9FF10BDC046DD
:1076F0000040054010B502000B000248FFF7C4FF30
:1077000010BDC04600400540F0B585B002900C00A9
:107710001500EFF3108672B61F4F3B68002BFCD0AC
:10772000BFF35F8F1D4B00931D4B0193A300039389
:10773000002D1FD02000FFF7BBF9009B83420ED025
:1077400019002000FFF7CAF901212000FFF790F986
:1077500001221449A2408C46029B63441A60019B9B
:10776000039A9D50BFF35F8F00233B6086F3108820
:1077700005B0F0BD0121A140019BA2009D500A4B24
:1077800020001A788A4300991A70FFF7B9FA290085
:107790002000FFF76DF9E5E7280100D0AD75031073
:1077A000641A002038200000A742002010B50A000B
:1077B00001000248FFF7A8FF10BDC0460040054089
:1077C000F0B585B01F0004000D000192FFF754FFD3
:1077D0008F4203D845D1019B834242D9EFF31083F6
:1077E00072B60393204B1B68002BFBD0BFF35F8F57
:1077F0000126AE401D4B66631A7800923243D2B226
:107800001A7002922B1D019A9B001A51184BAA0064
:10781000D750236A33420AD10020BFF35F8F002381
:10782000114A1360039B83F3108805B0F0BD20005C
:10783000FFF722FF8F42EFD802D1019B8342EBD8A2
:10784000009B029A93420AD01F231D401E3BAB406F
:10785000084A266266631360044B009A1A7001207E
:10786000DBE70120E1E7C046280100D0A742002065
:10787000D035002080E200E010B501000148FFF79C
:107880009FFF10BD0040054030B5EFF3108572B684
:10789000094C2368002BFCD0BFF35F8F01238B4082
:1078A000064903620A789A430A70BFF35F8F002388
:1078B000236085F3108830BD280100D0A742002046
:1078C00010B501000148FFF7DFFF10BD0040054083
:1078D00030B5EFF3108572B60A4C2368002BFCD04C
:1078E000BFF35F8F01238B4007490A781A430A7060
:1078F000BFF35F8F0022226085F31088034A80184F
:10790000036030BD280100D0A74200203C200000C9
:1079100010B501000148FFF7DBFF10BD0040054036
:1079200010B5F6F782FD10BD10B5F6F783FD10BD5A
:107930000022835E0B4A9B184B610223C356013B16
:107940000B610323C356CB600523C3568B6006230C
:10795000C3564B600723C3560B6001235B420B6287
:107960007047C04694F8FFFF4369084A9B180B8094
:10797000036901338B70C368CB7083690B718368B3
:107980004B7143688B710368CB7170476C070000C3
:10799000F7B50C2444430193254B0092E418636827
:1079A000089A05000E00934200D26260C0232F1F88
:1079B0009B01FFB2E318012F29D8012E27D1032202
:1079C0001A60A3683342FCD0009B22685B015340DD
:1079D000E022134080225201A2181360012F09D81F
:1079E0000321236873400B4013600123B340A26856
:1079F0001342FCD0802380229B01E31812011A60FD
:107A0000089B019A63600B4BAD00EA50F7BD8022E2
:107A100012011A60074BAA00D1580029D4D0586926
:107A200001F03AFC431C032058430338FDD2CBE756
:107A300000800040801B00200C234343044A800048
:107A40009B18802212011A600022024BC25070471C
:107A500000B00040801B0020F0B585B017000A9AE6
:107A60000290039100209A4211D81D0E1E02290097
:107A70000300300001F04EFC00290AD02B00002446
:107A800002983A0003990094FFF782FF012005B0A5
:107A9000F0BD802304009B00984201D28024640042
:107AA000002322003000290001F034FC0300E7E746
:107AB00013B5802464000094FFF76AFF13BD000033
:107AC000014B8000C0587047801B0020F7B51400A0
:107AD000012205000F00134E110033000520FFF7AF
:107AE000E7FF3B002A00009401210F4800F05CF8FA
:107AF00021002800794301F0CFFB0400002202217D
:107B000004200A4BFFF7D4FF2300002201210520A7
:107B1000FFF7CEFF3300022200210620FFF7C8FF47
:107B2000F7BDC046006CDC0200800240001BB700BD
:107B3000F0B5A02587B002900391049205936D00E3
:107B4000154B164A6B4301939B18154A0724934221
:107B50000BD9013D0F2DF3D100201BE0013E3F1B4F
:107B6000002E05D1013C002CF3D0270026006743EE
:107B70003900019801F090FB029B9842EED1002958
:107B8000ECD10120074B039A6B431360049B1C60EC
:107B9000059B1E6007B0F0BDE02E0000508EF4FF84
:107BA00050F80C00001BB700F8B504001F48170080
:107BB0001E000D0001F070FB0100380001F06CFBAD
:107BC000069A3304120313432268002A0FDA3F2176
:107BD00022680A40AA420AD1A2681205120D824206
:107BE00005D1EE21E268C9020A409A421CD0104A2F
:107BF000104EA1184A42514101220C318A400E49CF
:107C00000A600E490A60170031688F43391EFAD1A5
:107C10000B4A2131A2182560A0601160216800295B
:107C2000FCDAE36008231360F8BDC046001BB70010
:107C30000040FDBF08C0004000E0004000F00040F0
:107C4000043000002D23436070470000024B1A6887
:107C5000024B5A607047C046342000200080054027
:107C600003008020114AC00510B5114C1060114866
:107C70000460E020104CC004002906D02060002BD6
:107C800005D180231B06236010BD1060F7E7FA20A2
:107C9000C00058438023094A5B04984200D3084837
:107CA0001060FFF7D3FF8023DB05ECE700B0054051
:107CB000FCFF01000820014000A005403420002006
:107CC000FFFFFF0010B5034B034ADA61FFF7C8FF5F
:107CD00010BDC046008005402131B76A70B5040070
:107CE000100080220A4BD2051A600A4B002C0CD0DF
:107CF0000125094A2C43DA61084A62401A62596236
:107D00009C620021FFF7ACFF70BDDC61F9E7C04663
:107D100000B0054000800540D3C007B02D3FF84FAC
:107D2000024B9868431E9841C0B2704700800540DE
:107D30008023024A9B000B43D362704700800540BA
:107D4000142310B50100188804331B88984710BD10
:107D5000162310B50100188802331B88984710BD00
:107D6000F8B50E00040000270125B74201D1280014
:107D7000F8BD2068FFF7E4FF01C4431E984140426C
:107D800005400137F1E7000070B5040003480D001D
:107D9000FFF7D6FF29000300200098475542000056
:107DA000AA22064B12011A608D225200DA600449A1
:107DB000044A11605A68002AFCDA70470040024009
:107DC00000B0FA0000600240034B044A9A605A680F
:107DD000002AFCDA7047C04600400240616D6F63C4
:107DE00010B5034B01001800FEF741FD10BDC04661
:107DF000FA35002013B5054B054C01000093002215
:107E00000B232000FEF70AFD16BDC0463B570410A9
:107E1000FA35002010B5034B01001800FEF7D6FC20
:107E200010BDC046FA35002030B50D2589B00400DC
:107E30002A000021684605F007FF2A00002104A857
:107E400005F002FF4B236A466846137004A92A0016
:107E500009F0DAF8152108222000694405F0FAFE3D
:107E600009B030BDF0B5002587B0059201220600AB
:107E70002C0004930CAB1B78029503930368DD661A
:107E80005960DA66049B9D4204DB2800039B337132
:107E900007B0F0BD049B5F1E0D9B002B02D001219B
:107EA0000E9898470020854200D130790023800247
:107EB000AF4202D1039A0133534001940024059A42
:107EC0003168525D5B02024313430B610D9B002B33
:107ED00005D000210E98984704430190E4B2019B1D
:107EE000002B2AD1102133685A6B0A42EED01A1D9A
:107EF000D26F0292002A16D001245B6D27000D9BE1
:107F0000002B07D000210E98984707430400FFB2CA
:107F1000002811D18021336889005A6B0A42EED0C3
:107F20003C001B6E09E0002CE8D1AF4202D1039B5C
:107F3000002BE3D00135A5E70190002C0CD1019C6A
:107F4000F8E7029B002B04D0DB0702D4029B1B073F
:107F50009BD401256D4298E7019B002BF1D00225AF
:107F6000F8E7F0B585B000240392012205000193E3
:107F70000AAB1B780B9E02930368DC665960DA66D5
:107F8000019B9C4204DB2000029B2B7105B0F0BDDD
:107F9000019B5F1E002E02D001210C98B0472A6879
:107FA000536F102BFCD000218C4200D12979002383
:107FB0008902A74202D10298013343405B020B437E
:107FC000802149000B431361402740212B681A1D73
:107FD000D26F5A6B17400A4213D05B6D002E13D03C
:107FE000012700210C98B04700280ED1002F0CD19A
:107FF0002B689A6F002AE7D01B69039A1355013446
:10800000BEE7002EEDD1F3E73000C443BBE700002C
:10801000F0B585B0039005200E00FFF751FD040078
:1080200070083100001901F037F9032747430500B4
:108030000521380001F030F92B1A0190032002933A
:108040001A4B60439E422ED8194901F025F9431C72
:108050000093039B01201E680023F36632680433FB
:1080600053400622134080225201B2181360029B33
:10807000F361019B33624F2F03D95021380001F087
:108080000BF93300A0331860F36F009A29005A40AF
:1080900093B2084A2000B21813600123F36601F07E
:1080A000FBF805B0F0BD0449CFE7C0463F420F00E2
:1080B000809698007C10000040787D01104B70B5D0
:1080C000C31A5A1E9341012203339A4013000D4AEA
:1080D0000D4C13600D4A13601D00226895432A1E43
:1080E000FAD166240368FF3405710332DD661C6033
:1080F000DD639D6388331A60FFF78AFF70BDC04659
:10810000E812002000E0004008C0004000F00040FD
:10811000F0B58BB01D0006AE10AB1F781400129A9C
:10812000139B049030000591FFF73AFA2B00019061
:1081300022000599049802960097FFF793FE0BB072
:10814000F0BDF0B58BB01D0006AE10AB1F7814006B
:10815000129A139B049030000591FFF721FA2B002F
:10816000019022000599049802960097FFF7F9FE06
:108170000BB0F0BD10B5029C002B12D1002A01DB20
:10818000A24211D1094B0A4AC01801238B40013B7E
:10819000A340000D8000825800201A4200D0093808
:1081A00010BD14204042FBE70B20FBE70000E0AFCE
:1081B0005C1A0020F7B5150005220F798B798A56D5
:1081C0000E00009539000400FFF7D4FF002810D1FD
:1081D00080218901B8420DD30C4B2800E4180123FB
:1081E000BB40013BAB400A4A240DA400A1580B43FD
:1081F000A350FEBD33684200D25A8A4200D25219BF
:108200002B1812339B001A510130E3E70000E0AF56
:108210005C1A002010B50F4C0F4B0019000D8000A8
:10822000C458012320208B40401A013B002A0CDB5C
:10823000824203DC934010001C420AD0012007E078
:108240001A008240144204D001380028F8DA0920CC
:10825000404210BD0000E0AF5C1A0020064B10B594
:10826000C018064A000D012800D1054A80004118B7
:108270000448FEF7B6FA10BD0000E0AF7B570410CB
:108280005957041085370020044B10B5C018000D55
:10829000800041180248FEF7EAFA10BD0000E0AF86
:1082A0008537002013B5094B094AC418240DA400D2
:1082B000009208482200E31CFEF7B0FA844201DC79
:1082C000001B16BD01204042FBE7C0460000E0AFA6
:1082D0009757041085370020044B10B5C018000DC7
:1082E000800041180248FEF771FA10BD0000E0AFAF
:1082F00085370020F0B585B00D000600FEF750FA76
:1083000005230390EB562F791A00390030000293B1
:10831000FFF780FF041E07DBAB7939000090029A5B
:108320003000FFF727FF0400039863425C41FEF72B
:1083300043FAE0B205B0F0BDF8B50D000700FEF756
:108340002FFA05220600AA5638002979FFF762FFA6
:10835000041E05DB020029003800FFF72BFF040094
:108360003000FEF729FA2000F8BD000070B50125A5
:108370000B7904009D40013D9540FEF711FA054B35
:108380000549E3181B0D9B005A58AA435A50FEF7A3
:1083900013FA70BD0000E0AF5C1A0020F0B51D00BC
:1083A00018234B43C618370085B0DC3703923A6870
:1083B000040001923200CC32126800910292144AF9
:1083C000B318802292021A60002D0CD11823009A53
:1083D0005343E4182300019ADC331A60029BCC3427
:1083E000236005B0F0BD280000F022FF8023420189
:1083F000DB041343039A3B60C24001231A40E0238D
:108400001B0213433200D83213606B1E1D40DBE7A2
:10841000CC300000F0B51D0018234B43C6183700C0
:1084200085B0DC3703923A68040001923200CC3206
:10843000126800910292144AB318802292021A60C4
:10844000002D0CD11823009A5343E4182300019AFD
:10845000DC331A60029BCC34236005B0F0BD2800E9
:1084600000F0E6FE80234201DB041343039A3B60E5
:10847000C24001231A40054B13433200D832136027
:108480006B1E1D40DCE7C046CC30000080E00000E1
:1084900070B501258D400468AC4304601824002B9E
:1084A0002BD04C43041925001E68C8352E609E68E9
:1084B00004356E605E68DB682E60DC342360182350
:1084C0004B43154DC418641980252D062560256081
:1084D000124C0D1D8C40846001242600AE40802586
:1084E00008318C401F21AD014519C0180A40D83011
:1084F0002E602C600260002070BD4C4304192500E2
:108500008026C83576022E60C0263603AE60F82677
:10851000043576022E60D0E7D01000000101010181
:10852000F0B50500022487B006200091FFF7C8FAD5
:108530006B680190234004932B1D0593274BEB1888
:108540001C60009BDF0D5E02002F28D1864226D8DA
:10855000009B990D980280235B009C460234644581
:108560000FD1FF27802667437600390001980296D5
:1085700000F092FE009B013E3F1B984211D9029EE3
:1085800011E032003B0012184B4102920393002984
:10859000E7D1019B8342E4D302980399DEE70224EA
:1085A000DFE7012EE1D12C612A68731E1B025340C4
:1085B000FF221202134080225201AD188022920144
:1085C000944631002B60059B049A634461430198F3
:1085D0001A6000F061FE07B0F0BDC0460430000034
:1085E000164B70B5C218531E9A41012310329340A6
:1085F000134A04001360134A134813601D000268F5
:108600009543FBD12000FFF78BFF02220F4B6168DF
:10861000E3181A600723256811406B40CF252B40D3
:1086200080256D0165192B60094BE3181960094914
:108630006418032121601A6070BDC0460040FCBF71
:1086400000E0004000F0004008C00040043000009E
:108650000420000024200000F7B5076B04000E0082
:108660000192FB0715D5104B104AC3181A60456AD2
:10867000836AAD010620ED18FFF722FA0C4900F0DD
:108680000BFEAD020100280000F006FE0021FFF7FE
:1086900027F8E36A5E40019B33401E00054BE31858
:1086A0001E602763F7BDC0463030000001030000A4
:1086B0004E0E00002C100000044B054AC018434227
:1086C0005841012316308340136070470080FCBF7F
:1086D00000E0004070B5060006200C00FFF7F0F93E
:1086E0002100C00000F0D8FD01300124C50905D0EB
:1086F0000C4B9D4212D840062C00850E0022110022
:1087000030007462B562FFF7A7FF0620FFF7D8F9C3
:10871000A1014919800000F0BFFD70BD0025024C89
:10872000ECE7C046FEFF0000FFFF000070B504004C
:1087300006200D00FFF7C4F9002828D0144B154976
:10874000E21853425A41012316329340124A1360F1
:10875000124A136018000A689043FBD10C4B104A70
:10876000E31859424B4180215B0049009952200097
:108770002900FFF7AFFF7023E26A53407E221340C7
:10878000084AA2181360084B23630323A36470BD37
:108790000080FCBF08C0004000E0004000F0004046
:1087A000623600202C1000000103000070B51C0090
:1087B000651EAC41013A6400D200013B22435C4299
:1087C000634105399B001A43490111436E22FFF7AB
:1087D00043FF70BD10B510220901FFF73DFF10BD2A
:1087E00010B50122FFF738FF10BD000007B569463C
:1087F000FFF7BAF8684600F07BF80920FFF760F948
:10880000054B0100C01800F047FD00214000FEF7B5
:1088100067FF01200EBDC0463F420F0010B58AB071
:1088200001A9FFF77DF80400631E9C41E4B2002813
:1088300002D001A8FFF7DAFF20000AB010BD13B57F
:108840000400684600F0AAF868462100FFF770F8B7
:10885000012016BDF0B593B06E4605003000FFF75D
:10886000EEFF0024A04210D009A832000300C2CAC3
:10887000C2C3C2CAC2C3C2CAC2C3FFF755F813C536
:10888000014001314B1E99410C00200013B0F0BD96
:1088900010B5040000F010F82000FFF7BFFF10BD76
:1088A00010B500F001F810BD024BD8688007C00F6A
:1088B0007047C04600C00540092010B5FFF700F919
:1088C0008023074A1B021360064A074913601C00F5
:1088D0000A689443FBD1054B0138186010BDC046AF
:1088E00000E0004000F0004008C0004000C005402B
:1088F000F0B50022845E8022A1B2030085B0002082
:108900005201914245D202269E57721ED2B20B2AC4
:108910003FD80327DF577A1ED2B21E2A39D8042245
:108920009A5600926A461278062A32D805229A563A
:1089300001926A461279172A2BD806229A56029279
:108940006A46127A3B2A24D8DB795BB203936B46E2
:108950001A7B3B2A1DD8104DE860FFF7A5FF0028C1
:10896000FBD1009B019A1B0612041343039A2403B4
:108970001343029A36023443120213433C436C60A1
:10898000AB601023EB600F3BEB60FFF78DFF00281F
:10899000FBD005B0F0BDC04600C0054070B5040076
:1089A000FFF782FF002817D00C4A3F26D36992694F
:1089B0005901490F21711F211D0C0D4065711D0AC0
:1089C0003340E37113021B0D2380130535401B0F49
:1089D0000A40A571A370E27070BDC04600C005409A
:1089E000D02301221B06196D114201D0986D7047EA
:1089F00020BFF8E703BD0000024B18680130186083
:108A000040BF7047F012002010B5040000F090FB4A
:108A1000A04710BD10B5FDF7C3FE0400044803686D
:108A2000002B01D1FEF776FA2000FDF7C5FE10BD40
:108A300038200020D02302221B06196D1142FCD0E1
:108A4000586540BF70470000F7B514001D00019045
:108A5000FEF73EFE22002B0012184B418021090632
:108A60008B4202D301220D4B52421D0002240C4EB8
:108A7000D02109060F6D38002040274204D0019B09
:108A80004B6540BF012007E0776ABD42F0D8B16A6C
:108A9000914201D2BD42EBD0FEBDC046FFFFFF7F39
:108AA00000400540F7B504000D000192FEF710FEEE
:108AB000802324184D411B069D4202D301240B4DF7
:108AC0006442D02601273606336D1A003A400092E0
:108AD0003B4203D0B36D019A136005E020002900EA
:108AE000FEF702FD0028EFD00098FEBDFFFFFF7FDC
:108AF000F0B587B000900191FFF78CFF009A019BC1
:108B0000254808F001FB051E40D0FFF775FFD02374
:108B10001B061E6803900F363000FDF7BDFF0400F2
:108B2000071E03D000213000FDF7A2FFFEF7D0FDA5
:108B3000009A019B121A8B41002B1FDB0398FFF751
:108B400083FFFEF7C5FD009A019B121A8B411000AE
:108B5000191E13DB002305AA0593FFF7A3FF0028C6
:108B60000CD0059B039A9A42E0D1002C0BD0012136
:108B70003000FDF77DFF002F02D004E0002C08D16B
:108B8000FFF73AFF0025044808F046FA280007B02E
:108B9000F0BD0027EBE7C0463820002070B58025E7
:108BA0000D4B6D020D4A1D6013682B42FCD00F2047
:108BB000FDF772FF002104000F20FDF759FF00228E
:108BC000074B5A70074B1D60FFF70AFF21000F206B
:108BD000FDF74EFF70BDC046042001400400014077
:108BE0008A37002004300140F0B5040089B00F201E
:108BF00017000D00FDF750FF002101900F20FDF739
:108C000037FF002301260597D02707941C00029305
:108C10000393049606953F06A30002AAD558002D9B
:108C200003D13B6D334210D140BF2800FFF702FF54
:108C3000FFF7D6FE85420AD10134062CECD10F2075
:108C40000199FDF715FF09B0F0BDBB6DE9E7002400
:108C5000E2E7000003239A438B1810B50C001900BB
:108C6000064A0C3992680860180008380460044805
:108C7000043B18600348FFF7B7FF10BD00ED00E0AC
:108C8000098A0310F589031070B5FFF7C3FED023DE
:108C90001B061C68064925000F352800FDF71EFF3E
:108CA00028000121FDF7E4FE0122024B1A5570BD98
:108CB000AD0700208A37002010B5034B18685968AB
:108CC000FFF716FF10BDC0460843051010B5074B4F
:108CD000074C1A685B68200008F016FA002804D0D8
:108CE000FFF78AFE200008F097F910BD0843051031
:108CF00038200020014B185C7047C0468A3700209E
:108D000070B50F4C0F4D104A24184D41A900A00F0B
:108D10000843A90F69400D4B604001F0FBF84A0180
:108D2000C30E1343CA0E58405140094B094A01F083
:108D3000F1F84A00C30F1343CA0F5840514070BDA9
:108D4000157C4A7FB979379EB9E5E41C6D4758BF59
:108D5000BB49D094EB113113F7B5040006684568A0
:108D60008368C16808001A0028433243024331D0A7
:108D70002806320A734002432F0A30060743180CB4
:108D8000844669404A4001926246080410435F40AD
:108D90001A045740019A276042406260D80E4A0187
:108DA0005B01C90E02430B43A260E360052200236E
:108DB0003000290001F0AEF80B000200410ED8018E
:108DC0000143D201580E10430023092201F0A2F8FA
:108DD00003B0F0BDFEF77CFC0300C3E7F0B53E4BEB
:108DE00087B09B690190DB0405D5E0223B4BDB6B30
:108DF0001340402B01D100F087F9EFF30583049372
:108E00000023002500260093354B1A685B68029208
:108E10000393049B002B58D010000399FEF76AFCC3
:108E2000EFF3108372B62F4F05933B68002BFCD0F5
:108E3000BFF35F8F2A4C029A236893424AD163683A
:108E4000039A934246D12800310001224019714112
:108E5000214B0E00DB69134003431D00FEF738FC75
:108E60000A220023801859410B00802102000906C4
:108E70008B4202D301221C4B52420CC4019B00992D
:108E80005A1E01238A420CD1184C019A206861684D
:108E900008F0D2F82843314305000E000123256075
:108EA0006660BFF35F8F00223A60059A82F31088F4
:108EB000002BA9D0009B01330093009A019B9342A1
:108EC000A2D12800310007B0F0BD02980399FEF747
:108ED000BFFAA5E70023E4E7000006400080004059
:108EE00060150020300100D0FFFFFF7FC01300207D
:108EF000F0B56D4B8BB01B78002B71D16B4D6C4C6A
:108F00002868696800236B4A01F004F8002740CC08
:108F1000694B801979419C42F4D128606960FFF760
:108F2000EFFE050004A80C00069F079E00F0E2F883
:108F300004980599FFF7E4FE089B00900293099BB3
:108F4000402003930191FFF749FFFFF7D9FE454009
:108F50004C407D40744006950794FEF7B9FBFFF73F
:108F6000CFFE009B43401800019B4B401900029B21
:108F70005840039B089059400991EFF3108672B650
:108F80004E4C2368002BFCD0BFF35F8F464D2B78EF
:108F9000002B1FD14A48591CCA00121812681F2AF8
:108FA00006D00B000429F5D100F0AEF801235B4296
:108FB000444A06A81370444ADBB2DB009B18052222
:108FC0005A60FFF7C9FE1022404806A904F042FE8D
:108FD00001232B70BFF35F8F0023236086F310887B
:108FE0003A4C1022210006A804F034FE384D2B78AC
:108FF000DBB20093FEF76CFBFFF782FE069F079E35
:10900000474001204E40FFF7E9FEFFF779FE089B3D
:10901000304A5840099B08904B400993294B1B78D4
:10902000DB009B1898682C4A904201D100229A607C
:109030000021FFF765FE47404E4006970796EFF385
:10904000108772B61D4E3368002BFCD0BFF35F8FC4
:109050002B78009A93420FD0069A236861685A4091
:10906000079B06924B40089A0793A368E1685A4011
:10907000099B08924B40099306A8FFF76DFE10224A
:1090800000900191200006A904F0E4FD2B78013343
:10909000DBB22B70BFF35F8F0023336087F3108840
:1090A000009801990BB0F0BD95370020C81300203F
:1090B000001C04203F00010000200420300100D0EB
:1090C000040003408037002008000340D013002034
:1090D0008337002000000340FFFFFF0010B5FFF7BB
:1090E00007FF10BD10B50248FEF79EFE10BDC0463A
:1090F0008D37002010B50822014904F0ABFD10BDEA
:109100008D3700207047000010B50148FDF730FB97
:10911000BB57041010B5044C044B9C4200D310BD47
:1091200008CC9847F8E7C04670130020AC13002025
:1091300010B5044C044B9C4200D310BD08CC98479A
:10914000F8E7C046A4130020AC130020054B064AE4
:1091500006491A60064B074A136018000A689043D4
:10916000FBD1704700E00040BFCDFBFE08C00040CF
:10917000FE7F3C0000F00040044BDB6C002B03D171
:109180008022034BD2021A607047C0460000115083
:109190004C201150044A054B1A60054A1368DB0144
:1091A0008033FBD17047C046FFFFFF0100F0004055
:1091B00008C000404022034B9A675A671A67DA6674
:1091C0007047C04600F0014010B5FDF77DFB10BDB3
:1091D00070B50B490B4C0C4D641AA4102200302CB6
:1091E00000D930222800920004F034FD074B2F2CC8
:1091F00002D9074B9D6070BDA200AB500134F6E769
:1092000000010010C001001000000020C10100108A
:1092100000ED00E001480421014B18470013002035
:10922000617D0310014B5B681847000000130020AC
:10923000014B9B681847000000130020014B1B687E
:109240001847000000130020124A936F9B0815D2A4
:109250009066D166002905D0FFE7FFE7FFE7516F71
:10926000106F704704B580210906C21751400028CD
:1092700000D0C84307F000FF002104BDF0B5146E14
:10928000556E576F166FFFF7E3FF14665566576705
:109290001667F0BD000000D0114A936F9B0813D2EF
:1092A00010665166002905D0FFE7FFE7FFE7516F21
:1092B000106F704704B5002801D00020C04307F0AC
:1092C000DBFE002104BDC046F0B5146E556E576F2D
:1092D000166FFFF7E5FF1466556657671667F0BD12
:1092E000000000D094464A4A926F9208624601D22A
:1092F00028E0C046F0B5464E346E756E776F366F17
:1093000000F020F89446424A14665566576716677F
:109310006246F0BD94463E4A926F9208624601D280
:1093200054E0C046F0B53A4E346E756E776F366FC6
:1093300000F04CF89446364A14665566576716672F
:109340006246F0BD002B24DB11D000293EDA00B5C7
:10935000C943404200D1013100F038F8C9434042CE
:1093600000D10131DB43524200D1013300BD002A5C
:10937000EBD1002801D1002905D00020C90FC90771
:1093800001D1C043410800B507F04EFE0022002382
:1093900000BD00B500290ADBDB43524200D1013396
:1093A00000F014F8C943404200D1013100BDC94367
:1093B000404200D10131DB43524200D1013300F081
:1093C00005F8DB43524200D1013300BD002923D10F
:1093D000002B18D1002A0CD0BC460D4F38667A6697
:1093E00000210023FFE7FFE7FFE77A6F386F67464A
:1093F0007047002801D00748010000B507F014FEAF
:109400000022002300BD02000B0000200021704755
:10941000000000D0FFFFFFFF002B00D0BFE0130CC7
:1094200028D1002AE7D080B4114F39667A66FFE769
:10943000FFE730B4040C7B6F396F1B0423433B669A
:109440007A66FFE7FFE7FFE7C04684B27B6F3D6FB8
:109450001B0423433B667A66FFE7FFE7C046002311
:109460002C042D0C7A6F386F00196941B0BC70471D
:10947000000000D0F0B594460025140E01D1120270
:109480000835140F01D112010435940F01D1920057
:109490000235D40F01D152000135D40B0134254FD0
:1094A0007C66254C3C660E0C93B2FFE7FFE7FFE7B6
:1094B0003C6F6643360C7703BE467343DF0B5B0499
:1094C000C01AB941130C7343DB18C91ACE0866439E
:1094D000360CB64493B273431F0F1B01C01AB94137
:1094E000130C73431F0B1B05C01AB941860D8F0265
:1094F0003E436643360C092D24DB520A7243801A20
:109500007703460A6643360C16235B1BDE40DF40BA
:10951000BF1964466643821B70460435063301005A
:10952000D940A840C01900D30131A24206D200237D
:10953000F0BD0000000000D0FFFFFFFF121B013054
:10954000F3D3F1E709277F1BFE406446A2B27243C2
:10955000801A00D20139220C7243130C1204821AB1
:1095600099410B007046043513370100F940A840BB
:10957000801900D30131002B02D1A2420AD2F0BDE2
:10958000013000D30131121BFAD2013BF8D1A242C3
:1095900000D2F0BD013000D30131121BF7E7F0B566
:1095A0001C0C00D080E00CB400251C0A04D11B0266
:1095B000160E3343120208351C0B04D11B01160F83
:1095C0003343120104359C0B04D19B00960F3343A7
:1095D00092000235DC0B02D192185B4101351C0070
:1095E000971864410134464F7C66464C3C660E0C2D
:1095F000FFE7FFE7FFE7C0463C6F6643360C7703A3
:10960000BE4697B27743C01B00D20139C01B00D2BF
:1096100001399FB27743C91BC91B170C77437E04DE
:10962000FF0B801BB941CE086643360C0C2D33DB93
:10963000B644120B1F053A431B0B97B27743C01B6E
:1096400000D201399FB27743C91B170C77433E0400
:109650003F0C801BB941860D8F023E43664329278C
:109660007F1BFE400C3D7746AF40BF1930BCA2B215
:10967000ABB272437343801A9941220C7243130CAC
:109680001204801A994102000B000137001BA94106
:10969000F9D2781E0021F0BD0C277F1BFE407746D3
:1096A0007F0BAF40FF19E0E700245D1C07D0144F8B
:1096B0007D663966FFE7FFE7FFE7FFE73C6F95B29E
:1096C0009EB265436643401BB141150C1E0C6543B9
:1096D000664336042F0C3E432D04401BB141994292
:1096E00004D202000B0020000021F0BD01D1904205
:1096F000F7D3801A994101349942F2D3F6E700007A
:10970000000000D0FFFFFFFF48404140484018B430
:109710001B4B5B68FC46019308BD04DF8B9903106B
:1097200018B4174B1B68FC46019308BD00DF9599E0
:1097300003109446134A926F920809D2624618B4F5
:109740000F4BDB68FC46019308BD0CDF4D9C0310FA
:109750000C4AF0B5146E556E576F166F6246FFF7E0
:10976000EEFF084A1466556657671667F0BD18B4D1
:10977000034B9B68FC46019308BD08DFF19A031078
:1097800024240020000000D0FFB55040424050404B
:1097900059404B40594000E0FFB5154F4C00640D57
:1097A00003D0BC4204D10C0314D80020090D0905D4
:1097B0005C00640D03D0BC4204D11C030AD8002213
:1097C0001B0D1B0501264B4009D44B4003D58B4292
:1097D00000D18242FFBD9942FCD19042FFBD0B43B4
:1097E000DB1803431343F5D0C9434918FFBD0000FC
:1097F000FF07000000B5FFF7CFFF804100BDC04666
:1098000000B5FFF7C9FF01D9002000BD012000BD50
:1098100000B5FFF7B9FF01D9002000BD012000BD50
:1098200000B5FFF7B1FF804100BD012040054A00AF
:10983000121804D85A00121801D8002070470120CD
:10984000704700000021002805D17047C11748402B
:10985000401AFAD0C90713B5064B1B6898470CBCD1
:10986000441CA2401005120B0349091B09051943AA
:10987000114310BD242500201F04000010B54C002A
:10988000620D8023D218DB00D21A5B057E2A10DD20
:109890009E3A13DACC170903490819435242D140C2
:1098A000640001341532202A05DAD04008436043B1
:1098B00010BD002010BD0846604310BDC80FC01881
:1098C000013810BD18B4044B5B6AFC46019308BD17
:1098D00024DFFD9D031000002424002018B4044B55
:1098E000DB6FFC46019308BD7CDF7D9E031000000A
:1098F00024240020132370B51C78114D012C0ED1A7
:10990000002310499A000133A950202BFAD10D4BA6
:10991000AB640D48FEF714FA0C4B186070BD012CB7
:10992000F5DD0B48FEF714FA06000A48FEF710FAB8
:1099300080223100280004F08DF9022CE9D1E6E7FD
:1099400024240020599903104C33000024250020C2
:10995000534400005346000007B5604601880A0AD8
:109960000230DF2AFAD1C9B2820804D302884088C3
:109970000004104300E00068014A5050039007BD06
:10998000242400200FB403BC0CBCF0B50124E40770
:10999000634000E0F0B50C0DCF0F661E3605891B45
:1099A000640503D3C943404200D30131640D03D0A1
:1099B000661CF60A07D0E41B00207F00791C89078B
:1099C0008912803C24031D0DDF0F6E1E36059B1B84
:1099D0006D0503D3DB43524200D301336D0D03D039
:1099E0006E1CF60A07D0ED1B00227F007B1C9B0734
:1099F0009B12803D2D032F1B661B58D4A446202E9E
:109A000046DA20371400BC401D00BD40F24033410F
:109A10002A4380185941CB0F05D0C943C0430022C7
:109A200064425041514162464D0D28D10D0D07D180
:109A300000281FD0241940414941013A0D0DF9D0A9
:109A4000640006D3013000D30131002C01D140085D
:109A50004000013A0BD4941CE40A04D112051144CD
:109A6000DB071944F0BDD907204B194300E0D907A3
:109A70000020F0BD0029DDD1002CDBD1F0BD01328A
:109A8000C6074008CD0728434908002EE1D0D9E792
:109A90003C2E29DA203E40371400BC4000D001247F
:109AA000F24014431A00BB401C43D317ACE7AC464A
:109AB000202F08DA20360400B4400D00B540F840ED
:109AC00039412843A5E73C2F0CDA203F40360400FB
:109AD000B44000D00124F84004430800B1400C43D6
:109AE000C117EAE710001900002494E70000F07F96
:109AF000F0B50C0D661E3605891BE60A6405640D7B
:109B000002D0651CED0A04D0002001210905803C2B
:109B10002403A4461C0D671E3F05DB1BE70A6405F2
:109B2000640D02D0651CED0A04D0002201231B0540
:109B3000803C24037740644497B484B296B2744363
:109B4000070C7E43150C6F4380B26843361802D36E
:109B5000012000043F183004350C00197D41844673
:109B600088B29AB250430C0C62431F0C7C438EB2F5
:109B70007E43921902D301263604A4191604170C49
:109B80003618674101BC81B29AB25143040C62435A
:109B90001B0C5C4380B25843121802D3012000040E
:109BA00024181004130C401863412D185E41002046
:109BB000474106BC88B293B258430C0C6343120C65
:109BC000544389B251435B1802D30121090464183C
:109BD00019041A0C091862416D18564100204741BA
:109BE00018BCF902720D1143F0026A0D1043ED0228
:109BF0000A0D03D16D1940414941013B124E9B1B97
:109C00007600B3420ED26D0007D3013000267141B9
:109C10006646354301D1400840001B05C918E407DA
:109C20002144F0BD0BDA013306D1013004D10131FA
:109C30004F0D01D04908F2E7E1070020F0BD0136E1
:109C400031050020EBE70000FF030000F0B51C0D1C
:109C5000671E3F05DB1BE70A6405640D02D0661C26
:109C6000F60A04D0002201231B05803C2403D025E2
:109C70002D060026F6432E661E096E66CE0FF619D7
:109C8000B44649004F0D02D07E1CF60A03D00020D6
:109C90000021403F3F033E1BB600B444013F7F0517
:109CA000C91B49082E6F013676089C02950D254385
:109CB0007543ED137543AD1301356D10F603761B37
:109CC0000CB4CC02450D2C43A2B2B3B25A43270CBC
:109CD0007B43350C6F43A4B26C431B1902D30124A0
:109CE00024043F191C041D0CA4187D4124196D4146
:109CF000009A91B2ACB26143170C7C432B0C5F43CA
:109D000092B25A43A41802D301221204BF182204AB
:109D1000230C52187B41019C6C431B19520ED90134
:109D20000A434401A01A81B2B2B2514303145A4308
:109D3000360C734387B27743D617D21900277E417A
:109D400036049B191704160C7F185E417316ED1824
:109D5000F301002680337541A90F06D16400690A1A
:109D6000E8055B0A184309D22FE0042294448033AB
:109D70007541A90AA8059B0A184326D340414941C9
:109D80002404009A019B0D005543641B4343E41ACD
:109D900095B286B27543170C7E43030C5F4392B2B3
:109DA0005A43B61802D301221204BF183204330CEE
:109DB00052197B4152429C41002C02D400220130B6
:109DC00051414008CA071043490802B06246D7070C
:109DD0009210084BD218084B9A4203D212058918E8
:109DE000C919F0BD0020002A01DC3900F0BD0133A3
:109DF0001905F5E7FD030000FE070000002200B58D
:109E0000203200F004F8080000BD000000220B150D
:109E10000AD410B5944600F05FF81414013400DA47
:109E20000021CB17144C20470020002170476244CA
:109E3000343A0CD40C2A07DA040091409040524284
:109E40002032D440214310BDD843D94310BD203225
:109E500007D40C469440524220321141D040204356
:109E600010BD0800C917203203D4524220321041DD
:109E700010BD1800190010BD2F9E03104A00520D8E
:109E8000144BD21A13DDFF2A1EDAD205CB0FDB07E3
:109E90001A43C300400F0903490A084310435B00FB
:109EA00001D301D0013070474308FBD2704702D084
:109EB000C80FC00770470A0312130132F8D1420FCE
:109EC000072AF5D1012200E0FF22C80F0002801806
:109ED000C0057047800300000A0DCC0F531E1B0500
:109EE000C91A520503D3C943404200D30131520D70
:109EF00003D0531CDB0A07D0121B00206400611C36
:109F000089078912803A1203014BD21A7047000068
:109F1000FF03000051434343C9188C46110C83B220
:109F20004B4310B4040C614392B280B2504362437D
:109F30001C041B0C001910BC59411304120CC0184E
:109F40005141614470470000430070B55B08041C38
:109F5000420019D4FE21890503F081FC011C041C78
:109F600003F0BFFC211C051C201C03F041FC011C5C
:109F7000281C03F03DFC03F0E5FB011C201C03F052
:109F800037FC01F09DFD70BD8B22D20593421ED29D
:109F9000011C03F0A6FCFE21890503F060FC03F020
:109FA000D1FB211C061C201C03F022FC211C051CDB
:109FB000301C03F01DFC011CFE20800503F064FC36
:109FC000011C281C03F04BFC02F004FCDBE702F050
:109FD00001FC024903F00CFCD5E7C0461872313F82
:109FE00070B50F49041C03F07CFC0E4903F037FCEC
:109FF000211C03F076FC0C4903F0FAFB211C03F052
:10A0000070FC0A49051C201C03F06BFCFE2189052D
:10A0100003F0EEFB011C281C03F036FC70BDC046AB
:10A020006BD30DBCBA132F3D75AA2A3EAEE534BFE3
:10A03000FE23410070B549080500041C9B059942A8
:10A0400012D307D1264903F04CFCE021890403F028
:10A05000CFFB06E0011C03F002FC011C002003F012
:10A0600013FC041C201C70BDFC239B05994210D2DC
:10A070001C4BC918E4239B059942F3D3011C03F040
:10A0800030FCFFF7ADFF211C03F02BFC011C201C52
:10A09000DDE7FE20800503F0E2FBFC21890503F0EB
:10A0A00020FC061C03F04EFB041C301CFFF798FF3D
:10A0B000211C03F016FC211C03F09AFB011C03F089
:10A0C00097FB094903F0CBFB011C054803F0C7FBD4
:10A0D000041C002DC6DA80231B06C418C2E7C04644
:10A0E000DA0FC93F000080FF6821A233FE21F8B5D6
:10A0F0004300041C5B0889058B420DD304D100206A
:10A10000002C00DA3C48F8BD011C03F0A8FB011C40
:10A11000002003F0B9FBF6E7FC2189058B4218D239
:10A12000CA229205934264D9011C03F0DAFBFFF7BF
:10A1300057FF211C03F0D5FB011C304803F08FFBB7
:10A14000011C201C03F08BFB011C2D4803F087FB36
:10A15000D9E700281FDAFE21890503F049FBFC211D
:10A16000890503F0BEFB051C03F0ECFA041C281C57
:10A17000FFF736FF211C03F0B4FB204903F06FFB0F
:10A18000211C03F035FB011C1D4803F068FB011C7A
:10A1900003F02EFBB7E7011CFE20800503F05FFBF8
:10A1A000FC21890503F09DFB061C03F0CBFA040B90
:10A1B0002403051C211C201C03F093FB011C301CF4
:10A1C00003F04DFB211C071C281C03F011FB011C94
:10A1D000381C03F059FB071C301CFFF701FF291C3A
:10A1E00003F07FFB391C03F003FB211C03F000FB91
:10A1F000CDE7034887E7C046DA0F49406821A2331C
:10A20000DA0FC93F8B2243005B0873B5D205C50F37
:10A210001C1C93420DD3181C02F0DCFA274903F0F2
:10A22000E7FA041C002D02D080231B06E418201C32
:10A2300076BD40001DD5191C181C03F052FBFE21F1
:10A24000890503F0D5FA03F07DFA211C03F0D0FA5A
:10A25000011CFE20800503F017FB211C061C201C9E
:10A2600003F0C6FA011C301C03F0C2FA02F0B2FA85
:10A27000D7E7E6229205934218D3191C181C03F065
:10A2800030FBFE218905061C03F0B2FA03F05AFAEE
:10A29000FE21890503F0ACFA011C301C03F0F4FA2E
:10A2A000211C03F0A5FA01F00BFCBAE7F721181CFA
:10A2B000C90503F09DFA0190019BB3E71872313F85
:10A2C000F8B50E1C041C011C301C03F070FB0028A8
:10A2D00006D0311C201C03F08BFA041C201CF8BD96
:10A2E000FE229205964203D1201C00F071F8F4E79B
:10A2F0000221B50FE30F0D4062001D435308002AF1
:10A3000005D18D424FD0032DE8D1294CE6E77000EE
:10A310004208002803D1ED0747D4264CDEE7FF2092
:10A32000C00582420ED1013D934204D1224B022D41
:10A3300005D9224CD2E70024022DCFD8204BAD0006
:10A34000EC58CBE7D0273F05D7199F42E3D3834290
:10A35000E1D00D4204D0D02109055B1893420ED301
:10A36000311C201C03F090FA4000400800F030F847
:10A37000041C012D04D180231B06C418AEE7002461
:10A38000022D07D0002DA9D00E49201C03F030FA71
:10A390000D4905E00B49201C03F02AFA011C0A486C
:10A3A00003F05DFA99E7084C98E7084C96E7C04639
:10A3B000DB0F49C0DB0FC93F1C430510DB0F493FD2
:10A3C000104305102EBDBB33DB0F4940DB0FC9BF67
:10A3D0009921F0B5C30F85B001934300041C5B08BD
:10A3E000C9058B420CD3011C03F0E1FA002804D10B
:10A3F000019B002B00D1ADE0574C201C05B0F0BDF7
:10A4000056498B420ED8E62189058B4200D388E05D
:10A41000FF23DB051842F0D1011C03F062FA039020
:10A42000039BEAE74E4A1C0093425AD84D4A934296
:10A4300045D8191C181C03F0DBF9FE21890503F02F
:10A440000EFA8021051CC905201C03F0D1F9011C5E
:10A45000281C03F019FA0025041C211C201C03F001
:10A4600040FA011C071C03F03CFA3F49061C03F0AC
:10A4700038FA3E4903F0BCF9311C03F032FA3C498A
:10A4800003F0B6F9391C03F02CFA3A49071C301CCA
:10A4900003F027FA384903F0E2F9311C03F021FAFE
:10A4A000011C381C03F0A4F9211C03F01AFA6B1CE0
:10A4B0003AD1011C201C03F0D2F9041C9DE7FE21B7
:10A4C000181C890503F0CBF9FE21051C8905201C09
:10A4D00003F08EF9011C281C03F0D6F90125041C99
:10A4E000BBE7264A934215D8FF21181C890503F0C3
:10A4F000B6F9FF21051C8905201C03F0F2F9FE21A5
:10A50000890503F075F9011C281C03F0BDF902252B
:10A51000041CA2E71A48191C03F0B6F90325041C11
:10A520009BE701256D4298E7164BAD00E95803F013
:10A5300096F9211C03F093F9134E011CA85903F05E
:10A540008EF9019B041C002B00D156E780231B06CB
:10A55000C41852E70D4C50E7DA0FC9BFFFFFDF3ECA
:10A56000FFFF973FFFFF2F3F25AC7C3D0DF5113ED0
:10A57000A9AAAA3E4712DABD98CA4C3EFFFF1B406B
:10A58000000080BF2843051038430510DA0FC93F8B
:10A59000F7B5FC2243005B08C50F1C1C92059342D3
:10A5A00031D2BE229205934210D2FF23DB05034233
:10A5B00005D1211C201C03F094F90190019B002D72
:10A5C00002D080231B06E418201CFEBD191C181C99
:10A5D00003F00EF9211C061C03F083F9071CFE2072
:10A5E000211C800503F03BF9011C381C03F04CF9D9
:10A5F000311C03F0FDF801F063FAFC21890503F03A
:10A6000070F9041CDBE7FE20191C800503F027F914
:10A61000011C201C03F038F9011CEAE7F0B59F4B40
:10A620008BB047000C00061C05907F089F4204D8A1
:10A63000002308604B6000251BE0994B9F424CD8DB
:10A64000984D994F99490540002823DD03F007F9FB
:10A65000061CBD4210D0964903F001F9011C051CEF
:10A66000301C03F0FCF8924903F0F9F8256001254D
:10A67000606028000BB0F0BD8E4903F0F0F88E4901
:10A68000061C03F0ECF8011C051C301C03F0E7F875
:10A690008949E9E703F0ACF8061CBD420FD08449B4
:10A6A00003F0A6F8011C051C301C03F0D8F8804903
:10A6B00003F09EF82560012560606D42D9E77D4971
:10A6C00003F096F87C49061C03F092F8011C051C67
:10A6D000301C03F0C4F87849EAE7784B9F4200D970
:10A6E0008BE002977649029803F0FBF8FC2189057C
:10A6F00003F07EF803F08EF9050003F069F96B4969
:10A70000049003F0EEF8011C029803F0A8F86849E1
:10A710000290049803F0E5F80390011C029803F0FE
:10A720009EF81F2D07DC674A691E8900664B8A5810
:10A730003340934206D1FF22C30DFF151340FB1A8D
:10A74000082B01DC206025E05A49049803F0C9F881
:10A75000011C0390029803F082F8011C061C029869
:10A7600003F07DF8039903F07AF8534902900498B6
:10A7700003F0B7F8029903F072F80390011C301C43
:10A7800003F06DF8FF22C30D1340FB1A192B15DCE3
:10A790002060029626680298311C03F060F8039945
:10A7A00003F05DF8059B6060002B00DB61E7802310
:10A7B0001B06F618C018266060607EE743490498BF
:10A7C00003F08FF8071C011C301C03F048F80290BE
:10A7D000011C301C03F043F8391C03F040F83C49DD
:10A7E000061C049803F07DF8311C03F038F8039040
:10A7F000011C029803F033F8A4E7FF23DB059F4216
:10A8000005D3011C03F02BF86060206013E7FE15F0
:10A81000863EF5057D1B281C03F0FCF803F0D8F8F4
:10A82000011C0790281C03F01AF88721C90503F0C2
:10A8300058F8071C03F0EEF803F0CAF8011C089062
:10A84000051C381C03F00BF88721C90503F049F8F3
:10A850000021099003F088F80323002806D0002186
:10A86000281C03F081F8434243410133194A210077
:10A870000192022207A80092320000F0E9FC059B39
:10A880000500002B00DBF4E68022236812069B18EB
:10A89000236063689B1863600FE7C046D80F493F89
:10A8A000E3CB1640F0FFFF7FD00FC93F800FC93FB9
:10A8B000434435370044353708A3852E800F49437C
:10A8C00084F9223F4843051000FFFF7F00A3852E37
:10A8D00032318D24C84305100123F7B54600DE4010
:10A8E0000B60FF230F00041C0190DB059E4204D384
:10A8F000011C02F0F6FF041C16E0002E05D1FE201C
:10A900000021800502F0C0FFF5E7E4235B059E42CD
:10A9100012D200280ADA012380255B422D060B6043
:10A92000401901F057FF4419201CFEBD01F052FFF1
:10A9300080231B06C418F7E7002800DB50E39623AA
:10A94000DB059E42DBD2FA239B059E4200D3A0E0AA
:10A95000CA4902F0C6FF0022002100F015FF051CC5
:10A960000021281C03F000F80028C8D1291C201C55
:10A9700002F0B7FF41004908C04802F085FF01F02E
:10A9800029FF00210090281C02F0F6FF002802D0C9
:10A9900001235B423B60FE239B059E4200D11BE3EB
:10A9A0008023DB059E4200D116E380231B06E418BA
:10A9B000019B5B0000D504E2B14B9E4200D948E107
:10A9C000201C01F007FF80231B06C518AD4B9E42DB
:10A9D00000D8C9E0FE20211C800502F040FF061CC3
:10A9E000311C301C02F07DFFA749041C02F079FFE6
:10A9F000A64902F0FDFE211C02F073FFA44902F0FB
:10AA0000F7FE211C02F06DFFA24902F0F1FE211CAD
:10AA100002F067FFA04902F0EBFE211C02F061FF8B
:10AA20009E4902F0E5FE311C02F05BFF9C49071CC9
:10AA3000201C02F056FF9B4902F0DAFE211C02F0B6
:10AA400050FF994902F0D4FE211C02F04AFF9749B9
:10AA500002F0CEFE211C02F044FF954902F0C8FE30
:10AA6000211C02F03EFF934902F0C2FE211C02F0BD
:10AA700038FF011C381C02F0BBFEFC21041C8905B8
:10AA8000301C02F02EFF011C201C02F0E8FE291CE5
:10AA900037E280231B06C518281C02F011F8011CA0
:10AAA000281C02F061FF00281DD1FC21281C89050B
:10AAB00002F017FF051C02F003F8011C281C02F02D
:10AAC000CEFE011C02F094FE8121C905051C02F096
:10AAD00008FF02F09FFF062842D806F035FB131C42
:10AAE0001C2B2B3232009620211CC00502F0B7FE31
:10AAF000012303401800009302F06AFF009B051C2D
:10AB00009800E8E75D49281C02F0EBFE00220021D6
:10AB100000F03AFE0AE0FC20291C800502F09FFEAE
:10AB2000564902F0DEFE002100F012FB80231B06D6
:10AB3000C51815E7FE20291C800502F090FE4F493C
:10AB4000E2E7FF21281C890502F089FE4B4902F04B
:10AB5000C8FE002100F0FCFA80231B06C018E5E7C0
:10AB60008021281CC905E8E7534B9E4200D8D6E057
:10AB70005249201C02F073FE061C311C301C02F0EE
:10AB8000B0FE311C071C02F0ACFE4D49041C02F063
:10AB9000A8FE4C4902F063FE211C02F0A2FE4A49C5
:10ABA00002F026FE211C02F09CFE484902F057FEEE
:10ABB000211C02F096FE464902F01AFE391C02F0F2
:10ABC00090FE4449071C201C02F08BFE424902F013
:10ABD00046FE211C02F085FE404902F009FE211CC0
:10ABE00002F07FFE3E4902F03AFE211C02F079FE9F
:10ABF0003C4902F0FDFD311C02F073FE3A49061C8F
:10AC0000201C02F06EFE394902F0F2FD211C02F018
:10AC100068FE374902F023FE211C02F062FE35492E
:10AC200002F0E6FD211C02F05CFE334902F017FE43
:10AC3000011C301C02F0DCFD211C02F052FE011C44
:10AC40002E4802F00CFE011C381C02F008FE2C49B4
:10AC50001BE72C4B9E4207D98020211CC00502F027
:10AC6000FEFD0025061CBBE6274B9E4250D9274916
:10AC7000201C02F0F4FD0025061C7EE7DB0F494096
:10AC80006666663F1F4A3B3FA283D33767976739A3
:10AC9000A1549C3A7E02F23B01F0893D3F239E3D48
:10ACA000752C3C384584E23834B6053AC66E3D3BD7
:10ACB0001599A83C661AA53E07336D3E0C5BEC3E29
:10ACC0006B7BA53976F4B73A07E7C73B474D063D9E
:10ACD0005EB9F73EF7E9AF3985300D3A9916143B66
:10ACE000FEFC283C155A843D27F9A3B967F8663A5B
:10ACF000FE77713B3D37933C3C21173E521CE631B9
:10AD0000CDCDF83D17A6DD3F1FA69D3FC316BB3F27
:10AD1000FE21201C890502F0A2FD0025041CB64975
:10AD2000201C02F0DEFDB54902F062FD211C02F09C
:10AD3000D8FDB34902F05CFD211C02F0D2FDB149FF
:10AD400002F056FD211C02F0CCFDAF4902F050FD8F
:10AD5000211C02F0C6FDAD4902F081FD211C02F06C
:10AD6000C0FDAB49061C201C02F0BBFDA94902F046
:10AD70003FFD211C02F0B5FDA74902F039FD211C61
:10AD800002F0AFFDA54902F033FD211C02F0A9FD40
:10AD9000A34902F02DFD211C02F0A3FDFE2189052F
:10ADA00002F026FD011C301C02F06EFDBF21061CC6
:10ADB0000906201C02F095FD011C301C02F018FD54
:10ADC00065E68223DB059E4200D3A9E0201C02F049
:10ADD00021FE060002F0FCFD011C201C02F03FFDDC
:10ADE0009049051C02F07DFD8F4902F001FD291CF0
:10ADF00002F077FD8D4902F0FBFC291C02F071FD89
:10AE00008B4902F0F5FC291C02F06BFD894902F028
:10AE1000EFFC291C02F065FD874902F0E9FC291CC2
:10AE200002F05FFD794902F01AFD291C02F059FD7C
:10AE30008249041C281C02F054FD814902F0D8FC10
:10AE4000291C02F04EFD7F4902F0D2FC291C02F0C1
:10AE500048FD7D4902F0CCFC291C02F042FD7B49F3
:10AE600002F0C6FC291C02F03CFD794902F0C0FC4E
:10AE7000291C02F036FDFE21890502F0B9FC011CF7
:10AE8000201C02F001FDFC21041C8905281C02F095
:10AE900028FD011C201C02F0ABFC041CF01E042841
:10AEA00000D990E006F050F9393633300300694993
:10AEB000281C02F09DFC061C6749281C02F098FC27
:10AEC000311C02F00EFD061C8121281CC90502F070
:10AED0008FFC311C02F005FD061C6049281C02F0A5
:10AEE00087FC311C02F0FDFC061C8021281CC905D2
:10AEF00002F07EFC311C02F0F4FC01F06BFC011C42
:10AF0000201C02F075FC5DE0FE26B605D4E7FE26A7
:10AF1000B605D9E7FE26B605DFE7FE26B605E4E767
:10AF2000B923201CDB059E4243D201F053FC071CD1
:10AF3000FE20211C800502F0A7FC011C061C02F06B
:10AF4000D0FC4749051C02F0CCFC464902F050FCFD
:10AF5000291C02F0C6FC444902F081FC291C02F0C5
:10AF6000C0FC424902F044FC291C02F0BAFC4049F2
:10AF700002F075FC291C02F0B4FC3E4902F038FCDA
:10AF8000311C02F0AEFC3C4902F032FCFC21051CF5
:10AF90008905201C02F063FCFE21041C8905381C75
:10AFA00002F05DFC011C201C02F09BFC011C281C13
:10AFB000A7E701F00FFCFE21890502F050FC211CDF
:10AFC00002F08FFC041C019B002B00DBACE400981A
:10AFD000211C02F044FC8EE40024F8E70024A3E4E2
:10AFE000FE239B059E42F9D08023DB059E42F5D0CF
:10AFF00000230093DCE4C0465E3C5B3C78756A3E0F
:10B00000B24B7A3FE73ABA3FF400223F3F239E3DDE
:10B01000DBD5523BAF72D53DDFEF443F2D390840C1
:10B02000BE2E1D4067FF0538B435F13AE440DA3CE6
:10B03000E6DC153E7ACCA63E5A245C3EBDD7F536FA
:10B04000D6EE4B3A54BF983C6E0F303EC5D0383FD9
:10B050003B2DB23F0000C0400000A0400000404037
:10B06000E8C4D5BAD23D5B3A5C061C3AFD0C503AB6
:10B07000610B363BABAAAA3D1D7FD63E70B5041CC2
:10B080000D1C4E0009D0081C02F091FC002804D1D0
:10B09000E30DDBB22100FF2B09D1291C201C02F09B
:10B0A00020FC011C02F0F0FB041C201C70BD62009F
:10B0B000964205D3F9D10021201C02F012FCF3E7DF
:10B0C0006202002B26D1002A21DA01220800D21ABE
:10B0D00090400200E80DC0B26E02002822D1002E7E
:10B0E0001DDA0126361AB540561B83421FDC002E9E
:10B0F00001DB321EDFD0D00D20D0002B21DD134824
:10B100001018DA050243C90FCC071443CDE7013B01
:10B110005200D8E7500A802212040243DAE70138CD
:10B120007600DCE78025760A2D043543DCE7002E27
:10B1300001DBC0D032005200013BD5E75200013B99
:10B14000D9E70120C31ADA40DDE7C046000080FFDE
:10B15000C823F7B54400061C019164089B059C4276
:10B1600003D202F057FC00285DD0311C301C02F0E5
:10B17000B8FBFC218905051C02F0B3FB2B49071C19
:10B18000281C02F0AEFB2A4902F032FB291C02F017
:10B19000A8FB284902F063FB291C02F0A2FB264908
:10B1A00002F026FB291C02F09CFB244902F057FB0D
:10B1B000291C02F096FB224902F01AFB291C02F01E
:10B1C00090FB291C02F08DFB0199051C301C02F03C
:10B1D00088FB011C281C02F042FB1A4B051C9C42F8
:10B1E00009D8011C381C02F03AFB011CFE20800526
:10B1F00002F035FBFEBD144B9C4212D8FF231B0608
:10B20000E418FE20211C800502F029FB211C061CED
:10B21000381C02F024FB291C02F021FB011C301C0D
:10B22000E6E70A4CEDE7FE208005E3E74ED747ADA1
:10B23000F6740F317CF29334010DD037610BB63ABE
:10B24000ABAA2A3D9999993E0000483F0000903EE4
:10B25000F0B5DDB00792629A0893C64B9200D358BE
:10B260000A900493089B0291013B069300230593E7
:10B27000079B043307DB0721079BDA1ED3170B401C
:10B280009B18DB100593059B20AE0133DB0009936F
:10B29000099A079B9B1A0093069A059B9D1A2C00FE
:10B2A000049B9F18631B9F420DDA089C48AF089BC4
:10B2B000049AE31A9A4224DBA30020AA9E180023D2
:10B2C0000025019315E00020002C03DB639B185D33
:10B2D00002F079FB01C60134E4E70A9AAB00316859
:10B2E000D05802F0FEFA011C019802F081FA0135F3
:10B2F0000190069B043E9D42EFDD019B013408C78F
:10B30000D5E7049B0CAA9B009B18049F0B93F0218C
:10B310000CAE34003D000CAABB005218D358019368
:10B32000002D64DC0099019800F0A6FCF821890545
:10B33000041C02F0D6FA01F0C3FB8221C90502F019
:10B34000D0FA011C201C02F08AFA041C02F062FBF5
:10B35000039002F03DFB011C201C02F080FA009BD0
:10B36000041C002B63DD08207B1E9B000CAA9A584E
:10B370000099039D401A110001416D188140521A35
:10B380000CA95A500723009903955B1A1A410192A0
:10B39000019B002B5CDD039B002201330393802380
:10B3A0005B0015000121FF209C46974200DD82E0F2
:10B3B000009B002B05DD012B00D18BE0022B00D17F
:10B3C00091E0019B022B43D1FE20211C800502F05D
:10B3D00046FA041C002D3BD0FE200099800500F0A9
:10B3E0004BFC011C201C02F03AFA041C30E0EE2158
:10B3F0000198890502F075FA02F00CFB02F0E8FAF8
:10B400008721C905039002F06CFA011C019802F033
:10B4100026FA02F0FFFAF021013D0CAAAB00521807
:10B4200001C4D158039802F0E3F9019078E7009B3A
:10B43000002B06D17B1E9B000CAA9B581B1201936C
:10B44000A6E7FC21890502F0A5FA002830D1019079
:10B450000021201C02F088FA002800D18EE0002292
:10B460007B1E04998B4244DA002A61D0009B013F85
:10B47000083B00930CAABB009B58002BF6D0FE2083
:10B480000099800500F0F8FB3D00041C002D00DB56
:10B49000AAE03C00384B0693002C00DAD3E0A3006E
:10B4A00048AA9B1805933B1B002600250093BCE08F
:10B4B000022301936FE73368002D09D1002B03D0DD
:10B4C0006546EB1A33600B001D00013204366CE751
:10B4D000C31AF7E77F217B1E9B000CAA9A580A40EB
:10B4E0000CA95A506DE77B1E9B000CAA3F219A586D
:10B4F000F5E799000CA80958013B0A43B1E701336D
:10B500000B999A0052428A58002AF8D0089A20A92A
:10B51000BA1892008C18059AFB1894460193639B05
:10B520007D1C63440393019BAB4203DA1F00EEE6EC
:10B530000123E5E7039B0027585D02F044FA00264B
:10B540002060069B9F4207DDF0210CAAAB00521839
:10B55000D65001350434E6E7BB000A995A42C9586F
:10B56000A05802F0BEF9011C301C02F041F901376D
:10B57000061CE6E7BC44051090440510099B079A99
:10B58000201C991A00F078FB8721C905041C02F0E1
:10B5900001FA002821D0EE21201C890502F0A1F932
:10B5A00002F038FA02F014FA8721C905051C02F0EE
:10B5B00098F9011C201C02F052F902F02BFABE008F
:10B5C0000CAB9851009B281C0833009302F022FA20
:10B5D0000137BC000CAB185151E7201C02F01AFADD
:10B5E000BD000CAB58514AE70CABAE00F05802F06E
:10B5F000EFF9211C02F075F9F022EE210CAB9B183B
:10B6000098518905201C02F06CF9013D041C3DE7AE
:10B61000059AAB00D158069A0135D05802F061F96D
:10B62000011C301C02F0E4F8061C049B9D4202DC65
:10B63000009B9D42ECDDA021009B0CAA9B005218B0
:10B64000D650013C28E7629B022B08DC002B58DC1B
:10B6500033D00720039B034018005DB0F0BD629B10
:10B66000032BF6D1BB0034AAD61834003D00043CAD
:10B67000002D50DC3D00043E012D61DC002034AC87
:10B68000012F71DC0199349A6368002972D1029903
:10B690004B600B000A609860DBE7BB00195902F0B1
:10B6A000A7F8013F002FF8DA019B002B02D080237E
:10B6B0001B06C018029B1860CBE7002034ACF1E7F2
:10B6C000A300595902F094F8013C002CF8DA019AD1
:10B6D000031C002A02D080231B06C318029A011CF7
:10B6E0001360349802F0BBF8012434ADA7420CDAA1
:10B6F000019B002B02D080231B06C018029B5860C0
:10B70000A7E73C00002034ADDFE7A300595902F061
:10B710006FF80134EAE72368013D009363680098FD
:10B72000191C049302F064F8011C0590009802F0C3
:10B7300096F8049902F05CF8059B6060236096E738
:10B740003368013D009373680098191C049302F05C
:10B750004FF8011C041C009802F081F8049902F0D3
:10B7600047F83460706086E7BB00E15802F040F8AB
:10B77000013F85E78021029C09065B18521863602F
:10B7800022602300401886E7F7B50192C8224300E3
:10B79000041C00915B089205934203D202F03AF92F
:10B7A000002835D0211C201C02F09BF8051C011C30
:10B7B000201C02F096F82849061C281C02F091F87B
:10B7C000264902F04CF8291C02F08BF8244902F0BB
:10B7D0000FF8291C02F085F8224902F040F8291CD4
:10B7E00002F07FF8204902F003F8019B071C002BB0
:10B7F00010D1011C281C02F074F81C4902F02FF82B
:10B80000311C02F06EF8011C201C01F0F1FF041C39
:10B81000201CFEBDFC210098890502F062F8391C4D
:10B820000190301C02F05DF8011C019802F017F83D
:10B83000291C02F056F8009902F011F80B49051C7A
:10B84000301C02F04EF8011C281C01F0D1FF011C35
:10B85000201C02F004F8DAE7D3C92E2F342FD73298
:10B860001BEF3836010D50398988083CABAA2A3EB7
:10B87000C623F0B5460087B0071C0D1C0292049049
:10B8800076089B059E4216D202F0C4F8002829D102
:10B89000029B0133334308D1FE203100800501F0C3
:10B8A000F3FF071C381C07B0F0BD029B012BF9D039
:10B8B0007248391CF3E7724B9E4213D9002803DA11
:10B8C00080231B06C718CD18391C6E4801F0C7FF2E
:10B8D000291C041C6C4801F0C2FF211C01F088FFE8
:10B8E0000025071C391C381C01F0FBFF011C0190CE
:10B8F00001F0F7FF0199041C381C01F0F2FF6349C5
:10B900000390201C01F0EDFF614901F071FF211C43
:10B9100001F0E7FF5F4901F06BFF211C01F0E1FF3F
:10B920005D4901F065FF211C01F0DBFF5B4901F07F
:10B930005FFF211C01F0D5FF594901F059FF019922
:10B9400001F0CFFF57490590201C01F0CAFF56496E
:10B9500001F04EFF211C01F0C4FF544901F048FFE3
:10B96000211C01F0BEFF524901F042FF211C01F0F1
:10B97000B8FF504901F03CFF211C01F0B2FF4E49D5
:10B9800001F036FF011C059801F032FF039901F028
:10B99000A8FF291C01F02CFF019901F0A2FF291C2E
:10B9A00001F026FF4549041C039801F09AFF211C71
:10B9B00001F01EFF011C051C381C01F019FF304B63
:10B9C000041C9E422CD9029802F002F8211C061C8D
:10B9D000201C01F086FF311C0190201C01F008FFA3
:10B9E000011C019801F050FF291C01F038FF011CD7
:10B9F000381C01F034FF011C01F0FAFE011C301C60
:10BA000001F02DFF0222041C0120049B9B17134010
:10BA1000C01A01F0DDFF011C201C01F062FF40E7AD
:10BA2000029B012B28D0060B3303011C1348019302
:10BA300001F02AFF391C061C040B019801F00FFFCE
:10BA40002403011C281C01F00AFF211C01F049FFFE
:10BA5000211C051C019801F044FFFE21890501F01D
:10BA6000C7FE011C281C01F0C3FE311C01F039FF88
:10BA7000211C01F0BDFE14E7071C13E7000080BF86
:10BA80003FA12C3FDA0F493F682122338453D93735
:10BA90007AC09538B937813948DEBE3A1F37113C34
:10BAA000D10D5D3D5FAE9BB745F4A338C8261A3A69
:10BAB00016696B3BA427B33C8988083EABAAAA3E13
:10BAC000F0B5604A87B081185F4A041C914200D8E3
:10BAD000A5E05E4A904210D95D4901F045FF00287B
:10BAE00005D000215A4801F0CFFE041C13E0211CB0
:10BAF000201C01F0B4FE0021F5E7CE214200C9056B
:10BB00008A420BD2FF22D205104204D1011C01F05F
:10BB1000E8FE0590059B201C07B0F0BD4D4A904201
:10BB200000D88BE0FE21201C890501F061FE4A4B04
:10BB3000071CC618F50D7F3D182D7DDC012D74DD29
:10BB4000211C01F08CFE011CFE20800501F087FE07
:10BB5000391C01F099FE071CFE21404B7002400A7F
:10BB6000C018890501F07BFE041C8021201CC9053A
:10BB700001F03EFE011C201C01F086FE011C00901D
:10BB800001F0AFFE011C061C01F0ABFEFC21019090
:10BB90008905201C01F0A5FE211C01F0A2FE0290E7
:10BBA000280001F015FF2E490390019801F099FE3D
:10BBB0002C4901F01DFE019901F093FE2A49051C54
:10BBC000019801F08EFE294901F012FE311C01F0AE
:10BBD00088FE011C281C01F00BFE029901F008FEF2
:10BBE000009901F07EFE2249051C039801F079FEC0
:10BBF000391C01F0FDFD011C281C01F0F9FD029922
:10BC000001F02DFE211C01F0F3FD1A49041C0398DC
:10BC100001F067FE011C201C01F0EAFD65E7FF2230
:10BC2000D205904200D27DE775E7FE21890501F03B
:10BC300016FE011C201C89E700278DE70025002740
:10BC400093E7C04630EC2BC12FEC2B41FFFF7FBFA9
:10BC5000000080BF19F695BE0DFB4A00F304353F86
:10BC6000269E783E13CECC3EEEE9913EAAAA2A3F0C
:10BC7000D1F717378071313F70B50C007F2915DD82
:10BC8000FE212500C9057F3D01F02BFE7F2D08DD3B
:10BC9000FE21FE3CC90501F024FE25007F2C00DDBD
:10BCA0007F257F35E90501F01CFE70BD0B000D00FE
:10BCB0007E33F6DA80217E35090401F012FE2B0076
:10BCC0007E33EEDA8021FC34090401F00AFE230001
:10BCD00025007E33E5DA7E256D42E2E7F0B589B0D6
:10BCE0000191019E031C72005108002A00D109E352
:10BCF000FE250090AD05A84200D103E3FF224000DD
:10BD00004408D205944201D8914205D90199181CE2
:10BD100001F06EFD09B0F0BD002B21DA9727FF0579
:10BD2000B94200D3F1E2A94237D39625CA15AD1A1C
:10BD30000A002A411700AF4000258F4203D1013588
:10BD40002A400135AD1AFE229205914226D1181CD7
:10BD5000002EDFDAFE20191C800501F095FDD9E7E1
:10BD600000259142EFD1FE229205944209D9019813
:10BD7000002ECFDA0020CDE7AC4200D1C2E202258E
:10BD8000F1E7002C00D1C4E2002EF3DA8022120683
:10BD90009446019B63441800BCE700258022D2052D
:10BDA000964204D1191C181C01F09BFDB2E7FC223D
:10BDB0009205964200D0ACE2002B00DAA9E2181CF2
:10BDC00001F0C0FCA6E7012DA4D180231B06C018FA
:10BDD000A0E7002B06DA002D02D1191C181CB7E2CF
:10BDE000012D12D0FE25AD0500959A25ED05A9423D
:10BDF00000D8A7E0E44B9C4209D8002E0CDAE349B6
:10BE0000009801F06EFDE149CEE7E14DECE7E14B32
:10BE10009C4207D9002EF2DCDF49009801F061FD59
:10BE2000DD49C1E7FE21890501F019FDDB49041C4C
:10BE300001F057FDDA49051C201C01F052FDFA21E2
:10BE4000061C8905201C01F04CFD011CD54801F0A1
:10BE500006FD211C01F045FD011CFC20800501F0C0
:10BE6000FEFC211C071C201C01F03BFD011C381CA2
:10BE700001F037FDCC4901F034FD011C301C01F00C
:10BE8000EEFC011C061C281C01F0B2FC040B240370
:10BE9000291C201C01F0E3FC011C301C01F0DFFC1C
:10BEA000019B051C1F0B3F03391C019801F0D7FCB7
:10BEB000211C01F016FD0199061C281C01F011FD42
:10BEC000011C301C01F094FC391C0190201C01F075
:10BED00008FD011C041C019801F08AFC8623070060
:10BEE000061CDB0598428ADC00D039E1AF49019895
:10BEF00001F07EFC211C051C301C01F0B0FC011C73
:10BF0000281C01F04FFD3300002800D077E7802582
:10BF10002D042A00DB157E3B1A419319DA15A4493A
:10BF2000D2B27F3A114119405B025B0A1D431723CD
:10BF30009B1A1D41002F00DA6D42201C01F08FFC7E
:10BF4000041C5FE1FF24E40500211C4206D1972177
:10BF5000C90501F0C6FC182102004942FE24D31590
:10BF60007F3B5B1804935202924B520AA4050025B2
:10BF700014439A4209DD904B01359A4205DD049B3A
:10BF80005B19002504938A4BE4188C4BAA00D35804
:10BF9000201C191C0592039301F061FC211C0690E2
:10BFA000039801F025FC011CFE20800501F06CFCCB
:10BFB000011C0790069801F094FC0290029B271C3C
:10BFC0001E0B7F4B64101C4080239B051C43802369
:10BFD000DB03E4186D0536036419211C301C01F0E5
:10BFE00080FC011C069801F03AFC0399051C201CFA
:10BFF00001F035FC011C381C01F031FC311C01F052
:10C0000070FC011C281C01F02AFC079901F069FC56
:10C0100002990390081C01F064FC6A49041C01F0B9
:10C0200060FC694901F0E4FB211C01F05AFC6749FE
:10C0300001F0DEFB211C01F054FC5A4901F0D8FB51
:10C04000211C01F04EFC624901F0D2FB211C01F0E1
:10C0500048FC604901F0CCFB211C051C201C01F0B0
:10C0600040FC011C281C01F03CFC311C041C029803
:10C0700001F0BEFB039901F034FC211C01F0B8FB78
:10C08000311C071C301C01F02CFC5349051C01F02D
:10C09000AFFB391C01F0ACFB040B2403211C301C4A
:10C0A00001F01FFC4C49061C201C01F0D8FB291C88
:10C0B00001F0D5FB011C381C01F0D1FB029901F005
:10C0C00010FC211C051C039801F00BFC011C281C12
:10C0D00001F08EFB051C011C301C01F089FB040BD8
:10C0E00024033E49201C01F0FCFB311C0290201C63
:10C0F00001F0B5FB011C281C01F0B1FB384901F02F
:10C10000F0FB3849051C201C01F0EBFB011C281C2E
:10C1100001F06EFB344B059AD15801F069FB051C08
:10C12000049801F055FC314B059A061CD758291C80
:10C13000029801F05DFB391C01F05AFB311C01F043
:10C1400057FB040B2403311C201C01F088FB391C15
:10C1500001F085FB029901F082FB011C281C9DE681
:10C16000234D43005B08AB4200D955E6214A90427B
:10C1700042D1211C01F073FB019901F00BFC2B0053
:10C18000002800D1C3E647E6F7FF7F3FCAF24971B6
:10C19000000080BF0700803F6042A20D00AAB83FA8
:10C1A00070A5EC36ABAAAA3E3BAAB83F3CAA3833EE
:10C1B000000080FF71C41C00D6B35D00E044051090
:10C1C00000F0FFDF42F1533E55326C3E05A38B3E3B
:10C1D000B76DDB3E9A99193F000040400040763F22
:10C1E0004F38763FC623F6B8D0440510D844051022
:10C1F00000001643000016C3FC220025920593425E
:10C2000000D984E60199201C01F0F2FAC70BFF0364
:10C210005149381C01F065FB211C0290381C01F0CB
:10C220001EFB011C019801F01AFB4C4901F059FB5F
:10C230004B49041C381C01F054FB011C201C01F06C
:10C24000D7FA061C011C029801F0D2FA0299041CCC
:10C2500001F005FB011C301C01F001FB211C061C38
:10C26000201C01F03EFB3F49071C01F03AFB3E4910
:10C2700001F0F5FA391C01F034FB3C4901F0B8FA41
:10C28000391C01F02EFB3A4901F0E9FA391C01F0A2
:10C2900028FB384901F0ACFA391C01F022FB011CE3
:10C2A000201C01F0DCFA071C011C201C01F019FB0A
:10C2B00080210190C905381C01F0D1FA011C0198B8
:10C2C00001F0E2FA311C071C201C01F00AFB311CB2
:10C2D00001F08EFA011C381C01F0C1FA211C01F09A
:10C2E000BEFA011CFE20800501F0B9FAEB051B180F
:10C2F000DA15002A04DC2900FFF7BEFC009953E59B
:10C30000181CFBE7FE20800504E5914200D133E5CF
:10C3100002259F00BF080297FE27BF05BC46029F6B
:10C3200022004008674502D0002C00D051E5002EC5
:10C3300004DA011CFE20800501F0A6FA009B002B08
:10C3400000DBE7E40C4BE4182C4300D03BE5011C78
:10C3500001F085FA011C00E50072313F1872313F8F
:10C360008CBEBF354CBB31330EEADD3555B38A3850
:10C37000610B363BABAA2A3E000080C0F0B5484BAB
:10C38000450085B0041CC60F6D089D4217D9454B6A
:10C390009D4207D9002E07D1FE21C90501F0A1FA5F
:10C3A00005B0F0BD002E6ED03F48211C01F06CFAA4
:10C3B0000290029B3D4B9D4265D90020F0E73C4B2B
:10C3C0009D424CD93B4B9D425DD801257540AD1B2C
:10C3D000280001F0FDFA3849071C01F082FA011C1F
:10C3E000201C01F03CFA3549061C381C01F079FA92
:10C3F000011C071C301C01F032FA041C211C201CFB
:10C4000001F06FFA2E49019001F06BFA2D4901F00D
:10C41000EFF9019901F065FA011C201C01F01FFAE7
:10C42000011C0190201C01F05CFA041C8020019981
:10C43000C00501F014FA011C201C01F025FA391C7A
:10C4400001F00DFA311C01F0D3F9FE21890501F04C
:10C45000CFF9002DA4D02900FFF70EFCA0E7E423BC
:10C460009B059D420BD8FE21C90501F0C1F9FE21B3
:10C4700003908905201C039B01F0BAF990E7002581
:10C480000027061CBAE71049201C01F02AFA0F4BBE
:10C49000B600F15801F0ACF901F0BCFA050097E7DD
:10C4A0004FACAE421772B14201000080B4F1CF42EE
:10C4B0001872B13E9215853F0072313F8EBEBF3576
:10C4C000155235BB8FAA2A3E3BAAB83FC844051077
:10C4D000F0B59849430085B0041C5B08C50F8B423A
:10C4E00012D9FF22D205934200D9A8E0002D00D036
:10C4F0001DE1914901F056FA00286CD0FE21201C64
:10C50000C90501F0EEF9D6E08C498B4200D888E0ED
:10C510008B4A934267D88B49002D55D101F09FF982
:10C52000894F061C0135391C301C01F098F9011C9B
:10C53000041C301C01F093F9391C01F090F9071C20
:10C54000FC21201C890501F0CCF9011C0090201C65
:10C5500001F0C7F97D49061C01F0C3F97C4901F0DF
:10C560007EF9311C01F0BDF9FE21890501F040F989
:10C57000011C0190009801F0B4F9011C754801F00C
:10C580006EF9011C0090019801F069F90099019081
:10C59000201C01F0A6F9011C6F4801F060F9011C94
:10C5A000019801F071F9311C01F09BF9002D49D17E
:10C5B000011C201C01F095F9311C01F050F9011CFF
:10C5C000201C01F04CF976E001F012F90125634FCF
:10C5D000061C6D42A7E76249201C01F082F9011C8C
:10C5E000FC20800507E05E4901F07BF9011C002D6D
:10C5F000F6D0BF20000601F0FBF801F00BFA0500B1
:10C6000001F0E6F94F49071C01F06BF9011C201CF1
:10C6100001F025F94C49061C381C01F062F9071C91
:10C6200081E7CC21002589058B4289D2FF23DB05D8
:10C63000184204D1011C01F054F90390039B201C03
:10C6400005B0F0BD391C01F00AF9211C01F049F9CF
:10C65000391C01F004F9311C01F001F9061C6B1CB6
:10C660000AD1011C201C01F0FAF8FC21890501F017
:10C6700038F9FC218905A4E7012D1ED13949201C78
:10C6800001F07AF900280BD0FC21201C890501F06B
:10C69000AFF8011C301C01F0E2F8C021090630E7B8
:10C6A000311C201C01F0DBF8011C01F0A1F8FE2177
:10C6B000890501F09DF8041CC1E72F007F37FF05B5
:10C6C000382D14D9011C201C01F0C9F8FE21890560
:10C6D00001F08EF8011C381C802D04D1081C01F0DB
:10C6E00087F8FE21C90501F0FCF8FE21C2E77F238F
:10C6F0005B1BDB050093162D0FDC011C201C01F0D9
:10C70000AEF8041CFE200099800501F0A8F8011C79
:10C71000201C01F06DF8391CF3E6009901F068F86F
:10C72000011C201C01F09BF8FE218905F1E70E4C4D
:10C7300085E7C04643B895418071B1421872B13E59
:10C740009115853F8071313FD1F717371030CF3ABF
:10C750006888083D000040400000C040D1F717B78E
:10C760003BAAB83F000080BE000080BF70B500212A
:10C77000041C01F001F9051E03D0802301251B06CE
:10C78000E418C021201C090601F0ABF8FFF7A0FE59
:10C790008021C905041C01F02BF8011C201C01F0AC
:10C7A00073F8002D02D180231B06C01870BD000055
:10C7B00010B5074901F053F8FFF7E0FDF421C90572
:10C7C00001F08FF8F421C90501F08BF810BDC046C7
:10C7D000BCE322434A4AF0B58118FF22030085B02A
:10C7E000D205914200D27FE0420008D1011C01F045
:10C7F00078F8011C434801F047F805B0F0BD002867
:10C8000004DA011C01F02BF80021F4E79821C90596
:10C8100001F067F8192203005242FE2101923A4AC0
:10C8200089059B1802935802384B400AC01801F042
:10C8300016F88021C905041C00F0DAFF011C201C39
:10C8400001F022F8011C051C01F04BF8011C061C2C
:10C8500001F047F8FC21071C8905201C01F041F874
:10C86000211C01F03EF8029B0390D80D019B7F38FC
:10C87000C01801F0ADF826490190381C01F031F8DC
:10C88000244900F0B5FF391C01F02BF82249029031
:10C89000381C01F026F8214900F0AAFF311C01F0F4
:10C8A00020F8011C029800F0A3FF039900F0A0FFFC
:10C8B000291C01F016F81A49051C019801F011F81D
:10C8C000011C281C00F094FF039900F0C8FF211CF4
:10C8D00000F08EFF1349041C019801F002F8011CBE
:10C8E000201C00F085FF88E7904200D385E7FE22F8
:10C8F00000209205934200D17FE700228DE7C046D9
:10C90000000080FF000080BF0DFB4A00F304353FAC
:10C91000269E783E13CECC3EEEE9913EAAAA2A3F4F
:10C92000D1F717378071313F10B5FFF753FF024938
:10C9300000F0AAFF10BDC0468E5D134037B543001E
:10C940001F4A5B08181C934224D8E62292059342A2
:10C9500008D2F721C90500F04BFF0190FE20019B92
:10C9600080053EBDFFF7B4FD011C041C00F0B9FFBB
:10C97000FE21051C8905201C00F03AFF011C00F077
:10C9800037FF011C281C00F07FFFFE21890500F005
:10C990002FFFE6E70B4A93420FD8FFF7EFFC041C8A
:10C9A000011CFE20800500F06FFF211C00F020FF1D
:10C9B000FC21890500F095FFD3E7FFF7F9FED0E7EA
:10C9C0001672313F1672B142F8B50600041C0028F9
:10C9D0002EDBFC27BF05234B760076089E4236D817
:10C9E000301CFFF775FDFE23051C9B059E4222D2DD
:10C9F000E6239B059E4219D3011C00F0F9FE291C79
:10CA0000041C281C00F06DFFFE21061C8905281C53
:10CA100000F0EEFE011C301C00F036FF011C201C53
:10CA200000F01DFF391C00F05CFF041C201CF8BD49
:10CA3000BF273F06CFE7FE21890500F0D9FE011C84
:10CA4000281C00F021FF291C00F0D2FEEAE7391C67
:10CA5000381C00F0CDFE041C301CFFF7A9FE011CA1
:10CA6000201CE0E71672B142C30DDBB27F3B37B545
:10CA70000400162B10DC002B0FDB104D1D4128424B
:10CA80000AD0F721C90500F0B3FE0090009B002CEE
:10CA900000DB6419AC43201C3EBDF721C90500F042
:10CAA000A7FE0190019B002C04DB6400F3D0FE2460
:10CAB000A405F0E780242406EDE7C046FFFF7F00D1
:10CAC000C30DDBB27F3B37B50400162B10DC002B07
:10CAD0000FDB124D1D4128420AD0F721C90500F095
:10CAE00087FE0090009B002C00DA64192000A84308
:10CAF0003EBDF721C90500F07BFE01900020019B9F
:10CB00008442F5DA6400631E9C41FE2360429B056B
:10CB1000184080231B06C018EAE7C046FFFF7F00CD
:10CB2000C30DDBB2763B37B504001F2B0FDC082B9F
:10CB300000DC012301256D42DD402C4207D0F721A6
:10CB4000C90500F055FEAC4301902000019B3EBD9D
:10CB5000C30DDBB270B5041C952B15D89621C50FFB
:10CB6000C905002812DA00F07AFE9621C90500F006
:10CB70003FFE0021041C00F0F7FE002804D0002432
:10CB8000002D01D080242406201C70BD00F030FE52
:10CB90009621C90500F063FEEBE7000007B5184ACF
:10CBA000430000215B08934214D9FF22D20593422F
:10CBB00003D3011C00F053FE0EBD6946FDF72EFDA8
:10CBC00003220240012A08D0022A0ED0002A11D1E5
:10CBD00001990098FEF7BCFAEEE701990098FEF77C
:10CBE000D3FD80231B06C018E6E701990098FEF7E5
:10CBF000AFFAF6E7012201990098FEF7C5FDDBE7E1
:10CC0000D80F493FFF23F0B54700060085B0041C4C
:10CC10007F08DB059F4210D3C30F01205B00C01AC1
:10CC200000F0D6FE051CFE20211C800500F02CFE25
:10CC3000011C281C00F0DCFD1BE0E04B9F4262D889
:10CC4000C6239B059F421BD2F823DB05034212D16A
:10CC50008221C90500F045FED949051C201C00F0C1
:10CC600040FE011C281C00F0C3FDF821890500F0DE
:10CC700038FE05B0F0BDD34900F033FE211CD9E7E2
:10CC8000011C00F02EFED049051C00F02AFECF4901
:10CC900000F0E5FD291C00F024FECD4900F0DFFD89
:10CCA000291C00F01EFECB4900F0D9FD291C00F024
:10CCB00018FEC44900F09CFDC749061C281C00F062
:10CCC00010FEC64900F094FD291C00F00AFEC4497C
:10CCD00000F08EFD291C00F004FEC24900F088FD22
:10CCE000291C00F0FEFDC04900F082FD291C00F067
:10CCF000F8FDFE21890500F07BFD011C301C00F0D1
:10CD0000C3FD211CB8E7B94B9F425DD8FE21380016
:10CD1000890500F0A4FDB649041C00F0E2FDB54908
:10CD200000F066FD211C00F0DCFDB34900F097FD2A
:10CD3000211C00F0D6FDB14900F05AFD211C00F085
:10CD4000D0FDAF4900F08BFD211C00F0CAFDAD49BC
:10CD500000F04EFD211C00F0C4FDAB4900F07FFD4A
:10CD6000AA49051C201C00F0BCFDA94900F040FDAB
:10CD7000211C00F0B6FDA74900F03AFD211C00F08F
:10CD8000B0FDA54900F034FD211C00F0AAFDA34927
:10CD900000F02EFD211C00F0A4FDA14900F028FDAB
:10CDA000211C00F09EFDFE21890500F021FD011CE3
:10CDB000281C00F069FD002E01DB9A493AE7011CAE
:10CDC000994800F04CFD54E7984B9F4205D9002844
:10CDD00000DAF0E0FE2080054BE7011C00F081FD49
:10CDE000011CFE20800500F04FFD914B3D00041C0E
:10CDF0009F4200D991E08F4900F073FD8E4900F009
:10CE00002EFD211C00F06DFD8C4900F028FD211C39
:10CE100000F067FD8A4900F022FD211C00F061FD51
:10CE2000884900F01CFD211C00F05BFD864900F0E4
:10CE300016FD211C00F055FD844900F010FD211C59
:10CE400000F04FFD824900F00AFD82490190201C4C
:10CE500000F047FD804900F0CBFC211C00F041FDB3
:10CE60007E4900F0C5FC211C00F03BFD7C4900F030
:10CE7000BFFC211C00F035FD7A4900F0B9FC211CF3
:10CE800000F02FFD784900F0B3FC211C00F029FDD3
:10CE9000764900F0ADFC211C00F023FD744900F040
:10CEA000A7FC211C00F01DFDFE21890500F0A0FC5F
:10CEB0008023041C280B00031B06071C391CC01808
:10CEC00000F00FFD6B4900F0CAFCFFF757FA291C70
:10CED0000290381C00F0C3FC391C0390281C00F0A1
:10CEE00087FC011C039800F0FCFC211C071C019826
:10CEF00000F0CAFC011C381C00F07AFCFFF73EFA77
:10CF0000011C029800F0EDFC291C002E4EDB00F005
:10CF1000BBFC011CFE20800553E7574900F0E1FCF3
:10CF2000564900F09CFC211C00F0DBFC544900F049
:10CF300096FC211C00F0D5FC524900F090FC211C0D
:10CF400000F0CFFC504900F08AFC211C00F0C9FC25
:10CF50004E4900F084FC211C00F0C3FC4C4900F059
:10CF60007EFC4C490190201C00F0BBFC4A4900F0BB
:10CF70003FFC211C00F0B5FC484900F039FC211CA5
:10CF800000F0AFFC464900F033FC211C00F0A9FC86
:10CF9000444900F02DFC211C00F0A3FC424900F0A4
:10CFA00027FC211C00F09DFC404978E700F06CFC58
:10CFB000FE21890505E73E485BE6C046FFFF573F77
:10CFC000D475833FD475033EB156C7B78914BD3BB2
:10CFD0008F52E93CEB6BA63E1AE284B649EE0A3961
:10CFE0001681A63B632A853DCEBBCB3EFFFF9F3F0C
:10CFF000C0F90DBBB351113DC21CE33D54FEA23E2E
:10D000000892BE3E0568D43EC6CD1A3BA35A443CA6
:10D01000136E5F3C0733013EE71A933D85570A3F85
:10D0200031F3D93D0B56583F0B5658BFFFFFBF4059
:10D030006DDB36407E071DC12B93A242E79A384331
:10D040008C6522435780794222F02841B7A0313FB6
:10D0500093A0213C977F77BD7C3FD2401F45D942AA
:10D060000B81D643C95821446F48D94363A809436B
:10D07000CE359D410000103F75C2F1C30B238044A3
:10D0800041641F44EAA220434B108E41D49D4C3F83
:10D0900092A0213C1287B3C1A743ED43CE901F4518
:10D0A000BBFD47455917C04471E5A24359B4F2414D
:10D0B000000080BFFF23F0B54700050085B0041CC9
:10D0C0007F08DB059F420FD3C00F400000F07BFCC0
:10D0D000051CFE20211C800500F0D6FB011C281C2D
:10D0E00000F086FB05B0F0BDE24B9F4262D88E2374
:10D0F000011C9B059F4204D2FE20800500F0AFFB7F
:10D10000F0E700F0EEFBDC49061C00F0EAFBDB492F
:10D1100000F0A5FB311C00F0E4FBD94900F09FFBB7
:10D12000311C00F0DEFBD74900F099FB311C00F008
:10D13000D8FBD54900F05CFBD449071C301C00F03B
:10D14000D0FBD34900F054FB311C00F0CAFBD1499D
:10D1500000F04EFB311C00F0C4FBCF4900F048FB4F
:10D16000311C00F0BEFBCD4900F042FB311C00F049
:10D17000B8FBFE21890500F03BFB011C381C00F0C8
:10D1800083FB211C00F0ADFBFA23061C9B059C428F
:10D1900005DA011C201C00F02BFB011CACE7FC2174
:10D1A000201C890500F05BFB311C00F021FB011CF9
:10D1B000FC20A2E7BA4B9F425FD8FE2138008905C8
:10D1C00000F04DFBB749041C00F08BFBB64900F0A2
:10D1D0000FFB211C00F085FBB44900F040FB211C33
:10D1E00000F07FFBB24900F003FB211C00F079FB4B
:10D1F000B04900F034FB211C00F073FBAE4900F095
:10D20000F7FA211C00F06DFBAC4900F028FBAC499B
:10D21000061C201C00F065FBAA4900F0E9FA211C5D
:10D2200000F05FFBA84900F0E3FA211C00F059FB75
:10D23000A64900F0DDFA211C00F053FBA44900F0E0
:10D24000D7FA211C00F04DFBA24900F0D1FA211CB5
:10D2500000F047FBFE21890500F0CAFA011C301CD2
:10D2600000F012FB002D02DB011C9B4846E79B49A6
:10D2700000F0BEFAFE21890532E7994B9F4200D9A2
:10D28000F1E0011C00F02DFB011CFE20800500F0E8
:10D29000FBFA944B3E00041C9F4200D98EE0924959
:10D2A00000F01FFB914900F0DAFA211C00F019FB95
:10D2B0008F4900F0D4FA211C00F013FB8D4900F0D7
:10D2C000CEFA211C00F00DFB8B4900F0C8FA211C9E
:10D2D00000F007FB894900F0C2FA211C00F001FBB5
:10D2E000874900F0BCFA211C00F0FBFA854900F0E8
:10D2F000B6FA85490190201C00F0F3FA834900F04A
:10D3000077FA211C00F0EDFA814900F071FA211C36
:10D3100000F0E7FA7F4900F06BFA211C00F0E1FA17
:10D320007D4900F065FA211C00F0DBFA7B4900F032
:10D330005FFA211C00F0D5FA794900F059FA211C56
:10D3400000F0CFFA774900F053FA211C00F0C9FA37
:10D35000FE21890500F04CFA8023041C300B0003E9
:10D360001B06071C391CC01800F0BBFA6E4900F000
:10D3700076FAFFF703F8311C0290381C00F06FFAC0
:10D38000391C0390301C00F033FA011C039800F0A4
:10D39000A8FA211C071C019800F076FA011C381C21
:10D3A00000F026FAFEF7EAFF011C029800F099FA55
:10D3B000311C002D51DD00F067FA93E6002D02DAF2
:10D3C0005A4B9F4253D85A49201C00F08AFA5949B7
:10D3D00000F045FA211C00F084FA574900F03FFAAA
:10D3E000211C00F07EFA554900F039FA211C00F0AA
:10D3F00078FA534900F033FA211C00F072FA5149CF
:10D4000000F02DFA211C00F06CFA4F4900F027FAC9
:10D410004E490190201C00F064FA4D4900F0E8F9F3
:10D42000211C00F05EFA4B4900F0E2F9211C00F0EB
:10D4300058FA494900F0DCF9211C00F052FA47493A
:10D4400000F0D6F9211C00F04CFA454900F0D0F963
:10D45000211C00F046FA434975E700F015FA011C5B
:10D460008020C0054AE60020002C00DD3AE680203E
:10D47000C00537E6FFFF573FB156C7B78914BD3B1C
:10D480008F52E93CEB6BA63ED475033E1AE284B69C
:10D4900049EE0A391681A63B632A853DCEBBCB3EB9
:10D4A000FFFF9F3FC0F90DBBB351113DC21CE33DCF
:10D4B00054FEA23E0892BE3E0568D43EC6CD1A3B3D
:10D4C000A35A443C136E5F3C0733013EE71A933D79
:10D4D00085570A3F31F3D93DD4A71E3E0B56583F1E
:10D4E000FFFFDF416CDB36407E071DC12B93A2425C
:10D4F000E79A38438C6522435780794222F02841CD
:10D50000B7A0313F93A0213C977F77BD7C3FD240AD
:10D510001F45D9420B81D643C95821446F48D9438E
:10D5200063A80943CE359D410000103FFFFFBF4077
:10D5300075C2F1C30B23804441641F44EAA2204317
:10D540004B108E41D49D4C3F92A0213C1287B3C119
:10D55000A743ED43CE901F45BBFD47455917C04437
:10D5600071E5A24359B4F24170B50C0000214300AB
:10D570005B0821600E495D1E02008D4216D8023103
:10D58000014209D19821C90500F0ABF91921020027
:10D59000430049425B082160FC202168DB157E3B8B
:10D5A000CB182360034B80051A40104370BDC04662
:10D5B000FEFF7F7FFFFF7F8070B545006D080E0086
:10D5C000041C0C49281C00F0F2F9002810D109496C
:10D5D000281C00F0E7F900280AD10021201C00F0E7
:10D5E000C3F9002804D1201C3100FEF745FB041CC0
:10D5F000201C70BDFFFF7F7F70B50C00C115C9B244
:10D600007F390500021C162914DC002904DAC30F37
:10D61000DB071A1C226070BD07480841104202D186
:10D62000D00FC007F6E78543291C101C00F017F93E
:10D630002A1CEFE7C00FF4E7FFFF7F0007B51A4A87
:10D6400043005B08934204D800220021FEF79CF8B7
:10D6500006E0FF22D205934203D3011C00F0FFF83D
:10D660000EBD6946FCF7DAFF03231840012807D0F6
:10D6700002280AD0002811D1012201990098E5E77B
:10D6800001990098FDF764FDEAE7012201990098ED
:10D69000FEF77AF880231B06C018E1E7019900988D
:10D6A000FDF756FDF6E7C046D80F493F07B50E4ACD
:10D6B00043005B08934204D801220021FEF7D8F80A
:10D6C00006E0FF22D205934203D3011C00F0C7F805
:10D6D0000EBD6946FCF7A2FF02230122400018405C
:10D6E000121A01990098E9E7DA0F493F07B501A935
:10D6F000FDF7F2F80EBD000037B545006D08041CBB
:10D700000F49281C00F053F9002805D10C49281CAA
:10D7100000F048F9002805D0FF21201CC90500F0C1
:10D7200067F83EBD01A9201CFDF7D6F8FEF726FEDE
:10D73000019B002BF5DA80231B06C018F1E7C046D9
:10D74000FFFF7F7FFF214200F8B552080300041C51
:10D75000C9058A4209D3011C00F0C3F8011C201C32
:10D7600000F046F8041C201CF8BD002AFBD000285D
:10D7700006DA011C00F073F8011C00F085F8F1E7EF
:10D7800002000A40084229D0C11580220C005B0229
:10D790005B0A12047F3C1A43C90700D452000023DD
:10D7A000802019251F006410520040043E1811000B
:10D7B000964202DC3718911B1B18013D4A004008B5
:10D7C000002DF3D1002902D0012201339343FC2222
:10D7D0005B1092059B18E405E418C4E78020000460
:10D7E0005B00110001320342FAD04942CDE700004C
:10D7F000FF2310B542001B069A420FD1FF22D2052B
:10D80000904206D181420CD0084A914206D1084884
:10D8100006E09142FBD0054A914205D000F02DF878
:10D8200010BDFF20C005FBE70048F9E7000080FFBE
:10D830000000C07F01231B064200D21800D87047A9
:10D84000604701231B064200D21804D84A00D218B0
:10D8500000D8704708466047484041404840F44679
:10D86000FFF7EFFFE64602464A4003D403B500F057
:10D8700001F825E0264B5B681847F446FFF7E1FF07
:10D88000E646234B1B681847F446FFF7DAFFE646E7
:10D8900003B500F001F813E01E4A936F9B0802D213
:10D8A0001B4BDB681847F0B5146E556E576F166F3B
:10D8B000FFF7F6FF174A1466556657671667F0BDFF
:10D8C00006BC43001B16013300D000BD49000916F9
:10D8D000520012161140013102D10121890508437D
:10D8E00000BDF446FFF7ADFFE64603B500F00CF8C7
:10D8F00006BC43001B16013300D000BD114002D10D
:10D9000001218905084300BD014B9B6818470000B1
:10D9100028250020000000D007B54840414048407D
:10D9200001E0C04607B54200120E03D0FF2A03D122
:10D93000420218D8C00DC0054A00120E03D0FF2ABB
:10D9400003D14A020FD8C90DC9050122414005D4AF
:10D95000414001D5814207BD884207BD01434918B6
:10D9600001D0C043001807BD00B5FFF7DBFF01D0B1
:10D97000002000BD012000BD00B5FFF7D3FF8041AE
:10D9800000BDC04600B5FFF7CDFF01D9002000BDA6
:10D99000012000BD00B5FFF7BFFF01D9002000BD89
:10D9A000012000BD00B5FFF7B7FF804100BD012396
:10D9B0001B064200D21804D84A00D21801D8002011
:10D9C000704701207047491A002807D10846704760
:10D9D000C10FC90700D54042002817D0F44603B450
:10D9E0000B4B1B68984706BC81409E3840428031F3
:10D9F00007D20B0607D04900490AC0051043084367
:10DA000060470130F8E7490A8902F5E770470000EE
:10DA10002425002041000A0E80231B067E2A0BDDF0
:10DA20009E3A0BDAC1174002400818435242D040D8
:10DA3000490001314843704700207047C00FC018AB
:10DA400001387047C0420DD300B5400040080021A6
:10DA500000F012F8002801D4404200BD80200006EA
:10DA600000BD0000034BDB69FC4618471CDF49DBA7
:10DA70000310000028250020014B5B6A18470000B6
:10DA800028250020034B5B6FFC46184774DF6BDBD7
:10DA90000310000028250020C1100F22D2061143D8
:10DAA0004006704701231B064200D218F4D8034BEE
:10DAB000DB6FFC4618477CDF09DC031028250020BB
:10DAC000132310B510481C78FAF742F90100012C15
:10DAD00013D10E4C5422200000F0BCF815230C4A40
:10DAE000990001336250202BFAD12262E261094889
:10DAF000FAF726F9084B186010BD012CF7DD8022DB
:10DB0000024800F0A7F8F2E753460000282500205D
:10DB10001DDB03104C3300002425002007B56046B0
:10DB200001880A0A0230DF2AFAD1C9B2820804D376
:10DB3000028840880004104300E00068014A505009
:10DB4000039007BD282500200021C21580328032B5
:10DB500001D0024A1047002070470000CD2A000083
:10DB6000002100B500F004F845E00021C31518D4E9
:10DB700010B58C46C3174000020E0BD0FF2A0DD003
:10DB8000511E7F3A0906401A5840C01A0111000779
:10DB9000054C204700200100030010BDD843D943A5
:10DBA00010BD0020002170472F9E03106244343ABC
:10DBB0000CD40C2A07DA04009140904052422032E3
:10DBC000D440214310BDD843D94310BD203207D4DF
:10DBD0000C469440524220321141D040204310BDA7
:10DBE0000800C917203203D452422032104110BD20
:10DBF0001800190010BDCA179A4200D100BDD843C1
:10DC00000121C907414000BDC30FDB0741000A0ED7
:10DC100007D0FF2A08D00909054A89181943400787
:10DC200070471900002070470249C918FAE7000040
:10DC3000000000380000F07F01480421014B184724
:10DC400010130020617D0310014B1B681847000072
:10DC500010130020014B5B681847000010130020D0
:10DC60009A4200D2885470477047F0B585B002934D
:10DC70000D9B070014000B9E01919B071ED0039281
:10DC80003500039BF018421B002D19D10D9B051B7D
:10DC90009B0722D405B0F0BD2020029B0199B84714
:10DCA00001350C9BA21BAA189D42F5D30C9A0023A8
:10DCB000B24200D3931B1B190393E1E73500F0E751
:10DCC0000A9B013D585D0199029BB847D9E70200C4
:10DCD000029B20200199B84701350C9B6019AB428B
:10DCE000F5D8D7E7F0B589B0059110A90E78149949
:10DCF0000490069207930E9A0F9B119C13988D0720
:10DD00001AD401250D40002807D0002D05D0002E83
:10DD100002D10C27394200D001383027BC4604E03C
:10DD2000202B05D06746D7540133129FBB42F7D34F
:10DD30003027BC46002D17D1CD0639D54D0519D455
:10DD4000002B17D0129DAB4201D0834212D15D1E31
:10DD5000012B0ED0023B102C0ED02B00022C24D114
:10DD600035E06546D55401339842E5D9202BF8D1EA
:10DD7000E2E72B00102C26D18C060FD47824202B20
:10DD80000FD120230391029001930092079B069AE2
:10DD900005990498FFF769FF09B0F0BD202BF0D07A
:10DDA0005824D4540133202BEBD03024D4540133E5
:10DDB000202BE6D02D24002E02D14C0709D52B2490
:10DDC000D4540133DEE7022CEDD1202BD9D06224CC
:10DDD000E7E70C07D6D52024F2E7F0B597B00B9211
:10DDE0001CAA0C9308CA219C157809900A91002B53
:10DDF00001D110229443620501D5002B1FD061226E
:10DE0000A10600D541221E000027D2B20A3A0D9287
:10DE100030001E99FBF740FA0D9ACBB29A1884464F
:10DE2000D2B2092901D83033DAB2202006A9091864
:10DE3000CA551E9A7B1C964201D3834212D1209A66
:10DE4000019305921F9A0EAB04921E9A00930392BF
:10DE50000C9B0B9A0A99099806940295FFF742FFCA
:10DE600017B0F0BD1F006646D2E7F0B599B00C932D
:10DE700020AB1B781E9D0D93229B1F9C08932B00AB
:10DE8000239E09900A910B92234303D1269A1033C3
:10DE90009A432692269B5B0504D52A000023224341
:10DEA0009A4227D0269A6123920600D54123002763
:10DEB000DBB20A3B0E93330028002100089AFBF7DF
:10DEC00029FA0E9BD2B2D318DBB29C460F91092AD5
:10DED00002D83032D3B29C46202108AA521861469B
:10DEE0007B1CD155A64205D802D1089AAA4201D876
:10DEF000202B14D1269A01930692259A10AB0592F5
:10DF0000249A00930492089A0C9B03920D9A0A9902
:10DF1000029209980B9AFFF7E5FE19B0F0BD1F00B9
:10DF200005000F9CC7E70000F0B593B009900A9177
:10DF30000E920B93189A199B10001900FBF775FCB1
:10DF4000002811D1189819990122D04B5242FBF7A1
:10DF500067FC002808D1189819990122CC4B52422D
:10DF6000FBF748FC002813D01C9B0E9A04931B9BC4
:10DF70000A9903931A9B09980293189B199C009382
:10DF800001940B9B00F0B6F90200100013B0F0BD35
:10DF90000022189819990023FBF72CFC002800D1C7
:10DFA00062E1802212069446189B0693199B6344F3
:10DFB000079380231C9ADB001A400F921C9A1A4286
:10DFC00001D106231A93069D079B069E079F1D43BA
:10DFD00000D1AAE05800AF4B400DC018FBF736FC4B
:10DFE000AD4AAE4BFBF7C3FBAD4AAE4BFBF798FB1C
:10DFF000079BAD4A1B031B0B1A4304000D003000A6
:10E000001100AA4B0022FBF782FBA94AA94BFBF7A0
:10E01000AEFB02000B0020002900FBF781FBFBF7A1
:10E020002DFC0500FBF712FCA34AA44B06000F00D1
:10E03000FBF79DFB0022A24BFBF772FBFBF71EFCDC
:10E04000A04A0400A04B30003900FBF790FB06000B
:10E0500020000F00FBF7FAFB9C4A9D4BFBF787FB68
:10E0600002000B0030003900FBF751FB02000B00EF
:10E070000C900D91FBF77BFB0C9A0D9B06000F009B
:10E0800010001900FBF74CFB002210901191914BEE
:10E0900030003900FBF74DFB00228F4BFBF740FBB4
:10E0A00002000B0030003900FBF743FB00228B4BD2
:10E0B000FBF736FB02000B0030003900FBF739FBA1
:10E0C0000C9A0D9B0F0080210600C9050020FBF76C
:10E0D0001EFB02000B0030003900FBF721FB0200A1
:10E0E0000B0010981199FBF724FB00226E4BFBF7F5
:10E0F00017FB7B4B0022E4182305FBF738FB069A3D
:10E10000079B06000F00FBF78BFB002808D03000B0
:10E1100039000022704BFBF70CFB06000F00013D9D
:10E120002B0063330524C62B00D804241C9B1B053D
:10E1300022D533003B4311D006980799694A6A4BB0
:10E14000FBF766FB002800D195E0069807990022AE
:10E15000664BFBF74FFB002800D18CE01A9BAB42CB
:10E1600000DC86E05D1B6B1E00241A9380232500D3
:10E170001C9ADB001A431C9200230C931B9B9C42AD
:10E1800001D21B1B0C9302231C9A1A400F921C9A5B
:10E190001A4205D0634263410C9A5B421A400C92CA
:10E1A000002D07D00698079932003B00FBF7C1FA13
:10E1B000069007911898199900220023FBF71AFB83
:10E1C000002809D080200006844606990A00079995
:10E1D00061440B00069207931C9A454B0A99134021
:10E1E00004930C9B099803931A9B0293069A079B2E
:10E1F000009201930E9A0B9B00F07CF80200002C19
:10E2000000D1C2E61C9B65209B0600D520380B9BE5
:10E210000A99099F561CB8470523059300230393C9
:10E220000A330293EB0F0193EB17ED185D40013CAD
:10E2300032000B9B0A99099804940095FFF7CDFDD5
:10E240000F9B0200002B00D19FE60E9BC41A0E9B71
:10E250001A191B9BA34200D897E620200B9B0A9912
:10E26000099DA8470134F2E7189B199C069307946F
:10E270009FE6002378E71A9B002B00D17CE70F9BD9
:10E280005A1E93411A9AD31A1A9375E7FFFFEF7F2C
:10E29000FFFFEFFF01FCFFFFFB799F501344D33FCB
:10E2A000B3C8608B288AC63F0000F03F0000F83FEB
:10E2B00061436F63A787D23F71A379094F930A40E7
:10E2C0000000E03F1655B5BBB16B0240EF39FAFED6
:10E2D000422EE63F00002C40000024400000184081
:10E2E000FF0300002D431CEBE2361A3F80842E41D1
:10E2F000FFF7FFFFF0B59BB0209E219F09900A9188
:10E300000B920C9332003B0030003900229DFBF74A
:10E310008CFA002808D0249B0393239B02930323A9
:10E320000193B14B009324E0012230003900AF4B40
:10E330005242FBF75FFA002807D0249B0393239BEC
:10E34000029304230193AA4BECE701223000390029
:10E35000A84B5242FBF764FA002814D00423249AF5
:10E360001A420DD0A44A2499019303912399009253
:10E3700002910C9B0B9A0A990998FFF776FC1FE013
:10E3800003239E4AEFE70022300039009C4BFBF745
:10E3900047FA002807D1002230003900994BFBF7DB
:10E3A00029FA00280ED0249B009601970493239B02
:10E3B0000B9A03930A990C9B09980295FFF7B4FDF9
:10E3C0001BB0F0BD0022002330003900FBF712FA29
:10E3D000002800D189E03B00320000200021FBF73B
:10E3E00096F9012306000F000D9306228023249C3A
:10E3F0000892249ADB001C401A4211D00024089590
:10E40000092D0DD917220CA92B0052183021093BD8
:10E410000134281B11550890202C01D09C42F7D1C3
:10E4200039003000FBF72AFA089A774BD2009B1884
:10E430001A685B6807900E920F93FBF707FA0200C9
:10E440000B0030003900FBF762F90E9A0F9BFBF7C7
:10E450008EF910901191FBF735FA0500FBF7F2F9F0
:10E4600002000B0010981199FBF751F90022674B3D
:10E4700010901191FBF7D4F9002838D0013528000D
:10E48000FBF7E0F902000B000E980F99FBF7B8F9C3
:10E49000002803D00025079B01330793089B002B1E
:10E4A00033D00A26202C13D0089B0CAA013B0893DA
:10E4B000172331009B1828000134E718FAF7ECFE07
:10E4C0003031397028003100FAF7E6FE092D63D8A3
:10E4D0003020089B12A9E318202C34D0621C9C42E7
:10E4E0005CD12E230B5514002DE00D907DE700220A
:10E4F00010981199454BFBF77DF90028CED1002DDE
:10E5000001D0EB07CAD50135C8E70798FBF79EF99C
:10E5100002000B0030003900FBF7F9F800223B4BFA
:10E5200006000F00FBF766F900280CD1002230002E
:10E530003900364BFBF774F9002804D10123079A00
:10E540001340D31807930A25202C11D017230CAAA7
:10E550009B18079829000134E618FAF775FE303148
:10E56000079831702900FAF76FFE07900028EBD169
:10E570000323249A1340012B21D1239B002B1ED06F
:10E580000D9B002B02D10C331A4202D0239B013B7E
:10E590002393302212AB06E0050083E708551400F0
:10E5A0009AE7E254013423998C4208D2202CF8D106
:10E5B000249B01940393239B029312ABB2E6202C7D
:10E5C000F6D00D9A12AB002A03D02D221A55013431
:10E5D000EEE7249A520701D52B22F7E7249A120777
:10E5E000E6D52022F2E7C046C9320410FFFFEFFF54
:10E5F00000580410FFFFEF7FF7570410FC5704107A
:10E6000065CDCD4165CDCDC1404505100000E03F51
:10E6100010B5002801D000F0A3FB10BDF0B59BB0F1
:10E620001D000D92AD4BAE4A209F0E900F911A60C7
:10E63000002901D1AB4B0E93002609E001352528B6
:10E6400016D03200741C0D9B0E9E0F99B047260009
:10E6500028780028F2D10D9B32009E4200D35A1E2A
:10E6600000200D9B0F990E9CA04730001BB0F0BD01
:10E670000023012008242A78691C2B2A16D00BD8E5
:10E68000202A15D0232A15D01100303909292FD876
:10E6900000220A240B9215E02D2A04D0302AF3D14F
:10E6A00003430D00E7E702221343FAE70422FBE7E6
:10E6B0002343F6E71022F7E705000B9A6243303A4E
:10E6C0008A180B922978681C0A00303A092AF3D973
:10E6D00000212A780C912E2A31D18021C9000B43C8
:10E6E00069786A1C0800303809281ED80A2514E009
:10E6F00000210B912A2AEBD104CF0B928A4204DA33
:10E70000022213430B9A52420B920135E0E70C9A16
:10E710006A43303A8A180C9222001178541C08007F
:10E7200030380928F3D9150009E02A29FBD104CF94
:10E7300002350C92D2430C99D21711400C912A78D1
:10E74000691C6C2A1FD017D8682A24D06A2A2AD0BC
:10E7500029000C784D1C672C48D8572C26D8452CFE
:10E7600042D039D8731C320020000B930F990D9BB7
:10E770000E9CA0470B9E6BE7742A01D07A2AE7D142
:10E78000802252000BE06A786C2AF9D1C0229200F4
:10E790001343A91CDDE76A78682A02D0802213435C
:10E7A000D7E7C022F4E780229200F8E7200058382B
:10E7B0000F28D7D802F098FC4C00D6FFD6FFD6FF22
:10E7C000D6FFD6FFD6FFD6FFD6FFD6FF4C001D01E1
:10E7D0004C000401F1000401462C00D1DBE0472C81
:10E7E000C0D18022120113432022EFE020006938BB
:10E7F000C0B20F28B6D801223B4982408C46114056
:10E80000129161460A4218D10A2800D13DE1072839
:10E81000A8D1212213430593082304930C9B3200B3
:10E82000039310230293129B0F99019308CF0E9824
:10E8300000930D9BFFF7D1FAC0E008226F2C58D04F
:10E8400010226F2C0FD9782C53D093430A2207E063
:10E85000582C4BD00222622C4BD00E329343063AF6
:10E86000642C04D045E093430A22692CF8D1590561
:10E8700001D501218B43802189001940692C01D0E9
:10E88000642C53D1002937D0072107378F433C0030
:10E8900003CF08930B9B049207930C9B08340693B9
:10E8A00000230593CB0F0293CB1711931093434092
:10E8B0001493119B4B401593149A159B1098119922
:10E8C000121A8B41009201930F9932000D9B0E9802
:10E8D000FFF7CBFA06002700BAE6C046302000203A
:10E8E0001DE6031069DC0310419000002022134351
:10E8F000103A0C218B43BAE73C1DD9050DD5396878
:10E9000005930B9B029204930C9B0393CB0F0193F3
:10E91000CB17C9185940009125E03968580601D530
:10E92000C9B2EDE71806EBD509B2E9E700290ED028
:10E9300008930B9B073707930C9B072106933C001A
:10E9400000238C430492059302930CCCBAE73C1D40
:10E95000D8050FD505930B9B029204930C9B019154
:10E9600003933B68009332000D9B0F990E98FFF7BD
:10E9700034FAAFE73968580609D5C9B205930B9B3D
:10E98000029204930C9B039300230193C3E71806A0
:10E99000F4D589B2F2E720221343072204930B9B9C
:10E9A000073703930C9B974302930CCF0F99009268
:10E9B00001930E9832000D9BFFF79CFC060047E682
:10E9C00020229443472C02D18022120113430722B4
:10E9D00004930B9B073703930C9B974302930CCF35
:10E9E0000F99009201930E9832000D9BFFF79CFA4D
:10E9F000E4E70222190011400124129113421CD1B4
:10EA0000320005E020200D9B0F990E9CA0470C9A28
:10EA10000B99531C0C939B1B8B42F3D30A00531E80
:10EA20009A410023D1B29A4201D00B9B013B0224B0
:10EA3000F618002901D00B9B5C1C01CF731C32001F
:10EA40000C930F990D9B0E9EC0B2B047129B002BEA
:10EA500019D00C9A12940AE0531C139320200D9B9A
:10EA60000F990E9EB047129B139A013312930B9B82
:10EA700012999942F0D30B9A0023A24200D3131BA0
:10EA80000C9AD3180C930C9EE2E5390004C913923A
:10EA90000C9A1691002A01D10122524213990C00BE
:10EAA0008A182178002901D0A24214D1139A1900A2
:10EAB000A41A8022D20011401791134203D00C9A5D
:10EAC000944200D9140002221900114018911342F7
:10EAD00017D1320009E00134E3E7531C12932020E0
:10EAE0000D9B0F990E9FB847129AA31B0B999B1869
:10EAF0008B42F2D30023A14200D30B1B0134F61842
:10EB00001C1912960AE00C93129B129A0133199366
:10EB10000F990D9B0E9FB847199B1293139B129A46
:10EB20009B1B985C002807D0179B002BECD00C9BFC
:10EB30000C9A013B002AE6D1189B002B15D0129AA3
:10EB400006E0561C20200D9B0F990E9FB8473200FF
:10EB5000129B0B99E31AD3189942F2D80023A142D1
:10EB600000D30B1B129AD3181293169F129E6FE5B7
:10EB70000CB430B585B008AC08CC064D0A00009442
:10EB8000010028000394FFF749FD05B030BC08BC24
:10EB900002B0184761DC031030B50A4B85B01C6821
:10EBA000002C0AD00122084D030000912800524297
:10EBB00003A9A047012005B030BD00F0DDF820001A
:10EBC000F9E7C0463020002011E6031000BEFDE743
:10EBD00010B5FFF7FBFF000010B5FAF79BFA044CE5
:10EBE000044B9C4200D310BD08CC9847F8E7C046C0
:10EBF000AC130020BC130020030010B50800110066
:10EC00001B68984710BD0000F8B50C000021437D3B
:10EC10000500160008008B421ED1110020002B6851
:10EC20009847F8BD002929D0631E5B5C0D3B5A4212
:10EC30005341DBB2625C4F1C0A2A0CD1002B0AD173
:10EC4000814203DD091A2B68201898470C480221DD
:10EC50002B689847380039008E42E3DC864203DD9A
:10EC6000311A2B6820189847002EDADDA419013CD0
:10EC700023780D3B5A4253412B75D2E72B7DD9E7C0
:10EC80009045051010B5F8F723FD0023064A121829
:10EC90004B41802109068B4202D30122034B524291
:10ECA000034802F059FA10BD40420F00FFFFFF7FFA
:10ECB0006813002010B5024802F0AEF910BDC0463E
:10ECC00068130020F0B585B006000C001D0000920E
:10ECD000FFF7D8FF0190631C03D1300002F0EEF87B
:10ECE0000400144F002D00D0134F144B1D68002D4D
:10ECF00007D1019B002B01D0FFF7DCFF200005B0FE
:10ED0000F0BD2B68002B13D00D4B1B68002B01D0DE
:10ED1000AB420DD1220031002800B847009B002BE8
:10ED200006D002ABD91D0A23012228000B70B84778
:10ED30002D69DCE7F9EB031009EC0310BC1B002084
:10ED4000C41B0020054B10B51C68002C00D110BD61
:10ED50006368002B00D098472469F6E7BC1B0020AD
:10ED600013B56B460400D81D01230022190004705E
:10ED7000FFF7A8FF200016BD70B5050002F09EF851
:10ED80000123040001001A002800FFF79BFFFFF792
:10ED9000D9FF200070BD00000A0013B500290BD177
:10EDA000012401A910000C8000F056FD031E01D0C3
:10EDB000094A1470180016BD00230128FAD80978F2
:10EDC0009942F7D0044B195401239942F2D1110012
:10EDD00000F042FD0300EDE76836002010B500F0BA
:10EDE00031FD10BDF8B503780400DB070E00DD0F20
:10EDF000002B1DD103785B07DF0F002B14DB0121F3
:10EE00003000494202F058F92378DB07DD0F002B70
:10EE10000CD123785B0704D4042301252278134303
:10EE20002370300002F0F8F82800F8BD3D00F8E744
:10EE30000025F9E770B50D000121040049422800C2
:10EE400002F03AF923785B07DE0F002B06DA23780D
:10EE5000DB0708D40422237893432370280002F0B0
:10EE6000DBF8300070BD0026F8E7000030B5040084
:10EE70006379100022791B021343E2785D05920743
:10EE80006D0D920F022A0DD00020032A2ED0012AE8
:10EE900019D102394B425941184BC918A942404176
:10EEA000C0B210E0022904D1154BE8184342584182
:10EEB000F6E7002808D080229200954204D1402332
:10EEC00023710023637130BD202D0CD8FF22180060
:10EED000D20010401342F6D00A48083DADB2E840D7
:10EEE00001231840EFE728004038DFE740230229DC
:10EEF00001D18023DB00AB424041D1E7FF0300009A
:10EF000000FEFFFF0101000170B57F268A189142C3
:10EF100000D370BD4C78052C06D18D782C00344080
:10EF20006400ED09041963550C780919EFE78A1894
:10EF300092B24000914201D8824201DB121A92B291
:10EF40001000704770B50500D41A0800A4B2A98853
:10EF50009A4202D24E00A419A4B2261E11D0A14298
:10EF600004D291420FD8521A93B26B8199420CD9B4
:10EF7000EA8829685204520C5343C918FEF76AFE06
:10EF80000126300070BD8A18EEE75B1A9BB2EDE7F0
:10EF9000F0B585B003910AA90C8801901D1B8688E5
:10EFA000ADB2A34202D271006D18ADB2002D21D0D6
:10EFB000AE4206D29E4220D89B1B35009CB2019BDC
:10EFC0005C812B1C954200D9131C9DB2A64216D918
:10EFD000019B019ADB8811685B045B0C029363431D
:10EFE000371BBFB2C918BD420CD8029A03986A43B6
:10EFF000FEF730FE280005B0F0BDF318DDE7A41BD6
:10F00000A4B2E3E7029B03985F43BFB23A00FEF766
:10F0100021FE039BAE1BD819029BA2195A43019BE8
:10F0200092B21968E4E7F7B5019308AB1D78802325
:10F0300004000F00160000201B029A4221D8E0684D
:10F04000002803D00121494202F036F82069002847
:10F0500003D00121494202F02FF8019BED035B042C
:10F060005B0C1D430023E06863812760A680E58078
:10F070002381984201D001F0CFFF2069002801D1FF
:10F080000120FEBD01F0C8FFFAE710B504894189EF
:10F090008288A3B288B28C4207D31B1A9BB2101C81
:10F0A0009A4200D9181C80B210BD5100091A5B1891
:10F0B000F4E703894089181A43425841C0B27047A7
:10F0C00010B5048942898188A3B290B2944206D3D4
:10F0D0001B1A00209BB28B424041C0B210BD4A00B7
:10F0E000121A9B18F5E710B5048941898288A3B2EA
:10F0F00088B28C4207D31B1A9BB200209A4201D9D6
:10F10000D21A90B210BD5100091A5B18F4E770B51D
:10F11000040000690D00002803D00121494201F0DC
:10F12000CBFF22896389290092B29BB22000FFF7AE
:10F1300009FF050061892A00A08889B2FFF7F7FE60
:10F1400060812069002801D001F066FF280070BDB1
:10F1500073B5040000690D001600002803D00121DA
:10F16000494201F0A9FF2389628929009BB20092DC
:10F1700020003200FFF70CFF050061892A00A088FB
:10F1800089B2FFF7D4FE60812069002801D001F028
:10F1900043FF280076BDF8B50400C0680E000028C3
:10F1A00003D00121494201F087FF25892000ADB23B
:10F1B000FFF786FF002802D0E779FF0913D0280067
:10F1C000A388834216D9E28823685204520C504324
:10F1D00031001818FEF73EFD01222900A088FFF734
:10F1E000A6FE01272081E068002801D001F014FF6D
:10F1F0003800F8BDC01A80B2E3E7F0B585B006006C
:10F20000141E019123D0C068002803D00121494277
:10F2100001F052FF3789F3797189B588BFB289B29D
:10F22000DB091BD18F4215D3791A89B20023A94279
:10F2300001D2691A8BB2221C9C4200D91A1C94B2CA
:10F24000002C28D1F068002801D001F0E5FE200054
:10F2500005B0F0BD6B00591A7918E6E7AC420AD345
:10F26000631BF4880F006404640C5C43019B1B194E
:10F2700001932C00E4E76A007B1A8F4201D2531AF3
:10F28000FB189BB21B19934205DB2A1B280092B284
:10F29000FFF74DFE07000097009BAB4218D2F288A3
:10F2A00030685204520C02920299009AEB1A4A43B7
:10F2B0009BB28018A34210D30A0062430199FEF763
:10F2C000C9FC22003900B088FFF731FE3081B9E770
:10F2D000009B5B1B9BB20093DEE7029A01995343AC
:10F2E0009BB21A000393FEF7B5FC009B651B5A19ED
:10F2F000029B01995A43039B30689C4692B2614439
:10F30000DDE710B50400C068002803D001214942A0
:10F3100001F0D2FE2069002803D00121494201F00A
:10F32000CBFE0023E06863812381984201D001F085
:10F3300073FE2069002801D001F06EFE012010BD8F
:10F34000C37970B5DB0904000D008B421DD0C06885
:10F35000002803D00121494201F0AEFE20690028B7
:10F3600003D00121494201F0A7FE7F22EB01E5799C
:10F37000E06815401D43E571002801D001F04CFE06
:10F380002069002801D001F047FE012070BD000077
:10F390007F230340F0B5C4095F001A4D3E19760182
:10F3A000AE19B0700120A04370700020F2769A016F
:10F3B000F0703183A818D900012C10D1124E891990
:10F3C000816200203F197F01EF19B968086083420C
:10F3D00009D164012C1963600C4BE360F0BD0C4E45
:10F3E00089198160EDE7013BDB00012C04D109495B
:10F3F000AA185B185362F1E7AD18074A9B186B60B7
:10F40000ECE7C046CC1B00208000105000011050DB
:10F4100084001050080010500C0010507F2370B56D
:10F420000124827805001340D20962405B00134337
:10F430009C40F7F797F9012806D90E4B0E4A1C6637
:10F44000536E2340A342FBD1EA780021531E9A4118
:10F45000802352035B012800D21801F0B5FE28007A
:10F4600001F0A2FEF7F77EF9012802D9034B5C6692
:10F470001C6670BD0020115000001150003011506A
:10F480003F22038B10B53F339343C27E022A00D143
:10F490005B0005490A68D318C260044A0B609342B6
:10F4A00001D9F9F731FE10BDD8230020FF0F10500D
:10F4B00070B500F0EDF80C234025124CFF22A36735
:10F4C00005201149F7F74CFB2A0000210F48FEF7F1
:10F4D000BBFB002229001000FFF75AFF2900002281
:10F4E0008020FFF755FF01F0CFFD8023012080220F
:10F4F0009B052064E364064B90342360054B520265
:10F50000DA6470BD000011509D080020CC1B002063
:10F5100010D001000020115010B501210520F7F78F
:10F52000A7FA10BD002210B51100024800F0D0F873
:10F5300010BDC046EC1B0020044B80211A0089023C
:10F540009032116080225201DA647047002011501D
:10F550008022024B5202DA647047C04600301150DC
:10F560008022024B5202DA647047C04600201150DC
:10F57000044B1970002903D08022034B92021A60B9
:10F580007047C04667360020902011500B785B060C
:10F5900005D14B78052B02D18A78014B1A60704750
:10F5A00000001150CA780020920770B5920F012A0E
:10F5B00022D07F248D780B794979280009021943DC
:10F5C0004905490D2C40FFF7E3FE002C13D0ED094F
:10F5D00064000A4B64196401E4182000FFF750FF2F
:10F5E000E37EE168064A9B064A40134380221206E6
:10F5F000134362681360012070BDC046CC1B00201D
:10F600000000105010B501F03FFD10BD10B57F2077
:10F610000C0020404000E409110000191A00034BBF
:10F620004001C01800F054F8012010BDCC1B002090
:10F630007F23080010B51840CA09194203D10749B1
:10F640007D3B9B1A8B66400080188022044B400152
:10F650000021C018120101F0B7FD10BD00201150AB
:10F66000CC1B00207F220B0010B5134011420AD0A2
:10F670000022C9095B005B1803485B01C0180349FD
:10F68000C27001F0A1FD10BDCC1B0020FFF7FFFFF1
:10F6900080230A4A5B0410B51360094A09481360C5
:10F6A000190002689143FBD1802207485201FEF7FE
:10F6B000CBFA0922054B5A6710BDC04600E0004056
:10F6C00000F0004008C00040000010500000115041
:10F6D000002310B5C3820133828283760161040066
:10F6E00001F02AFD002803D08022074B92021A6005
:10F6F000200001F061FD002802D00123237710BD16
:10F70000200001F031FDFAE79020115070B505009E
:10F710000C001600486900F06DFD32002800012140
:10F720006369984770BD000070B505000024242669
:10F73000144B1B785A1CD2B2A2420FD8542200217B
:10F740001148FEF781FA1022FF211048FEF77CFADB
:10F750002022FF210E48FEF777FA08E0A34207D9DE
:10F7600032000C4B62431B689B18002B04D170BD08
:10F77000E31A7343084A9B182800DB680134984752
:10F78000E4B2D5E7663600206A3600206E360020E7
:10F790007E36002024170020944505100020704775
:10F7A00000207047002070477047704770477047CF
:10F7B000014B98787047C0466A360020024B187893
:10F7C000C007C00F7047C0466A360020024B587809
:10F7D000431E9841C0B270476A360020024B187829
:10F7E0004007C00F7047C0466A360020094A10B56E
:10F7F00013785B07DC0F002B08DA1378182213400C
:10F80000934205D1044B1878FFF796FE200010BDF7
:10F810000024FBE76A3600203C13002010B5034BA0
:10F820001878FFF795FE012010BDC0463C1300205C
:10F8300010B5034B1878FFF793FE012010BDC046AA
:10F840003C130020034B1878FF38431E9841C0B288
:10F850007047C0463C130020F7B52A4B05000193C2
:10F860001B780091FF2B36D1002901D10020FEBD6D
:10F870000024542200212448FEF7E6F9234B2448B3
:10F880001C70F7F781FB234E3000F7F743FB224B48
:10F8900022481E60F7F778FB214E3000FFF731FD5C
:10F8A000204B1E60204E3000EEF7B6FB1F4F337822
:10F8B0003860FF2BDAD033785A1CD2B2A2420CD86F
:10F8C000019B280000991D70FFF7F2FD0028CDD0A4
:10F8D0002800FFF721FE0120C9E7A3420CD924220A
:10F8E00062433B689B18002BC0D05B68002BBDD0E7
:10F8F00001349847E4B2DEE72422E31A53430C4A6A
:10F900009B18F2E73C1300206A3600207E37002067
:10F91000541A0020441A00204C1A002034130020EE
:10F9200020130020501A00206636002024170020E3
:10F930009445051070B50B4B0C0089781D780A00B2
:10F9400070231A40194201D0002070BD064B2000E0
:10F950009978FFF78BFA0028F6D021002800FFF7EE
:10F9600021FEF2E73C1300206A360020F7B50C00B8
:10F9700016001F0000250190AE4201DC012003E0CB
:10F980006378052B01D00020FEBDE3789B079B0F19
:10F99000BB42F8D121000198FFF7CCFF0028F2D03C
:10F9A000A378DA09012A05D1099A13702378013561
:10F9B000E418E1E7089AF8E77F2010B50840C90984
:10F9C000044B054A34314000401880181968FFF78D
:10F9D00009FA10BD4C1A00206A3600207F2010B5AD
:10F9E0000840C909044B054A3431400040188018CA
:10F9F0001968FFF71FFA10BD4C1A00206A36002064
:10FA000070B57F240E480C4064000419CD096419B8
:10FA100030342079C00710D40125267909482E43B7
:10FA200000782671FFF7F2FD002807D10422237920
:10FA3000AB432371237993432371002070BDC046EB
:10FA40006A3600203C13002010B50B4B0C001878D0
:10FA5000FFF7EEFD7F22094B224052009918022346
:10FA6000E409091930310A7913430B7101230A792A
:10FA700013430B7110BDC0463C1300206A360020B2
:10FA800010B50B4B0C001878FFF7ECFD7F22094BEB
:10FA90002240520099180222E409091930310B79E9
:10FAA00093430B710B79013A93430B7110BDC04620
:10FAB0003C1300206A3600207F22054B0A4052008A
:10FAC000C9099B185B18303318798007C00F70473D
:10FAD0006A360020F0B5BA4B8BB01B78FF2B00D1F3
:10FAE0009CE2B84B1D686969EFF3108372B60A682F
:10FAF000002AFCD0BFF35F8F07ACAB612100280068
:10FB0000FFF705FB6A69AB69BFF35F8F00211160E6
:10FB100083F31088884200D180E26078013807289A
:10FB2000DFD801F0A1FA08001100A6028C029702AA
:10FB3000190055029F022078FFF7F6FD00F050FBF8
:10FB4000A14B22799A70CCE72078FFF7EDFD00F009
:10FB500047FBFFF72AFEC4E79C4A1378002B00D12D
:10FB60005CE21378013BDBB213701378D8B2002B40
:10FB7000B7D10126944D04212B78277833432B707D
:10FB80002B0034331A78B2431A701A788A431A70E9
:10FB90002B0035331A78B2431A701A788A431A70D8
:10FBA00000F028FB602322791340602B28D0402BE3
:10FBB0000AD1874800F01EFB3100380008AAEEF792
:10FBC00029FA00288DD11BE0D206D20E012A00D1DD
:10FBD0006CE1022A00D1A4E1002A11D1202B27D107
:10FBE000237A0F2B0CD87B4AEB181B79127893429F
:10FBF00010D22422784953430968C918002912D128
:10FC000007AC20780021FFF713FD80212078FFF753
:10FC10000FFD66E7511CC9B28B42F1D224219B1A19
:10FC200059436E4BC91808AA3800FFF76FFDC8E7A3
:10FC3000002BE5D160790928E2D801F055FA2801B6
:10FC40002001E1FF1701E1FF0A00D500E1FF1600E6
:10FC50001C0008A800F0D4FA3800A179FFF762FC74
:10FC600002232A7813432B703BE706AA6B780232F3
:10FC70001370012315E1A4796B789C423BD06B781B
:10FC8000002B0BD000213800FFF772FC3800FFF783
:10FC9000B9FCAE783800FFF747FDAE706C70002CF1
:10FCA00000D189E0013CE0B2EEF700F9002803D171
:10FCB0000022454B5A70A3E743780393022BF7D1F8
:10FCC0000121C279931152110B400A4012015B01CC
:10FCD00013432A782F318A4313432B700500C378CE
:10FCE00082781B021343C31809350493049BAB426B
:10FCF00006D8FFF759FD380008A900F037FAF0E6FA
:10FD000001226B7801920B2B03D1EB7801932B78B6
:10FD1000ED186B78042BCBD10026049B5B1B9BB2A8
:10FD200005932C4B1C78631CDBB29E42C0D2B442BC
:10FD30002ED9294B1C6824237343E418002CB7D018
:10FD4000290038002369059A98470290082830D97D
:10FD5000059B83422DD3019B012B05D1204B2269AA
:10FD60009A4201D1039B019300221749019B9A42B9
:10FD700014D1330029001B48029AFFF7C5F8029BF3
:10FD8000ED18144B1B780133DBB29E42AED38FE7E4
:10FD90002423341B5C43114BE418D1E7AB78D31810
:10FDA000DBB2CB181879FF2882D101321E71D2B292
:10FDB000DCE70136F6B2B4E7FFF7F7FC9BE7C04695
:10FDC0003C130020501A00206A3600207E370020A5
:10FDD00015E0021066360020241700209445051017
:10FDE000B10504107E360020E3881A0A501EDBB2EB
:10FDF0000E2800D904E701F077F90F0024002D0048
:10FE000003FF03FF3600240003FF03FF03FF03FF8C
:10FE100003FF03FF03FF1A00EEF736F81223021E5A
:10FE200000D1EDE6380008A900F0B2F9C9E6FFF705
:10FE3000B5FC021E00D1E3E6C37881781B020B43B8
:10FE4000F0E71800022A02D1EEF730F8F1E7FFF7E9
:10FE5000A9FCEEE718002189EDF748FE021E00D14B
:10FE6000CEE60378DEE7FFF79BFCF7E7E388012B9C
:10FE700000D0C5E62A78073313432B703BE7E388AD
:10FE8000012B00D0BCE608222B789343F5E72B78B2
:10FE900006AA980699080223C00F194002320143AE
:10FEA0001180380008A900F073F91AE6237A0F2BA5
:10FEB00000D9A5E6764AEB181B791278934225D231
:10FEC0002422744953430968C918002900D197E6D0
:10FED000380008AAFFF71AFC002800D001E62279B2
:10FEE000602315001D401A4200D089E663790A3B61
:10FEF000012B00D984E6280000F07CF963790A2BF5
:10FF000000D0F8E606AB9A1C1570B2E6511CC9B2D7
:10FF10008B4200D374E624219B1A59435E4BC918C7
:10FF2000D6E77022217A114200D069E60F320A40EA
:10FF30005200C809AA1812185548127D007882424A
:10FF400017D22426534872430668B618002B1FD1D7
:10FF5000637902201A008243012A1DD0002B00D0B1
:10FF60004EE63800FFF7A8FD06AB9A1C108002236E
:10FF700097E7461CF6B2B24200D384E02426121A58
:10FF80005643454AB618002BE2D0310008AA4BE68A
:10FF9000002E00D134E6F8E7E288002A04D13800C8
:10FFA000012B12D1FFF76CFD002E00D199E5310035
:10FFB00008AA3800FFF7AAFB3535002000F01AF92F
:10FFC0002B78DB0700D58CE595E6FFF73DFDEBE7E9
:10FFD0007F222179314B0A405500C8095B191B1853
:10FFE0001800012630300579B543057105790336CF
:10FFF000B5430571002A05D162792078A36800F025
:020000041004E6
:100000000DF96EE51A7D224B1B789A4208D2242303
:1000100020485A4303689B18002B0AD10BB0F0BD4F
:10002000581CC0B28242F9D2D21A242353431A4A2E
:100030009B189D6962792078A368A84751E5174B02
:100040001A78D20700D44CE518780007C00FFFF7E4
:10005000ADFB46E5114B1B78DB0700D441E5FFF70C
:10006000A6FB3EE56368002B00D13AE5A0689847FF
:1000700037E50122094BDB78134200D131E5606896
:10008000EDF710FD2DE50026002B00D160E7B7E568
:100090006636002024170020944505106A3600209B
:1000A00070B501248C400E4BE4B218780D4BDD780E
:1000B000EDB2002A10D0DA782243DA70D9786C4297
:1000C00065414A425141A94205D0D9784B1E994118
:1000D000C9B2FFF74DFA70BDDA78A243EDE7C0462A
:1000E0003C1300206A36002010B5034B02000021AB
:1000F0001878FFF7D5FF10BD3C13002070B5144BE6
:1001000006009C89D889221A151C92B2402A00D96F
:1001100040251A78ADB27F2A10D9844214D099684C
:10012000081E0AD00B4C2A002000FDF793FD802109
:1001300022002B003000FFF763FC70BD00210A0095
:100140008442F6D0034AF4E780210022F1E7C0465A
:10015000301A0020F019002080238B43190000235F
:1001600010B51A00FFF74CFC10BD000070B5074C2D
:1001700006000D0008222000FDF76CFD0023300072
:100180002978A360E360FFF7E7FF70BD301A002015
:10019000F7B5124F15000190082238000C001E0020
:1001A000FDF758FD0023BD60FB81E379A2791B02B6
:1001B00013431A1CB34200D9321C91B2BA81002BEE
:1001C00007D0002901D0281E02D00198FFF796FF22
:1001D000FEBD21780198FFF7BFFFF9E7301A002034
:1001E00010B5142200210248FDF72EFD10BDC046B7
:1001F000301A0020014B18617047C046301A0020A9
:1002000010B5054C010008222000FDF723FD002356
:10021000A360E36010BDC046301A002070B5234CC7
:100220001E0022780500D309C9098B420FD0002097
:1002300086420BD121002800FFF7A8F92369002B83
:1002400003D02200032128009847012070BDA36835
:100250007F2A05D8181EF9D032001549FDF7FAFC9F
:10026000A268E38992199B19A260E2889BB2E3819C
:100270009A4201D03F2E15D82369002B04D12800C3
:100280002178FFF769FFE1E7022122002800984763
:10029000011EF4D12800FFF7CBF980212800FFF7D9
:1002A000C7F9D2E72800FFF729FFCFE7301A00206F
:1002B000F0190020F7B50090FFF788FA002829D040
:1002C000FFF78CFA0190002824D19224009BA4000F
:1002D0005C43134D2F19FB78002B1BD026001036E2
:1002E00076193000FEF7FFFE3F2813D9F978605DDC
:1002F000FFF762FB00280DD03000FEF7F4FEF9781E
:100300003F2808D9009B0198DA01064BD2184023F8
:10031000FFF776FBF7BD605DFFF760FBFAE7C046CD
:10032000A8170020281700207047704770477047B3
:1003300070470000002803D003780120014A1370A1
:100340007047C0463D13002010B50400FFF73EFA89
:10035000002801D1002010BDFFF740FA0028F9D194
:10036000922080006043034B1B18587901231840EA
:10037000F1E7C046A817002092239B00434310B525
:1003800002481818FEF781FE10BDC046B8170020BD
:10039000802370B55B0204009A4200D3074A922082
:1003A00080006043064B92B2C018FEF7D1FE0500F4
:1003B0002000FFF77FFF280070BDC046FFFF000050
:1003C000B8170020F7B50400FFF700FA00282FD077
:1003D000FFF704FA00282BD19226B60066433500B9
:1003E000144F2435ED192800FEF74FFE00281FD0CA
:1003F000BB199978F05D0193FFF7DEFA002817D05A
:100400000D4BE401E418210028004022FEF7A0FE75
:10041000BB1905009978F05D002D07D02B00220054
:10042000FFF7EEFA002803D02800FEBDFFF7D6FA4A
:100430000020FAE7A81700206817002070B5922462
:10044000A40044430B4B0500E41880235B029A424E
:1004500000D3094A200092B2FEF7CFFE060020002A
:10046000FEF713FE3F2802D92800FFF7ABFF30004C
:1004700070BDC046CC170020FFFF000092239B00F8
:10048000434310B502481818FEF72DFE10BDC046B4
:10049000CC17002092239B00434310B50248181844
:1004A000FEF72FFF10BDC046CC170020F7B59222F3
:1004B000174C002120009200FDF7C6FBFF23A3711B
:1004C000E12380265B020025A36008237600A37346
:1004D000320000950F49073B0F48FEF7A4FD0F4B74
:1004E00032001B780E495B07DB0F00930D48012398
:1004F000FEF799FD0C4F3800F6F70CFD0B4E30005F
:10050000F6F708FDE561276226636563F7BDC0461F
:10051000A8170020E0170020B81700203D13002086
:10052000E0180020CC170020E0190020E819002076
:10053000002270B51100150001200A4B1C6B002928
:1005400005D0002A01D000225A63012070BD1E6A26
:10055000002E01D0D9611962002CF2D002000100F6
:100560001D63EBE7A817002070B5062200210C4898
:10057000FDF76AFB0B4D2B78DB0702D40A48FEF728
:10058000C0FE2B78094C9B0702D42000FEF7B9FE71
:10059000297820004907C90FFEF7D2FE70BDC0467A
:1005A000A81700203D130020B8170020CC1700200A
:1005B000F7B54B790600022B02D000252800FEBDBE
:1005C0008B79022BF9D11E4FBB78002BF5D1092571
:1005D00038708B787B700C780C196378242B20D1C1
:1005E000954219D96378042B12D163790A2B0FD164
:1005F000144B27780193144B300000930223E11928
:100600001A00FFF7B3F90028D7D00E35ED19ADB2B7
:100610000020FFF74FFED1E723785D19ADB2E41853
:10062000DBE7052BDED121003000FFF783F900283E
:10063000C3D0A3783B7123785D19ADB2E418D1E73C
:10064000A8170020AA170020AB170020F8B5040057
:1006500060200B001100127800260240202A17D1DA
:10066000294A4D790F7950782D023D43A8420FD188
:100670004878203803280BD800F066FD0213163A9C
:10068000012B07D107232000204AFFF781FD012617
:100690003000F8BD032BFAD100201C49FFF747FEBC
:1006A000F5E7012BF3D1EDE7012B03D12000FFF794
:1006B0005DFDECE7032BEAD1CB7888781B0203437E
:1006C0001D005C085371124B01261A780423110097
:1006D00010483540344019401A4201D03100694079
:1006E000FEF72EFE220029000020EDF7EDF9CEE7FF
:1006F000012BDBD0032BCAD18B78C97800200902EB
:100700001943FFF715FEC2E7A8170020B017002015
:100710003D130020CC170020F0B5344C85B002907A
:100720001E00E3780D008B421ED1314BB2B2039311
:10073000304B039918000193FEF75FFDA379002762
:10074000FF2B28D10198FEF7B4FC002801D1EDF76A
:10075000CFF80020FFF7AEFDA378AB421ED023797F
:10076000AB423ED0012006E0A3788B42F4D023793F
:100770008B42F1D0002005B0F0BD039BA279DB5D78
:100780009A4207D10198FEF794FC002802D1A17982
:10079000FFF7CAFD0137B742EFD1D3E70020FFF7DB
:1007A000C4FD0020FFF70EFE0028D8D11248FEF746
:1007B0006CFC0028D3D1002ED1D03F2337001F403E
:1007C0001E42CCD1A1780298FFF7F6F80028C6D0D7
:1007D0003B003A00A1780298FFF712F90028BED139
:1007E000C8E70020FFF7A2FDBCE7C046A81700201D
:1007F00028170020B8170020CC1700208022094BB2
:100800005202196D1142FCD009225A67064B053A73
:100810001A60064B1A68064BDA67064B1A68064BD5
:100820001A6470470000115080301150C81B00201E
:1008300000400140DC23002000C0014010B5FFF75C
:10084000DDFF0020002110BD1FB51020F6F77AF85B
:10085000082801D1F8F758FC284B0F20DA6F284BF5
:100860001A60284B1A6C284B1A6001221100F6F707
:1008700073F802210F20F6F7A5F8244B03211A681C
:10088000082353401F221340214A0F201360F6F71C
:1008900075F802221F4BDA671F4B9218DA671F4B5D
:1008A00008325A671B6D1B079B0F012B01D0F8F70D
:1008B0002BFCF6F729FD0400F6F70AFFFA220023C5
:1008C000920012184B41802109068B4202D301226B
:1008D000134B524201210291002101911149200044
:1008E0000091F6F765FD002806DAFA200021800065
:1008F000F6F7F6FEFFF782FF1FBDC046004001403D
:10090000C81B002000C00140DC2300207C400140C7
:100910007C50014000201150042011500000115063
:10092000FFFFFF7F3D080410064B10B51B6D1B0732
:100930009B0F04D0FFF788FF0020002110BDFA2094
:100940008000FAE7000011501FB5F5F70BFF0128F2
:1009500023D1F6F7D9FC0400F6F7BAFEFA220023F9
:10096000920012184B41802109068B4202D30122CA
:100970000A4B5242012102910021019108492000B5
:100980000091F6F715FD002807DA032205490B6DE3
:100990009B081342FBD0FFF757FF1FBDFFFFFF7FF0
:1009A000290904100000115010B50520F7F788F848
:1009B000014B186010BDC0462017002010B5FFF78E
:1009C000F3FF10BD0323CAB2F0B50340002A35D0AF
:1009D0000324002B2DD1FF230B401D02ED182B0407
:1009E000ED182C000168264E4C408B198B43A11941
:1009F000A143244E0B43334211D14168204F0C00D8
:100A0000CB196C408B43E119A1430B4304303342B3
:100A1000F3D00378002B05D09A4204D0013003783C
:100A2000002BF9D10020F0BD9342FCD001302042D0
:100A3000D1D00378002BF7D10020F4E7002B08D0A9
:100A4000032202E00130104203D00378002BF9D1D9
:100A5000E9E702680A4B0B49D31893430B4206D1CE
:100A60004268074B0430D31893430B42F8D0037805
:100A7000002BD8D043780130002BFBD1D3E7C04600
:100A8000FFFEFEFE80808080024670B50A4392071A
:100A90002AD11E4DEE0104C808C9541B94433440AA
:100AA00017D0D0B2D9B2401A2106014310D190B26A
:100AB00099B2401A210401430AD110021902000A16
:100AC000090A401A2102014302D1100E190E401AE0
:100AD00070BD9A42DFD010BA19BA884201D90120FC
:100AE00070BD0020C04370BD02780B780130013129
:100AF000002A09D09A4207D102780B7801300131DF
:100B0000002A01D09A42EFD0D01A70BD0101010134
:100B100030B5002A26D003000B439B0724D1032ABB
:100B200022D9164D0BE0043A002A1BD0144C1C1994
:100B30009C432C4216D104300431032A14D9036893
:100B40000C68A342EFD004780D78A54213D101239D
:100B500006E0C45CCD5CAC420DD101339A4201D0B9
:100B6000002CF6D1002030BD04780D78AC4202D1C3
:100B7000012AECD1F6E7601BF5E7C0468080808053
:100B8000FFFEFEFEF0B588420AD98B18984207D2C4
:100B9000531E002A03D0CA5CC254013BFBD2F0BDF5
:100BA00005000F2A0AD8561E002AF8D00023CC5C74
:100BB0001A00EC5401339642F9D1F0E703273E00C6
:100BC0000D430C0003002E402F422DD11500103D87
:100BD0002D09AC462F013F1825681D6065685D60D2
:100BE000A5689D60E5681034DD601D001033BD42CE
:100BF000F2D165460F230C2401352D01491913400C
:100C00004519144213D0043B9B0801339B008C59B7
:100C1000AC5104369E42FAD103231A40AD1989190A
:100C2000561E002AC2D1BAE70500561EBEE71A00BA
:100C3000B9E7C04630B5032A1AD90B0003439B0716
:100C400011D0551E002303E05A1C9D4213D01300FF
:100C5000C25CCC5CA242F7D0101B0DE0043A043019
:100C60000431032A04D904680B689C42F6D0E8E7F3
:100C7000551E002AE6D1002030BDC046F0B5D6464C
:100C80004F4646460D00416800680023C0B5604AE3
:100C9000F8F728FB141E00DAB3E05E4BC718E12119
:100CA00020000901F8F7D0FAE121A860090120002D
:100CB000F8F7CAFA0C003C212000F8F7C5FA3C21ED
:100CC00068602000F8F7C0FAF81C29600721F8F7DF
:100CD000BBFA002900DA8BE0A961002F00DA89E075
:100CE00038004D49F8F7B0FA0600F400A4192401C1
:100CF000A4192401A41BA301E41AE4192000474904
:100D0000F8F7CAFA464907192000F8F7C5FA454925
:100D10003F1A2000F8F7C0FA6E213F1A3800FF3161
:100D2000F8F7BAFA64218046F8F7B6FA81463C49EA
:100D30003800F8F7B1FA4B46181A4346DB00434433
:100D4000DB0043449A009B180419E41AA7003F19DA
:100D5000023799213800F8F79FFA8246631C9946BA
:100D6000C30053441801181805210230F8F794FA0B
:100D70004B461B1A99462C4B0122BB42BF410B2309
:100D80009F43B3009B199E009E19002302375744CE
:100D9000BA425B4136014644F61899235B009C42F7
:100DA00011D3333CFF3C214B28009C464B46EB6063
:100DB000002366446E612F61EC612B62E0BCBA4691
:100DC000B146A846F0BD43469B0709D0C82140461E
:100DD0004900F8F761FA4B424B413B34E418E2E733
:100DE00064214046F8F758FA01230029F5D1EDE7D0
:100DF0000731A9610E4B0849F818F8F725FA0600E3
:100E000073E7034B9C460B4B6444C71847E7C04647
:100E1000805101006CFA0A00B13A0200AC8E000069
:100E2000B4050000B03A0200F905000094F8FFFF95
:100E300050C5FDFF6BFA0A0070B50478002C12D083
:100E40000E78002E0FD005000A00330003E053781F
:100E50000132002B05D09C42F9D16C780135002C71
:100E6000F2D1281A70BD0020FCE7C04610B5010081
:100E700000230022002000F06BF810BD70B504784C
:100E8000002C18D00E780500002E0FD00A00330079
:100E900003E053780132002B03D09C42F9D1281A89
:100EA00070BD6C780135002CF0D1F8E76C78013515
:100EB000002CFBD1F3E70020F2E7C04610B5830712
:100EC0000AD00300032102E001330B4205D01A7857
:100ED000002AF9D1181A10BD030019680C4A0D4CEC
:100EE0008A188A4322420FD15968094A04338A1862
:100EF0008A43224208D15968054A04338A188A4332
:100F00002242F1D000E001331A78002AFBD1E1E758
:100F1000FFFEFEFE8080808003000A7801311A7097
:100F20000133002AF9D1704770B5074C074D641B97
:100F3000A41005D0013CA300EB589847002CF9D130
:100F400000F04EF870BDC046BC130020BC1300205A
:100F5000F0B5C6461A4C00B52568002D2AD06C683D
:100F60001F2C2ADC002808D10020631C0234A400B6
:100F70006B60615180BCB846F0BD8827A600AE19F1
:100F8000F2510137FF37BC460122AC446746A2400C
:100F90003F68904617436246176084277F00F351ED
:100FA0000228E1D1280042468D30FF300368134308
:100FB0000360D9E7034D2560D1E701204042D9E71E
:100FC0001C1700208C150020034B10B5002B02D0FD
:100FD0000248FFF74BFF10BD00000000290F04106E
:100FE000F8B5C0460000000001B40248844601BCC8
:100FF000604700BFE502002001B40248844601BCFE
:10100000604700BFA102002001B40248844601BC31
:10101000604700BF7506002001B40248844601BC49
:10102000604700BFB904002001B40248844601BCF7
:10103000604700BF090F002001B40248844601BC8C
:10104000604700BF0D0F002001B40248844601BC78
:10105000604700BFF505002001B40248844601BC8A
:10106000604700BFA703002001B40248844601BCCA
:10107000604700BFF50E002001B40248844601BC61
:10108000604700BF090F002001B40248844601BC3C
:10109000604700BFED07002001B40248844601BC50
:1010A000604700BF6303002001B40248844601BCCE
:1010B000604700BF7105002001B40248844601BCAE
:1010C000604700BF7904002001B40248844601BC97
:1010D000604700BFD501002001B40248844601BC2E
:1010E000604700BF6B07002001B40248844601BC82
:1010F000604700BFE10E002001B40248844601BCF5
:10110000604700BF2507002001B40248844601BCA7
:10111000604700BFF703002001B40248844601BCC9
:10112000604700BFC100002001B40248844601BCF2
:10113000604700BFB90E002001B40248844601BCDC
:10114000604700BF910A002001B40248844601BCF8
:10115000604700BFCD0E002001B40248844601BCA8
:10116000604700BF4B04002001B40248844601BC24
:10117000604700BFB50B002001B40248844601BCA3
:10118000604700BFDD00002001B40248844601BC76
:10119000604700BF7302002001B40248844601BCCE
:1011A000604700BFB302002001B40248844601BC7E
:1011B000604700BF590B002001B40248844601BCBF
:1011C000604700BFB50A002001B40248844601BC54
:1011D000604700BF650B002001B40248844601BC93
:1011E000604700BF2502002001B40248844601BCCC
:0811F000604700BF210300204D
:1011F800FF888D74616B65908300FF8874616B65EF
:1012080073A99A83DBA977657265FA00FF88C3A979
:101218009B9A8300FF88BBF56D6F7374A961726731
:10122800756D656E74732C20676F74A900FF8186D5
:101238009B00FF65787472619A83FA00FF65787481
:1012480072619083FA00FF90617267756D656E74C4
:101258002873298BAD2D20757365206E6F726D61B3
:101268006C206172677320696E737465616400FF36
:10127800A06D616E79206C6F63616C7393C96D6545
:1012880074686F6400FF88676F74BDED9386810092
:10129800FFC690868100FF88C39B9A862325640039
:1012A800FF88C39B90868100FF88C36B6579776F41
:1012B80072642D6F6E6C798600FF97747970656320
:1012C8006F646500FF97636F6D70696C65206D6F63
:1012D800646500506C757320616E79206D6F64755C
:1012E8006C6573206F6E207468652066696C657321
:1012F800797374656D0A006F626A656374200020F3
:101308006973206F6620747970652025710A002042
:101318002D2D2000FF80706572666F726D207265DA
:101328006C6174697665E7002E66726F7A656E2F58
:1013380000FFC56D6F64756C65206E616D656481B5
:1013480000FF2A78858EB274617267657400FF2782
:10135800627265616B272F27636F6E74696E75659E
:1013680027B56C6F6F7000FFDE968100FF616E6EAF
:101378006F746174696F6E858EAAB300FFB3CF6115
:101388007320676C6F62616C00FFC562696E646987
:101398006E6793D5F900FFB3CF6173D500FF806402
:1013A80065636C617265D5A16F75746572E000FF45
:1013B800277969656C6427B58800FF846B65793A7D
:1013C80076616C756593E100FF846A757374ABD9B7
:1013D8009373657400FF6E6F6E2D64656661756C3E
:1013E8007486666F6C6C6F77732064656661756C64
:1013F800748600FF2772657475726E27B58800FFC2
:101408008064656C6574652065787072657373694E
:101418006F6E00FF82B900FF86CD726575736564D3
:1014280000FF696E6C696E6520617373656D626C2F
:101438006572858EAB8800FFDE9600FFEA616E6EEE
:101448006F746174696F6E858EAAB300FF84AA6198
:101458007373656D626C6572C200FF276C616265AB
:101468006C27B0318600FFFBCF00FF27616C6967EE
:101478006E27B0318600FF276461746127B0F56C70
:101488006561737420328300FF276461746127B03B
:10149800A78300FF8061737369676E8F65787072C8
:1014A800657373696F6E00FFBD2A78A1B200FF6192
:1014B80073796E6320666F722F77697468B561738C
:1014C800796E638800FF64656661756C74202765B2
:1014D800786365707427858E6C61737400FF2AA524
:1014E800D02A2A00FFA06D616E79206172677300AF
:1014F800FF4C48539490A5858EAA696400FF9AA56D
:10150800D02A2A00FF9AA5D090A500FF73757065B0
:101518007228298066696E642073656C6600FF27EF
:10152800617761697427B58800FF826D6963726F9E
:10153800707974686F6E206465636F7261746F721E
:1015480000FFE72A8BF56D6F64756C65206C657616
:10155800656C00FF62797465636F6465D600FF8906
:1015680091ABFB00FFFB818B646566696E65640067
:10157800FF8991AAA700FF89A7307825788D666929
:1015880074A16D61736B203078257800FF8991F51F
:101598006D6F73742072256400FF8991ABD700FFCB
:1015A80089917B72302C2072312C202E2E2E7D00BA
:1015B800FF63616EE3686176652075708F34207013
:1015C8006172616D65746572738F5468756D6220A0
:1015D800617373656D626C7900FF706172616D652E
:1015E80074657273858E726567697374657273A1A9
:1015F800BE72308F723300FF8991AA61646472658C
:1016080073739474686520666F726D205B612C201B
:10161800625D00FF8C5468756D62C289A2A983005F
:10162800FF6272616E63688BA1AF00FFFC81757306
:101638006564206265666F7265966B6E6F776E0083
:10164800FF636F6E76657273696F6E8F8700FF85B3
:101658007261697365AA8700FFFC81C19681DB739B
:101668006F75726365D18100FF80696D706C696305
:1016780069746C7998818F27626F6F6C2700FFC936
:101688007969656C6400FFEABB81DB676F74810070
:1016980063617374696E6700FF276E6F74278BAD83
:1016A80000FF80646F20756E617279206F7094817D
:1016B80000FF6469762F6D6F648BAD9375696E74E6
:1016C80000FF636F6D70617269736F6E94CCF4750F
:1016D800696E7400FF62696E617279206F70F28BB7
:1016E800AD00FF80646F2062696E617279206F704F
:1016F800206265747765656E81F48100FF806C6F88
:101708006164BF8100FF806C6F6164A2819F00FFEC
:101718008073746F72658100FF8073746F72658F58
:101728008100FF8073746F7265A2819F0047433AFE
:1017380020746F74616C3A2025752C20757365646C
:101748003A2025752C20667265653A202575000AB1
:10175800204E6F2E206F6620312D626C6F636B7385
:101768003A2025752C20322D626C6F636B733A20FA
:1017780025752C206D617820626C6B20737A3A2075
:1017880025752C206D6178206672656520737A3A1C
:101798002025750A004743206D656D6F7279206CAE
:1017A80061796F75743B2066726F6D2025703A0001
:1017B8000A20202020202020282575206C696E65AD
:1017C8007320616C6C206672656529000A253038C3
:1017D800783A200028295B5D7B7D2C3B7E3A653D6D
:1017E8003C653D633C653D3E653D633E653D2A6520
:1017F8003D632A653D2B653D2D653D653E26653D6E
:101808007C653D2F653D632F653D25653D5E653DE6
:1018180040653D3D653D212E002E666F726D6174F9
:101828002800FF756E69636F6465CD6573636170C9
:1018380065730046616C7365004E6F6E6500547287
:101848007565005F5F64656275675F5F00616E6400
:10185800006173006173796E630061776169740078
:10186800636F6E74696E75650064656C00656C699C
:101878006600656C736500657863657074006669F9
:101888006E616C6C7900696D706F7274006C616D5B
:10189800626461006E6F6E6C6F63616C006E6F7472
:1018A8000072616973650072657475726E00747296
:1018B80079007768696C6500FF6368722829A58BD1
:1018C800A172616E67652830783131303030302947
:1018D80000FFA5D1AAACBE00FF6F72642829BBAB7C
:1018E8006368617261637465722CDB99949DA9F9D0
:1018F80000FF857573659086936B65798800FF6D29
:1019080061746820646F6D61696E9E006E656761C1
:101918007469766520666163746F7269616C00FF33
:10192800646976696465206279E400737461636B45
:101938003A202575206F7574206F662025750A007A
:101948007173747220706F6F6C3A206E5F706F6F76
:101958006C3D25752C206E5F717374723D25752C56
:10196800206E5F7374725F646174615F627974651D
:10197800733D25752C206E5F746F74616C5F62799E
:101988007465733D25750A007363686564756C65D5
:101998002071756575652066756C6C00FFE5A0FFA4
:1019A800005250495F5049434F00332E342E303B8C
:1019B800204D6963726F507974686F6E203064616E
:1019C80033663435316462206F6E20323032362D02
:1019D80030352D303300FF84ABE19390617267732B
:1019E80000556E68616E646C656420657863657027
:1019F80074696F6E20696E20746872656164207303
:101A0800746172746564206279200074727565006F
:101A180066616C7365003C25713E005472616365B4
:101A28006261636B20286D6F737420726563656EE5
:101A3800742063616C6C206C617374293A0A00200D
:101A48002046696C6520222571222C206C696E6500
:101A5800202564002C20696E2025710A00FF8098DB
:101A6800F38FF800FF8098F38FB400FF8789AEAB3F
:101A7800D8CAE200FF7265717565737465649DA9C3
:101A8800DB87C19DA900FFF2696E64696365738590
:101A98008E696E7465676572732C8BF300FFF29F15
:101AA800B894AF00FF87949689C1C56C656E2829E4
:101AB80000FF89878D737570706F72742069746503
:101AC8006D2064656C6574696F6E00FF8987AE73FD
:101AD800756273637269707461626C6500FF8987EF
:101AE8008D737570706F7274206974656DB200FFC4
:101AF80087A2E570726F746F636F6C9B0062797474
:101B08006561727261792862006172726179282751
:101B1800256327002C205B002C2000FFE3736C69F1
:101B2800636573A2737465703D312028616B612011
:101B38004E6F6E6529206172659500FF6C6873F4BD
:101B4800726873EB8E636F6D70617469626C6500A7
:101B5800FF61727261792F62797465739B6F6E2071
:101B68007269676874207369646500FF6D656D6FDD
:101B7800727976696577206F6666736574A0D2009E
:101B8800FF9986776974686F7574AA656E636F6468
:101B9800696E670025713D006A29006A00FF80743C
:101BA80072756E636174652D646976696465ABB43A
:101BB800E900FFB4646976696465206279E400FF2E
:101BC800302E308FABB4706F77657200FFAC002891
:101BD8005B005D2900FF706F706974656D28293A94
:101BE8002064696374696F6E617279D1AC00257184
:101BF80028007B00FFE1757064617465BEC1A49D17
:101C080000646963745F6974656D73006469637403
:101C18005F6B65797300646963745F76616C756581
:101C280073005B4572726E6F2025645D202571001C
:101C38003C66756E6374696F6E202571206174202F
:101C4800307825703E00FFB7616C72656164792059
:101C5800657865637574696E67003C67656E657263
:101C680061746F72206F626A65637420272571271B
:101C78002061742025703E00FF8073656E64206EBD
:101C88006F6E2D4E6F6E65D98FAB6A7573742D7339
:101C9800746172746564B700FFB7726169736564D3
:101CA8002053746F70497465726174696F6E00FFB8
:101CB800B769676E6F7265642047656E6572617497
:101CC8006F724578697400FF8098696E668FCC00E2
:101CD800FF80984E614E8FCC00FF706F772829A245
:101CE8003383B0696E74656765727300FFD6636F7E
:101CF8006E76657274696E67206C6F6E67CC8F6DD7
:101D0800616368696E6520776F7264006E656761EC
:101D18007469766520736869667420636F756E747C
:101D280000FF706F70BFACE2003C6D6F64756C654E
:101D380020272573272066726F6D20272573273E7D
:101D4800003C6D6F64756C6520272573273E00FF86
:101D580080736574A6006E756C6C00FFA5858E7522
:101D68007365722D7479706500FFC573756368A615
:101D780000FFE4737465700072616E6765282564FE
:101D88002C202564002C2025642900FF706F70BF6B
:101D9800AAAC7365740073657428290066726F7A3B
:101DA800656E7365742800736C6963652800FF733A
:101DB8006C6963652073746570808EE400FF809899
:101DC80081878FF2696D706C696369746C7900FF43
:101DD8006A6F696E91ABE2947374722F627974655D
:101DE80073206F626A6563747320636F6E736973BF
:101DF80074656E74A273656C6687006E6F6E2D686D
:101E08006578206469676974005C2563005C5C0020
:101E18005C6E005C72005C74005C7825303278007F
:101E28005C752530347800FF737562737472696E5F
:101E3800678BF900FFA4E9948300FFF6D9B894AF43
:101E480000FFAC736570617261746F7200FF696E38
:101E5800636F6D706C6574658A00FF8AD4ABE100AE
:101E6800FF696E636F6D706C6574658A6B65790068
:101E7800FF8A99D46D6F72658300FF2563D4CCCA3D
:101E88006368617200FFA76E656564656400FF8C16
:101E98008A636861726163746572202725632720ED
:101EA800283078257829F59FA900FF8A9964696404
:101EB8006E277498616C6C83007273706C697428F7
:101EC8004E6F6E652C6E2900FF73696E676C652016
:101ED800277D2720656E636F756E7465726564A1D2
:101EE8008A9900FF97636F6E76657273696F6E9C4F
:101EF80000FF756E6D61746368656420277B27A198
:101F08008A00FFBB273A27D08A9C00FF8073776935
:101F1800746368BF6175746F6D61746963C06E7551
:101F28006D626572696E678F6D616E75616CC0EC0C
:101F380000FFD89FB894AF00FF617474726962752E
:101F48007465738B9500FF80737769746368BF6DE0
:101F5800616E75616CC0EC8F6175746F6D617469C9
:101F680063C06E756D626572696E67003C3E3D5E6A
:101F7800006263646545664667476E6F73785825E7
:101F880000FF828A9C00FF7369676E8BDAA1998AC9
:101F98009C00FF7369676E8BDAA2A78A9C27632768
:101FA80000FFDE8AE027256327938794968900FF40
:101FB800273D2720616C69676E6D656E748BDAA1A9
:101FC800998A9C003C696F2E537472696E67494FF9
:101FD80020307825783E003C696F2E42797465730D
:101FE800494F20307825783E00FF492F4FCE6F6E3D
:101FF80020636C6F7365642066696C65005C5525A9
:1020080030387800FF99696E6469636573858E69F5
:102018006E7465676572732C8BF300FF999FB89493
:10202800AF002C0063616C6C207375706572282991
:102038002E5F5F696E69745F5F2829206669727315
:102048007400FF80616464207370656369616C204B
:102058006D6574686F648F616C72656164792D73E6
:102068007562636C6173736564F7003C636C6173DC
:102078007320272571273E00FF756E7265616461C4
:10208800626C65A6003C2573206F626A65637420E4
:1020980061742025703E003C73757065723A2000AB
:1020A800FF8063726561746581696E7374616E63C4
:1020B800657300FF9681AEAA61636365707461629F
:1020C8006C6520626173659600FFBD62617365731C
:1020D800206861766520696E7374616E6365206C33
:1020E80061792D6F757420636F6E666C6963740017
:1020F800FF9674616B65732031CA338300FF89874B
:10210800AE63616C6C61626C6500FF5F5F696E69EC
:10211800745F5F2829EBEA4E6F6E652C8B8900FF90
:10212800F0A532858EABF7CAABD894636C61737334
:10213800657300FFF0A531858EABF700FF8BAB63AD
:102148006F6E7374616E7400FFC6696E64656E7439
:1021580000FF756E696E64656E748DFD616E792021
:102168006F7574657220696E64656E74206C65762F
:10217800656C006D616C666F726D656420662D73A9
:102188007472696E6700FF696E742829A532858E9E
:102198003E3D2032F43C3D20333600FF82B993A700
:1021A800A262617365A900FF82B993E900FFEF2E6F
:1021B8006D70792066696C6500FFEF2E6D7079206F
:1021C8006172636800FFCDA06C6F6E6700512825AF
:1021D80073290A0063616E27F4272571A7696E7653
:1021E800616C69E4617267756D656E74F36578702A
:1021F800656374696EE76D7573F4617267756D6513
:102208006EF46F626A6563F466756E6374696FEE87
:10221800272573A7666F726D61F46E6FF4756E7320
:102228007570706F727465E4646F65736E27F4621D
:10223800E574EF6B6579776F72E465787065637440
:10224800F361727261F9666FF26FE6737570706FA1
:10225800727465E4747970E56261E4636F6E766543
:1022680072F4737472696EE7706F736974696F6E74
:1022780061EC72657175697265E4737065636966AE
:102288006965F26C656E6774E86572726FF2696E03
:102298006465F8746FEF69EE776974E86F75747048
:1022A80075F477726F6EE76172E7617474726962D0
:1022B8007574E5696E74656765F27069EE25E461A9
:1022C800EEE1656D7074F9696D706C656D656E74BD
:1022D80065E469736E27F472616E67E572657175FE
:1022E800697265F3617267756D656E7473BA61734F
:1022F8007369676E6D656EF46964656E74696669A5
:1023080065F2636F6D706C65F86F7574736964E579
:1023180065786973F467656E657261746FF26F75DD
:10232800F473796E7461F845787065637465E46573
:10233800787065637465E465787465726E61EC6DD8
:10234800756C7469706CE573657175656E63E566C7
:10235800726FED6669656CE46861F3696E73747237
:10236800756374696FEE6D697373696EE76D6F6499
:1023780065EC6EEF756E65787065637465E446614B
:10238800696C65E46661696C65E46E61746976E53B
:102398006FF2667265F1696EF46E616DE56F706576
:1023A800726174696FEE7265646566696E65E46191
:1023B800667465F269F36C617267E56D69736D61E6
:1023C8007463E86E656564F36E6F6E6C6F6361ECE1
:1023D8006F766572666C6FF772656769737465F21C
:1023E8007475706CE576616C75E5616C6C6F77651A
:1023F800E46275F4666C6F617433B27374727563FA
:1024080074BA756E6B6E6F77EE504C53D2636F640F
:10241800E5646963F46C6973F46F6E6CF97A6572DC
:10242800EF6275666665F263616E6E6FF4696D7072
:102438006F72F46D656D6F72F96E756D6265F2722B
:1024480065747572EE73686F756CE47370656369B3
:102458006669636174696FEE76616C7565F35374D0
:102468006174654D616368696EE5696E636F6D706F
:10247800617469626CE56973737562636C61737327
:1024880028A96E5F636F6D706F6E656E74F325F1CA
:1024980025F3616EE461F462797465F3636C6173CA
:1024A800F3666C6F61F4666F756EE467697665EE66
:1024B8006C616265EC6C6F6361EC6D617463E87309
:1024C800656C66AC736D616CEC0025236F00252389
:1024D80078002E2E2E20002E66726F7A656E002FE1
:1024E8006C6962003C737464696E3E003C7374727C
:1024F800696E673E003E3E3E200041444300414C29
:102508005400414C545F4750434B00414C545F4981
:10251800324300414C545F50494F3000414C545FA6
:1025280050494F3100414C545F50574D00414C5475
:102538005F53494F00414C545F53504900414C543C
:102548005F5541525400414C545F5553420041522B
:10255800524159004155544F004246494E54313674
:10256800004246494E543332004246494E543800E0
:10257800424655494E54313600424655494E543329
:102588003200424655494E54380042465F4C454E4B
:102598000042465F504F53004249475F454E444909
:1025A800414E004255494C54494E5F434443004212
:1025B80055494C54494E5F44454641554C54004298
:1025C80055494C54494E5F4E4F4E4500427974650B
:1025D80073494F00434F52455F54454D5000435493
:1025E800530043616E63656C6C65644572726F720B
:1025F80000444D41004465666C617465494F00456F
:102608004143434553004541444452494E5553457F
:102618000045414741494E0045414C5245414459C6
:102628000045424144460045434F4E4E41424F52B9
:102638005445440045434F4E4E5245465553454434
:102648000045434F4E4E5245534554004545584961
:1026580053540045484F5354554E52454143480042
:1026680045494E50524F47524553530045494E56DF
:10267800414C0045494F0045495344495200454E95
:102688004F4255465300454E4F44455600454E4F20
:10269800454E5400454E4F4D454D00454E4F544311
:1026A8004F4E4E00454F504E4F54535550500045D5
:1026B8005045524D004554494D45444F55540046E8
:1026C800465400464C4F4154333200464C4F415417
:1026D80036340046696C65494F00466C6173680082
:1026E8004672616D65427566666572004672616D17
:1026F8006542756666657231004750300047503153
:1027080000475031300047503131004750313200D6
:102718004750313300475031340047503135004776
:102728005031360047503137004750313800475054
:10273800313900475032004750323000475032316B
:102748000047503232004750323500475032360089
:10275800475032370047503238004750330047500F
:10276800340047503500475036004750370047502F
:102778003800475039004750494F30004750494FBB
:1027880031004750494F3130004750494F313100EF
:102798004750494F3132004750494F313300475075
:1027A800494F3134004750494F3135004750494F60
:1027B8003136004750494F3137004750494F31387B
:1027C800004750494F3139004750494F3200475070
:1027D800494F3230004750494F3231004750494F36
:1027E8003232004750494F3233004750494F323454
:1027F800004750494F3235004750494F323600475D
:1028080050494F3237004750494F323800475049F6
:102818004F3239004750494F33004750494F340031
:102828004750494F35004750494F36004750494FA8
:1028380037004750494F38004750494F39004753F0
:10284800325F484D5342004753345F484D5342006E
:1028580047533800475A4950004932435461726718
:1028680065740049325300494E565F545800494E2A
:102878005F4849474800494E5F4C4F5700494F420F
:10288800617365004952515F414444525F4D415460
:1028980043485F52454144004952515F41444452C4
:1028A8005F4D415443485F5752495445004952517E
:1028B8005F425245414B004952515F454E445F5279
:1028C800454144004952515F454E445F575249546F
:1028D80045004952515F46414C4C494E47004952C8
:1028E800515F524541445F524551004952515F5230
:1028F8004953494E47004952515F525849444C4543
:10290800004952515F534D30004952515F534D3188
:10291800004952515F534D32004952515F534D3374
:10292800004952515F545849444C45004952515F3F
:1029380057524954455F524551004A4F494E5F4EE0
:102948004F4E45004A4F494E5F5258004A4F494E34
:102958005F5458004C4544004C4954544C455F451D
:102968004E4449414E004C6F636B54797065004D7D
:102978004F4E4F004D4F4E4F5F484C5342004D4F06
:102988004E4F5F484D5342004D4F4E4F5F564C538C
:1029980042004D564C5342004E4154495645004E54
:1029A8006F74496D706C656D656E746564004F4E2B
:1029B800455F53484F54004F50454E5F445241497C
:1029C8004E004F55545F48494748004F55545F4C97
:1029D8004F57004F726465726564446963740050B0
:1029E8004552494F44494300504F4C4C45525200C0
:1029F800504F4C4C48555000504F4C4C494E00508D
:102A08004F4C4C4F5554005054520050554C4C5F4D
:102A1800444F574E0050554C4C5F5550005057523C
:102A28004F4E5F52455345540050696E0050696ED1
:102A380041460052415700524742353635005254FC
:102A480043005254530052696E67494F0053484936
:102A580046545F4C4546540053484946545F5249D2
:102A68004748540053544552454F005369676E61B7
:102A78006C00536F667449324300536F6674535049
:102A8800490053746174654D616368696E650053EC
:102A9800746F704173796E63497465726174696F9C
:102AA8006E00537472696E67494F005461736B000E
:102AB8005461736B51756575650054657874494F39
:102AC800577261707065720054696D65720055497E
:102AD8004E540055494E54363400554C4F4E47001D
:102AE800554C4F4E474C4F4E470055534244657620
:102AF800696365005553484F525400556E69636FBA
:102B080064654572726F7200564F49440056667389
:102B1800466174005666734C667332005669706578
:102B280072547970654572726F7200574454005739
:102B380044545F5245534554005A4C4942005F5F24
:102B480061656E7465725F5F005F5F616578697467
:102B58005F5F005F5F61697465725F5F005F5F61FF
:102B68006C6C5F5F005F5F616E6578745F5F005FCC
:102B78005F62617365735F5F005F5F6275696C6454
:102B88005F636C6173735F5F005F5F64656C5F5F59
:102B9800005F5F64656C617474725F5F005F5F649F
:102BA8006963745F5F005F5F66696C655F5F005FA4
:102BB8005F676C6F62616C735F5F005F5F696D7008
:102BC8006F72745F5F005F5F706174685F5F005F62
:102BD8005F7265706C5F7072696E745F5F005F5FD3
:102BE80072657665727365645F5F005F5F736574B5
:102BF8005F6E616D655F5F005F5F736574617474BC
:102C0800725F5F005F5F74726163656261636B5FCF
:102C18005F005F6173796E63696F005F6275696CED
:102C280064005F6D7079005F6F6E6577697265002B
:102C38005F727032005F7461736B5F717565756583
:102C4800006132625F626173653634006162735F8E
:102C5800746F6C0061636F730061636F7368006108
:102C68006371756972650061637469766500616492
:102C7800645F70726F6772616D0061646469746526
:102C88006D006164646C656166006164646E6F64A4
:102C98006500616464726573736F66006164647271
:102CA8006F6F7400616573006168625F65727200BE
:102CB800616C69676E00616C6C6F635F656D6572EE
:102CC80067656E63795F657863657074696F6E5F59
:102CD80062756600616C6C6F636174655F6C6F63CD
:102CE8006B00616C7400616E645F00617070656E8A
:102CF800646C656674006172670061726776006172
:102D080073696E006173696E680061736D5F7069E5
:102D18006F5F656E636F64650061736D5F7468757E
:102D28006D6200617372006174616E006174616E3E
:102D380032006174616E68006232615F626173655E
:102D480036340062617564726174650062696E0090
:102D580062696E617363696900626974737472652C
:102D6800616D00626C00626C697400626F6F746CF4
:102D78006F6164657200626F6F7473656C5F627512
:102D880074746F6E00626F756E645F6D6574686FE2
:102D980064006273776170006275666665720062CE
:102DA8007566666572696E67006275696C74696ECE
:102DB8005F64726976657200627573790062780083
:102DC8006279746561727261795F617400627974A5
:102DD800656F726465720062797465735F6174000F
:102DE80063616C6373697A650063616E63656C0027
:102DF8006365696C00636861696E5F746F0063681E
:102E0800616E6E656C0063686469720063686F69FF
:102E1800636500636C6F7375726500636C7A006339
:102E28006D61746800636F6C6C65637400636F6CCC
:102E38006C656374696F6E7300636F6D70696C6540
:102E480000636F6D706C657800636F6E666967000C
:102E5800636F6E74726F6C5F786665725F63620031
:102E6800636F70797369676E00636F726F00637068
:102E78007369640063707369650063726333320059
:102E8800637263380063727970746F6C696200638F
:102E98007473006375725F7461736B006461746549
:102EA80074696D65006465636F6465006465657069
:102EB800736C656570006465666C61746500646553
:102EC8006772656573006465696E69740064656C32
:102ED800617474720064656C657465720064657110
:102EE800756500646573635F636667006465736333
:102EF8005F64657600646573635F737472730064FE
:102F080068745F72656164696E746F006469637484
:102F18005F766965770064696765737400646973CF
:102F280061626C650064697361626C655F69727186
:102F3800006469736361726400646F630064756D33
:102F4800700064756D7073006475707465726D00DF
:102F58006475707465726D5F6E6F7469667900640C
:102F68007574795F6E7300647574795F75313600B6
:102F7800656C6C6970736500656D6C6561726E5F18
:102F880061727261797574696C7300656D6C6561E5
:102F9800726E5F636E6E5F696E743800656D6C6526
:102FA80061726E5F6666745F6300656D6C65617201
:102FB8006E5F69697200656D6C6561726E5F6E65E2
:102FC800696768626F727300656D6C6561726E5FC8
:102FD800706C73725F6300656D6C6561726E5F74AF
:102FE800726565735F6300656D6C66667400656D18
:102FF8006C69697200656D6C6E65696768626F728D
:103008007300656D6C747265657300656E61626CE2
:103018006500656E61626C655F69727100656E63FB
:103028007279707400656E756D657261746500659E
:10303800705F6D6178006572660065726663006531
:1030480072726E6F006572726F72636F646500658D
:1030580078656366696C6500657869740065787081
:103068006D31006661627300666565640066696C4F
:103078006C0066696C6C5F726563740066696C7479
:1030880065720066696E616C697A655F636F6D7001
:103098006F6E656E74006669727374626974006637
:1030A80069745F737461727400666C61677300663B
:1030B8006C6F617400666C6F6F7200666C6F77007E
:1030C800666C75736800666D6F64006672616D6525
:1030D8006275660066726571006672657870006672
:1030E800726F6D6865780066726F6D6B65797300D5
:1030F80066726F7A656E7365740066756E6374695F
:103108006F6E0067630067656E657261746F720049
:103118006765745F6175746F5F63656E746572006F
:103128006765745F636F6E76657267656E63655F0A
:103138006D6574726963006765745F6964656E7450
:1031480000676574637764006765746974656D000A
:1031580067657472616E646269747300676574721E
:103168006573756C7400676574746572006765745F
:1031780076616C756500676D74696D650067726F5F
:1031880075700067726F75707300686172640068AB
:103198006173686C696200686561705F6C6F636B0E
:1031A80000686561705F756E6C6F636B0068656160
:1031B800706966790068656170706F700068656134
:1031C80070707573680068656170710068656C700F
:1031D800006869676800686967685F707269006895
:1031E8006C696E650069646C6500696C6973746408
:1031F800697200696D616700696D706C656D656EF7
:10320800746174696F6E00696E5F626173650069ED
:103218006E5F736869667464697200696E635F7271
:1032280065616400696E635F777269746500696ED1
:10323800646963657300696E70757400696E74659E
:103248007273656374696F6E00696E746572736515
:103258006374696F6E5F75706461746500696E761A
:1032680065727400696F63746C0069706F6C6C00D0
:103278006972715F71756965740069735F636F6DF9
:10328800706C6574650069735F636F6E76657267ED
:103298006564006973636C6F73650069736469734F
:1032A8006A6F696E74006973656E61626C6564004B
:1032B800697366696E697465006973696E66006929
:1032C800736E616E006973737562736574006973F8
:1032D8007375706572736574006974665F6D617883
:1032E800006A6D705F70696E006A736F6E006B6262
:1032F800645F696E7472006B656570656E647300F7
:103308006C6162656C006C64657870006C647262F4
:10331800006C64726578006C647268006C67616D3B
:103328006D61006C6962635F766572006C696768DD
:1033380074736C656570006C696E6561725F6D6150
:1033480070006C6F6164006C6F616473006C6F6314
:10335800616C74696D65006C6F673130006C6F6704
:1033680032006C6F6F6B6168656164006C736C0030
:103378006D61746368006D6178696D756D20726543
:1033880063757273696F6E20646570746820657800
:10339800636565646564006D617873697A65006D5D
:1033A8006435006D656D3136006D656D3332006DC5
:1033B800656D38006D656D5F6164647273697A6507
:1033C800006D656D5F616C6C6F63006D656D5F6648
:1033D800726565006D656D5F696E666F006D656D20
:1033E80061646472006D656D6F72797669657700E6
:1033F8006D696E006D6B646972006D6B6673006D4C
:103408006B74696D65006D6F6466006D6F646966E5
:1034180079006D6F64756C65006D6F7369006D6F11
:103428007674006D6F7677006D6F767774006E61D5
:103438006D65647475706C65006E6174697665009D
:103448006E6577006E65776C696E65006E6F646592
:103458006E616D65006E6F70006F6374006F6666F5
:10346800006F70656E5F6974665F6362006F707489
:103478005F6C6576656C006F75745F62617365007B
:103488006F75745F7368696674646972006F7574C8
:103498007075745F64696D656E73696F6E73006FC4
:1034A800757470757473007061636B5F696E746FA7
:1034B8000070617269747900706174680070656584
:1034C8006B0070656E645F7468726F770070657208
:1034D800696F640070685F6B657900706861736517
:1034E80000706900706C6174666F726D00706C7347
:1034F8007200706F6C617200706F6C6172697479C0
:1035080000706F6C7900706F706C65667400707213
:103518006564696374007072696E745F6578636569
:103528007074696F6E0070726F670070726F677386
:10353800697A650070726F706572747900707331A2
:1035480000707332007074720070747231360070DB
:103558007472333200707472380070756C6C5F74FA
:10356800687265736800707573685F7468726573F4
:103578006800707974686F6E5F636F6D70696C65F1
:103588007200717374725F696E666F00726164694C
:10359800616E730072616E64696E740072616E644C
:1035A80072616E6765007262697400726561645F5A
:1035B80065727200726561645F75313600726561AB
:1035C800646269740072656164626C6F636B730036
:1035D8007265616462797465007265616466726FB0
:1035E8006D007265616466726F6D5F696E746F00FD
:1035F8007265616466726F6D5F6D656D007265619D
:103608006466726F6D5F6D656D5F696E746F007271
:103618006561646C696E657300726561646F6E6C78
:1036280079007265616473697A65007265616C001E
:103638007265676973746572730072656C5F746F25
:103648006C0072656C656173650072656D6F746599
:103658005F77616B6575700072656D6F76655F7019
:10366800726F6772616D0072656E616D650072657B
:103678007365745F63617573650072657365745F04
:103688006362007265737461727400726576657244
:103698007365640072696E675F73656C0072696E4A
:1036A800675F73697A6500726D6469720072706130
:1036B80072746974696F6E00727473007278007244
:1036C800785F6669666F0072786275660073636119
:1036D8006E007363686564756C650073636B007373
:1036E800636C007363726F6C6C0073640073646165
:1036F8000073646976007365617263680073656559
:1037080064007365656B0073656C6563740073654D
:103718006E64627265616B00736570617261746F6B
:103728007273007365745F6175746F5F63656E743F
:10373800657200736574646174610073657474659F
:1037480072007368613100736861323536007368DE
:1037580069667400736964657365745F6261736533
:103768000073696E676C650073697A656F660073CC
:103778006C6565705F6D7300736C6565705F7573FC
:1037880000736C69636500736E6966665F656E00D9
:10379800736F66745F7265736574007370616E0031
:1037A80073706C69746C696E657300737461636BB4
:1037B8005F73697A6500737461636B5F7573650025
:1037C8007374616C6C0073746172745F6E65775F9B
:1037D80074687265616400737461740073746174F1
:1037E800650073746174655F6D616368696E650017
:1037F80073746174766673007374646572720073AF
:103808007464696E007374646F7574007374725FA6
:103818006D617800737472620073747265780073F6
:1038280074726800737472756374007375620073E0
:1038380075626D69745F786665720073796D6D6520
:10384800747269635F646966666572656E63650054
:1038580073796D6D65747269635F646966666572B4
:10386800656E63655F757064617465007379736E06
:10387800616D65007461750074656C6C00746872C4
:103888006573686F6C64007469636B5F687A007451
:1038980069636B735F616464007469636B735F630E
:1038A8007075007469636B735F6469666600746938
:1038B800636B735F6D73007469636B735F7573001B
:1038C80074696D655F6E730074696D655F70756CA2
:1038D80073655F75730074696D656F7574007469DD
:1038E8006D656F75745F636861720074696E796D78
:1038F8006169785F636E6E00746F67676C650074EA
:103908007265715F73656C007472696767657200D0
:103918007472756E630074780074785F6669666F98
:10392800007478627566007478646F6E65007563FC
:103938007479706573007564697600756D6F756E5E
:103948007400756E616D6500756E6865786C696682
:103958007900756E69666F726D00756E696F6E00BD
:10396800756E697175655F696400756E6C696E6BFB
:1039780000756E7061636B5F6374726C00756E7056
:1039880061636B5F66726F6D00756E7265676973F0
:1039980074657200756E73616665007572616E6438
:1039A8006F6D00757379730076636D70007663765A
:1039B800745F6633325F73333200766376745F7395
:1039C80033325F6633320076657273696F6E0076E4
:1039D800657273696F6E5F696E666F007669706590
:1039E8007200766C647200766C696E6500766D6F35
:1039F8007600766D727300766E6567007673717205
:103A080074007673747200776669007772697465FA
:103A18005F6572720077726974655F726561646967
:103A28006E746F0077726974656269740077726981
:103A38007465626C6F636B73007772697465627921
:103A48007465007772697465746F0077726974655C
:103A5800746F5F6D656D00777269746576746F0059
:103A68007773007B3A23627D005F5F6469725F5FF2
:103A7800003C6D6F64756C653E005F5F63616C6CE4
:103A88005F5F005F5F636C6173735F5F005F5F64BC
:103A9800656C6974656D5F5F005F5F656E74657204
:103AA8005F5F005F5F657869745F5F005F5F676590
:103AB80074617474725F5F005F5F676574697465D1
:103AC8006D5F5F005F5F686173685F5F005F5F697C
:103AD8006E69745F5F005F5F696E745F5F005F5F50
:103AE800697465725F5F005F5F6C656E5F5F005F42
:103AF8005F6D61696E5F5F005F5F6D6F64756C65B8
:103B08005F5F005F5F6E616D655F5F005F5F6E6541
:103B1800775F5F005F5F6E6578745F5F005F5F71FE
:103B280075616C6E616D655F5F005F5F7265707275
:103B38005F5F005F5F7365746974656D5F5F005FE9
:103B48005F7374725F5F0041726974686D65746950
:103B5800634572726F7200417373657274696F6E38
:103B68004572726F7200417474726962757465454A
:103B780072726F7200454F464572726F7200456CE3
:103B88006C697073697300496D706F7274457272F5
:103B98006F7200496E64656E746174696F6E457208
:103BA800726F7200496E6465784572726F72004B6D
:103BB80065794572726F72004B6579626F617264E4
:103BC800496E74657272757074004C6F6F6B7570A6
:103BD8004572726F72004D656D6F72794572726FC2
:103BE80072004E616D654572726F72004E6F6E6540
:103BF80054797065004E6F74496D706C656D656EB3
:103C08007465644572726F72004F534572726F72B9
:103C1800004F766572666C6F774572726F720052EC
:103C2800756E74696D654572726F720053796E7442
:103C380061784572726F720053797374656D457857
:103C480069740056616C75654572726F72005A65C9
:103C5800726F4469766973696F6E4572726F72002C
:103C6800616E7900617070656E6400626F6F6C00E0
:103C78006275696C74696E730062797465617272D9
:103C880061790062797465636F64650063687200C6
:103C9800636C6173736D6574686F6400636C6561F0
:103CA8007200636F6E737400636F70790064697675
:103CB8006D6F6400656E647377697468006576611A
:103CC8006C006578656300657874656E6400666F7E
:103CD800726D61740066726F6D5F627974657300EE
:103CE8006765746174747200676C6F62616C7300ED
:103CF80068617361747472006861736800696E73D7
:103D0800657274006973616C7068610069736469D5
:103D1800676974006973696E7374616E63650069BD
:103D2800736C6F776572006973737061636500699E
:103D380073737562636C6173730069737570706512
:103D480072006C697374006C6974746C65006C6FD4
:103D580063616C73006C7374726970006D61696E75
:103D6800006D6963726F707974686F6E006E657844
:103D780074006F626A656374006F70656E00706FBF
:103D8800706974656D00706F77007072696E740089
:103D9800726561646C696E650072656D6F76650049
:103DA8007265706C61636500726570720072657629
:103DB80065727365007266696E640072696E646527
:103DC8007800726F756E64007273706C697400723B
:103DD80073747269700073656E6400736570007344
:103DE8006574617474720073657464656661756C7A
:103DF8007400736F727400736F7274656400737407
:103E08006172747377697468007374617469636D3F
:103E18006574686F640073746F700073756D0073F8
:103E28007570657200746F5F62797465730075747C
:103E3800662D38007A6970003C64696374636F6D3D
:103E4800703E003C67656E657870723E003C6C6140
:103E58006D6264613E003C6C697374636F6D703EA3
:103E6800003C736574636F6D703E005F5F616273E1
:103E78005F5F005F5F6164645F5F005F5F616E64E6
:103E88005F5F005F5F626F6F6C5F5F005F5F636FB4
:103E98006D706C65785F5F005F5F636F6E746169FA
:103EA8006E735F5F005F5F64656C6574655F5F007C
:103EB8005F5F6469766D6F645F5F005F5F65715F08
:103EC8005F005F5F666C6F61745F5F005F5F666C69
:103ED8006F6F726469765F5F005F5F67655F5F0041
:103EE8005F5F6765745F5F005F5F67745F5F005F58
:103EF8005F696164645F5F005F5F696E76657274B5
:103F08005F5F005F5F697375625F5F005F5F6C652D
:103F18005F5F005F5F6C73686966745F5F005F5F17
:103F28006C745F5F005F5F6D61746D756C5F5F00DF
:103F38005F5F6D6F645F5F005F5F6D756C5F5F00F3
:103F48005F5F6E655F5F005F5F6E65675F5F005F05
:103F58005F6F725F5F005F5F706F735F5F005F5FCF
:103F6800706F775F5F005F5F726164645F5F005FBF
:103F78005F72616E645F5F005F5F72666C6F6F7225
:103F88006469765F5F005F5F726C73686966745F0F
:103F98005F005F5F726D61746D756C5F5F005F5F7E
:103FA800726D6F645F5F005F5F726D756C5F5F005D
:103FB8005F5F726F725F5F005F5F72706F775F5FE6
:103FC800005F5F727273686966745F5F005F5F723B
:103FD80073686966745F5F005F5F727375625F5FC5
:103FE800005F5F72747275656469765F5F005F5F1A
:103FF80072786F725F5F005F5F7365745F5F005F09
:104008005F7375625F5F005F5F7472756564697680
:104018005F5F005F5F786F725F5F000A257300FF64
:10402800CD81AE646566696E656400FF8C969325E4
:10403800713A8900FF657863657074696F6E73857E
:10404800646572697665BF426173654578636570BA
:1040580074696F6E00FF968781C1C5A68100FF89CC
:1040680087C1C5A68100FF8987AE697465726162E0
:104078006C6500FF8987AEAA6974657261746F7296
:1040880000FF6E656564206D6F7265207468616EEF
:10409800A9ED8F756E7061636B00FFA06D616E791D
:1040A800ED8F756E7061636B202865787065637439
:1040B80065642025642900FF80E7CDF200FFE861F0
:1040C8006C6C6F636174696F6E206661696C65649E
:1040D8002C2068656170D16C6F636B6564006D65D9
:1040E8006D6F727920616C6C6F636174696F6E209B
:1040F8006661696C65642C20616C6C6F63617469BE
:104108006E6720257520627974657300FF8C747959
:104118007065739325713A20272573272C8900FF32
:1041280086C1A49600FF8098F38FCC00FF878BA1EF
:10413800BE00FF73747265616DCE8B95003C41447F
:1041480043206368616E6E656C3D25753E00FF50C7
:10415800696E8D68617665204144432063617061B2
:1041680062696C697469657300FF493243CE8B9547
:1041780000FF826164647273697A6500536F6674C4
:104188004932432873636C3D25752C207364613D67
:1041980025752C20667265713D25752900FF6861BB
:1041A8007264204952519B004932435461726765D9
:1041B800742825752C20616464723D25752C207344
:1041C800636C3D25752C207364613D25752900FFBE
:1041D800493243546172676574282564298DB60095
:1041E800FF9753434CA800FF97534441A8006D65BF
:1041F8006D5F6164647273697A65206D757374208C
:10420800626520302C20382C2031362C2032342086
:104218006F7220333200FF826269747300FF826319
:10422800616C6C6261636B004932532869643D2597
:10423800752C0A73636B3D25752C0A77733D2575BC
:104248002C0A73643D25752C0A6D6F64653D2575D0
:104258002C0A626974733D25752C20666F726D6136
:10426800743D25752C0A726174653D25642C20699E
:104278006275663D25642900FF82777320286D7575
:1042880073748E73636B2B312900FF826D6F6465C5
:1042980000FF828A00FFC5667265652073746174C9
:1042A80065206D616368696E657300FF8B656E6F6D
:1042B8007567682050494F2070726F6772616D2072
:1042C800737061636500FFE6636C61696D2032207D
:1042D800444D41206368616E6E656C7300FF8269AE
:1042E80062756600FF82696400FF616464726573C9
:1042F800732025303878D18B616C69676E65648F5F
:10430800A9F6003C25752D626974206D656D6F7284
:10431800793E003C50574D20736C6963653D2575A7
:10432800206368616E6E656C3D257520696E7665E3
:1043380072743D25753E00FFCBA0D200FFCBA0FFD5
:1043480000FF62756666657273858E746865207392
:10435800616D659D00536F6674535049286261759D
:1043680064726174653D25752C20706F6C6172698B
:1043780074793D25752C2070686173653D25752C11
:104388002066697273746269743D25752C207363A5
:104398006B3D25752C206D6F73693D25752C206D3F
:1043A80069736F3D25752900FF62697473858E38BE
:1043B80000FF857370656369667920616C6C94731E
:1043C800636B2F6D6F73692F6D69736F0055415261
:1043D800542825752C2062617564726174653D25C9
:1043E800752C20626974733D25752C207061726983
:1043F80074793D25732C2073746F703D25752C20BE
:1044080074783D25642C2072783D25642C207478BE
:104418006275663D25642C2072786275663D256458
:104428002C2074696D656F75743D25752C20746931
:104438006D656F75745F636861723D25752C2069C1
:104448006E766572743D25732C206972713D256402
:104458002900FF975458A800FF975258A800FF97C3
:10446800435453A800FF97525453A800FF97696E0E
:1044780076657273696F6E206D61736B00FF976864
:104488006172647761726520666C6F7720636F6E06
:1044980074726F6C206D61736B00FF727862756661
:1044A800A0D200FF7478627566A0D200FF55415211
:1044B80054282564298DB600FF68616E646C6572A6
:1044C800858E4E6F6E65CA63616C6C61626C650047
:1044D800FF74726967676572203078253034788C8C
:1044E80000494E565F54587C494E565F525800FF5B
:1044F800574454282564298DB60074696D656F7515
:10450800742065786365656473203833383800FF34
:10451800736C656570A06C6F6E6700FFE663686119
:104528006E6765206672657175656E637900FF70E8
:1045380065726970686572616CCB858E34385F30DE
:1045480030305F303030CA7468652073616D652023
:10455800617320746865204D4355CB00FF807761F7
:10456800697400FF8063616E63656C2073656C66B7
:1045780000FFAC6865617000696E636F7272656395
:10458800742070616464696E6700626C6B73697A29
:1045980065202520313600FFA3A0FF00FF80656E4F
:1045A8006372797074202620646563727970740070
:1045B800495600FFB99EA1756374797065732064CC
:1045C800657363726970746F720053545255435423
:1045D800004552524F5200756E6B003C73747275F1
:1045E80063742025732025703E00FF80756E616D11
:1045F800626967756F75736C792067657420736974
:104608007A656F66207363616C617200FFDD809F5D
:1046180000FFDD9FB894AF00FFDDC56669656C6477
:104628007300FF8A00776269747300FF68617368BA
:10463800D166696E616C00FF68656170858EABE25A
:1046480000FFB99EA14A534F4E003064613366346F
:1046580035316462206F6E20323032362D30352D80
:1046680030332028474E552031332E322E31204DFD
:10467800696E53697A6552656C2900312E32382E7D
:1046880030006E65776C6962004743432031332EF2
:10469800322E31004D6963726F507974686F6E2DD8
:1046A800312E32382E302D61726D2D2D7769746858
:1046B8002D6E65776C6962342E342E3000FF626986
:1046C8007473858E3332CA6C657373003C6D617484
:1046D8006368206E756D3D25643E003C726520253B
:1046E800703E00FF7265676578A0B400FF9EA172F6
:1046F8006567657800FF73706C697474696E67A28A
:104708007375622D636170747572657300FF6D6BEC
:1047180074696D65D4ABD8949D38CA3900FF746943
:10472800636B7320696E74657276616CD600FF8264
:104738006475707465726D9F006475707465726DD0
:104748003A20454F462072656365697665642C207A
:10475800646561637469766174696E670A0064757B
:10476800707465726D3A20457863657074696F6E10
:1047780020696E20726561642829206D6574686FF0
:10478800642C20646561637469766174696E673A44
:1047980020006475707465726D3A204578636570A1
:1047A80074696F6E20696E20777269746528292094
:1047B8006D6574686F642C206465616374697661E3
:1047C80074696E673A20006C6974746C656673006E
:1047D8003C696F2E25732025703E003C696F2E259D
:1047E800733E002E2E004641540046415433320099
:1047F800222A3A3C3E3F7C7F002B2C3B3D5B5D00F0
:10480800EBFE904D53444F53352E30004E4F204E03
:10481800414D45202020204641543332202020009D
:104828004E4F204E414D4520202020464154202007
:104838002020200008080808001B5B2575001B5B6A
:104848004B00556E636175676874206578636570A1
:1048580074696F6E20696E204952512063616C6CD7
:104868006261636B2068616E646C65720A007261D4
:1048780077205245504C3B204354524C2D422074D3
:104888006F20657869740D0A005201004F4B003B98
:104898002052617370626572727920506920506984
:1048A800636F207769746820525032303430005476
:1048B800797065202268656C7028292220666F72DD
:1048C800206D6F726520696E666F726D6174696FB5
:1048D8006E2E0D0A000D0A7061737465206D6F6489
:1048E800653B204374726C2D4320746F2063616EA6
:1048F80063656C2C204374726C2D4420746F2066A1
:10490800696E6973680D0A3D3D3D2000636F756CE3
:1049180064206E6F742066696E64206D6F64756CB8
:104928006520272573270A003C696F2E25732025EB
:10493800643E00303132333435363738396162639A
:10494800646566000403090400426F6172642043D1
:10495800444300426F61726420696E204653206DA3
:104968006F6465004D6963726F507974686F6E008B
:104978002575206164646974696F6E616C2065785F
:1049880063657074696F6E7320696E205553422099
:1049980063616C6C6261636B730A00FF54696E79C2
:1049A8005553422063616C6C6261636B807265630E
:1049B8007572736500FF493243282564298DB60056
:1049C8004932432825752C20667265713D25752C62
:1049D8002073636C3D25752C207364613D25752C0F
:1049E8002074696D656F75743D25752900FF82A86F
:1049F80061663AA90050696E2825712C206D6F6494
:104A0800653D2571002C2070756C6C3D2571007C0E
:104A18002571002C20616C743D2575002C20616C7B
:104A2800743D257100756E6B6E6F776E206E616DCB
:104A380065642070696E202225732200FF82A80019
:104A48005350492825752C2062617564726174651C
:104A58003D25752C20706F6C61726974793D2575E0
:104A68002C2070686173653D25752C20626974730C
:104A78003D25752C2073636B3D25752C206D6F7358
:104A8800693D25752C206D69736F3D004E6F6E650D
:104A98002900FF535049282564298DB600FF9753F4
:104AA800434BA800FF974D4F5349A800FF974D4926
:104AB800534FA80054696D6572286D6F64653D2574
:104AC800712C207469636B5F687A3D313030303007
:104AD80030302C20706572696F643D002575303068
:104AE800302900FF54696D65728DB6005F626F6F83
:104AF800742E7079004D50593A20736F6674207285
:104B080065626F6F740A006D61696E2E7079004678
:104B18004154414C3A20756E63617567687420652D
:104B28007863657074696F6E2025700A005553426A
:104B3800205245504C00746872656164207375702A
:104B4800706F72740066726F7A656E206D6F64752F
:104B58006C657300306461336634353164620063B8
:104B68006F72653120696E2075736500FF82EE00F3
:104B7800FFEE636C61696D6564206279BC72657370
:104B88006F757263650050494F2825752900537465
:104B98006174654D616368696E652825752900FF34
:104BA8008250494F00FF8CE59600FFCBB894AF00C8
:104BB800FF69727120636C61696D6564206279BCFC
:104BC8007265736F7572636500FF7061636B5F6315
:104BD80074726CE374616B6573908300FF97C0D93E
:104BE80000444D4128257529006368616E6E656C27
:104BF80020636C6F736564006E656F706978656CAF
:104C080000646874006473313878323000756173F9
:104C1800796E63696F006173796E63696F2F73745E
:104C28007265616D006173796E63696F2F6C6F6374
:104C38006B006173796E63696F2F66756E637300BD
:104C48006173796E63696F2F6576656E7400617341
:104C5800796E63696F2F636F7265005F626F6F743F
:104C6800005F626F6F745F666174005461736B20DC
:104C7800657863657074696F6E207761736E2774E9
:104C8800207265747269657665640065787065631D
:104C980074696E672065786163746C792031206966
:104CA8006E737472756374696F6E00302E312E30B6
:104CB80000435243206572726F7200444854313188
:104CC80000444854323200444854426173650044F9
:104CD800533138583230004576656E7400494F516B
:104CE80075657565004C6F636B004C6F636B206E68
:104CF8006F74206163717569726564004C6F6F70C1
:104D0800004D415443485F524F4D004E656F506906
:104D180078656C004F52444552004F6E6557697272
:104D280065004F6E65576972654572726F72005003
:104D3800494F41534D456D69740050494F41534D9A
:104D48004572726F720050524F544F434F4C5F542C
:104D58004C535F434C49454E5400534541524348D8
:104D68005F524F4D00534B49505F524F4D00534FC8
:104D7800434B5F53545245414D00534F4C5F534F83
:104D8800434B455400534F5F5245555345414444A6
:104D9800520053534C436F6E7465787400536572B8
:104DA8007665720053696E676C65746F6E47656EE1
:104DB800657261746F720053747265616D0053742B
:104DC8007265616D526561646572005374726561E4
:104DD8006D577269746572005468726561645361D5
:104DE8006665466C61670054696D656F75744572D8
:104DF800726F72005F52656D6F7665005F5F7665F2
:104E08007273696F6E5F5F005F6174747273005FC5
:104E1800626F6F745F6661742E7079005F6465718C
:104E280075657565005F656E7175657565005F65AB
:104E380078635F636F6E74657874005F6578635F2D
:104E480068616E646C6572005F696F5F7175657526
:104E580065005F6F77005F70696F5F646972656393
:104E68007469766573005F70696F5F66756E6373EA
:104E7800005F70696F5F696E737472756374696FD0
:104E88006E73005F70726F6D6F74655F746F5F74BF
:104E980061736B005F72756E005F73656172636842
:104EA8005F726F6D005F7365727665005F73746F14
:104EB800705F7461736B005F73746F7070657200FC
:104EC8006163636570740061636C6F73650061731F
:104ED8006D5F70696F006173796E63696F2F5F5FD3
:104EE800696E69745F5F2E7079006173796E6369AA
:104EF8006F2F636F72652E7079006173796E6369C5
:104F08006F2F6576656E742E7079006173796E63A4
:104F1800696F2F66756E63732E7079006173796E91
:104F280063696F2F6C6F636B2E7079006173796E94
:104F380063696F2F73747265616D2E707900617586
:104F4800746F70756C6C006175746F707573680040
:104F58006177006177726974657374720062616366
:104F68006B6C6F6700626465760062696E640062EC
:104F780070700063616C6C5F657863657074696FED
:104F88006E5F68616E646C65720063616E27742081
:104F980067617468657200636865636B73756D201B
:104FA8006572726F7200636F6E6400636F6E766510
:104FB80072745F74656D7000636F726F3D00636F2C
:104FC800726F7574696E6520657870656374656461
:104FD800006372656174655F7461736B00637572F9
:104FE80072656E745F7461736B0064656661756C7D
:104FF800745F657863657074696F6E5F68616E640D
:105008006C65720064656C61790064656C61792017
:10501800746F6F206C617267650064656C61795F9D
:105028006D61780064657374006468742E7079002B
:10503800646F5F68616E647368616B655F6F6E5FF4
:10504800636F6E6E65637400647261696E00647389
:1050580031387832302E7079006474006475706C61
:105068006963617465206C6162656C207B7D006595
:10507800737000657863006578635F7479706500A4
:105088006669666F5F6A6F696E00667574757265CA
:10509800006675747572653A006765745F65766554
:1050A8006E745F6C6F6F70006765745F65786365B9
:1050B8007074696F6E5F68616E646C6572006765B5
:1050C800745F65787472615F696E666F0067657496
:1050D80061646472696E666F006770696F00686FFB
:1050E80073740068756D696469747900696478001F
:1050F8006966656D70747900696666756C6C0069BF
:105108006E5F00696E76616C696420626974206301
:105118006F756E74207B7D0069735F7365740069B9
:105128007372006A6D70006C5F726F6D006C616203
:10513800656C73006C697374656E006D61696E5F90
:105148007461736B006D656173757265006D65736D
:1051580073616765006E656F706978656C2E70792C
:10516800006E65775F6576656E745F6C6F6F700053
:105178006E6F2072756E6E696E67206576656E74E7
:10518800206C6F6F70006E6F20736964657365744F
:10519800006E6F626C6F636B006E6F745F6F73721B
:1051A80065006E6F745F78006E756D5F696E7374FD
:1051B80072006E756D5F73696465736574006F6EF8
:1051C80065776972652E7079006F70656E5F636FC1
:1051D8006E6E656374696F6E006F7372006F7574BD
:1051E8005F627566006F75745F696E6974007061DF
:1051F80073735F00706300706565726E616D650042
:1052080070696E646972730070696E7300706F6C98
:105218006C657200707962007079626F6172640007
:1052280071756575655F7265616400717565756531
:105238005F777269746500726561645F7363726138
:1052480074636800726561645F74656D700072658F
:10525800616465786163746C790072656C0072656D
:105268007175697265640072657475726E5F6578D0
:1052780063657074696F6E73007270322E70790096
:1052880072756E5F666F72657665720072756E5FB5
:10529800756E74696C5F636F6D706C6574650072B0
:1052A800756E715F6C656E0073656C6563745F72B3
:1052B8006F6D007365727665725F686F73746E6187
:1052C8006D65007365727665725F736964650073F6
:1052D80065745F657863657074696F6E5F68616E29
:1052E800646C657200736574626C6F636B696E677A
:1052F80000736574736F636B6F7074007367656EAA
:1053080000736964655F70696E64697200736964CB
:105318006573657420746F6F206C617267650073C4
:105328006964657365745F636F756E74007369642F
:10533800657365745F696E69740073696465736524
:10534800745F6F7074007372630073736C007374AE
:105358006172745F706173730073746172745F73E8
:105368006572766572007374617475730073747214
:1053780065616D5F61777269746500737A00746244
:105388000074656D70657261747572650074696327
:105398006B730074696D696E6700756173796E630C
:1053A800696F2E707900756E6B6E6F776E206C6109
:1053B80062656C207B7D0076616C75653200776173
:1053C80069745F636C6F73656400776169745F66A5
:1053D8006F7200776169745F666F725F6D730077D3
:1053E8006169745F696F5F6576656E74007761697E
:1053F8007465720077616974696E670077616974B2
:10540800715F6C656E007772617000777261705FB2
:10541800736F636B657400777261705F7461726734
:10542800657400777261705F75736564007772697F
:1054380074655F7363726174636800785F64656341
:1054480000785F6E6F745F7900795F646563006DE3
:105458006178206C6561766573006D61782074727F
:1054680065657300FF66656174757265B894626FEF
:10547800756E6473006D6178206E6F64657300FFEC
:10548800C48B6C6F6164656400FF84696E74313627
:10549800202868299200FF84F8A39200FF656D6CAC
:1054A8005F74726565735F707265646963745F7059
:1054B800726F62619E00FF616C6C6F636174696FEB
:1054C8006EC800FF84F89200FFA4929D00FF6669F1
:1054D8006C6C28298B63616C6C65642066697273D7
:1054E8007400FF656D6C5F6666745F666F727761E6
:1054F80072649E00FF46696C74657220636F65660E
:1055080066696369656E7473858EBD943600456DF2
:105518006C4572726F7200FF496E646578B8946268
:105528006F756E647300FF84696E7431369200FF84
:10553800427566666572D1A473697A6500FF616415
:10554800646974656DC800FF8C9274797065636FC7
:10555800646500FF8C92747970657300FFA4A3736F
:105568006861706500FF84627974659200FFA469C0
:105578006E7075742073697A6500FFA4A373697AE5
:105588006500FF70726570726F636573739E00FFCC
:1055980072756E9E00FFC6A364696D7300FFC4EB4D
:1055A8008EF600FF746D5F6C6F61649E00FFE331DF
:1055B800A39500FFA3858E316400FFBA33B16E5FF7
:1055C80073616D706C65732C206E5F6665617475B0
:1055D8007265732CF100FF44696D656E73696F6EB7
:1055E80073858E706F73697469766500FFF1858EB7
:1055F8003C3D206D696E286E5F73616D706C6573DC
:105608002C206E5F66656174757265732900FFC72B
:105618008F616C6C6F63617465DFE800FFC78F6929
:105628006E697469616C697A65DFC400FFC78F664B
:10563800696E616C697A6520636F6D706F6E656EF7
:105648007400FFBA32B1FE666561747572657300E5
:10565800FF84DC9200FF4665617475726520636F94
:10566800756E74D300FF50726564696374696F6EF8
:10567800C800FFBA312D32B1FE5B746F6C65726180
:105688006E63655D00FFDF697465726174696F6ED2
:10569800C800FFBA33B1FE582C207900FF5884DCCB
:1056A8009200FF7984DC9200FF582064696D656E72
:1056B80073696F6E7320646F6E2774FDC400FF7981
:1056C8002064696D656E73696F6E7320646F6E27F1
:1056D80074FDC400FFC78F7374617274DF747261E4
:1056E800696E696E67000A2A2A2A2050414E49438A
:1056F800202A2A2A0A004E6F207370696E6C6F6325
:105708006B732061726520617661696C61626C659A
:1057180000486172647761726520616C61726D2006
:10572800256420616C726561647920636C61696DC0
:105738006564004E6F20444D41206368616E6E655C
:105748006C732061726520617661696C61626C6559
:105758000050494F203120534D20282564202D200A
:10576800342920616C726561647920636C61696DAC
:1057780065640050494F203020534D202564206136
:105788006C726561647920636C61696D6564004E53
:105798006F2050494F207374617465206D61636890
:1057A800696E65732061726520617661696C6162FA
:1057B8006C65004861726420617373657274004D92
:1057C800696E53697A6552656C00626F6F74325FF7
:1057D8007732357130383000322E322E3000706911
:1057E800636F004D617920203320323032360066F5
:1057F8006E692B00666E6900666E692D00556E68CD
:10580800616E646C65642049525120307825780AAD
:1058180000657020253032582077617320616C72E2
:105828006561647920617661696C61626C650043C9
:10583800616E277420636F6E74696E756520786673
:105848006572206F6E20696E616374697665206584
:10585800702025303258000E100C0000A476041079
:105868000600020031170010A4760410060002009A
:1058780027170010A4760410060002001D17001058
:10588800A47604100C000600C1150010A4760410BC
:105898000200000065170010A47604100A00020038
:1058A8004D1B0010912D0010912D0010B1470010D4
:1058B800253F0010912D00102D3B0010252D0010C4
:1058C80049210010912D0010A5210010A5210010DC
:1058D800A52C00108F2C0010412C00105D21001009
:1058E800E94800108522001085220010D92B0010ED
:1058F8003D3F0010052B0010792A00108936001052
:105908002343001069360010912D00108D470010B8
:10591800212A0010F5200010F52000100D29001094
:105928000D290010F52800100F28001095210010EF
:10593800D1270010D1270010D12700109727001079
:1059480097270010972700106F270010C72D001009
:1059580061470010D9450010532D0010DD2D0010AF
:1059680065270010CB450010E3250010E51E001048
:10597800252D00104925001049250010252D00105F
:10598800332500109947001079240010F71E0010E5
:1059980095560010F5550010714E00105552001024
:1059A800D553001041500010FB53001067500010F1
:1059B800A750001079500010894E00107D53001038
:1059C8005155001085540010335000106D540010CC
:1059D800214F0010515000102D4F0010F1520010AF
:1059E800A7530010394F0010454F0010514F0010B9
:1059F8005F4F00106B4F0010A35100101B53001095
:105A080031530010B95100101D520010815500107B
:105A1800AB550010774F0010854F0010335200101F
:105A28009D4E001041520010974F00104753001030
:105A3800B9500010A54F0010D1500010F9500010B7
:105A48000751001035550010095500104754001033
:105A580059540010B34F0010C74F0010DD4F00100D
:105A6800A94E0010B34E0010B35B0010AB5B0010E2
:105A78003D5D00107D5B0010995D00100068D60246
:105A88000078D7020088D902006097000070A5034B
:105A98000080A70304656F72086C736C0C6C7372DA
:105AA8001061737214616463187362631C726F729D
:105AB80020747374246E656728636D702C636D6E33
:105AC800306F7272346D756C386269633C6D766ED6
:105AD800006571016E65026373036363046D690594
:105AE800706C067673077663086869096C730A67D1
:105AF800650B6C740C67740D6C6500723000017274
:105B080031000272320003723300047234000572ED
:105B180035000672360007723700087238000972BD
:105B280039000A7231300B7231310C7231320D7218
:105B380031330E7231340F7231350A736C000B66D3
:105B480070000D7370000E6C72000F7063007500AA
:105B58003E005E00CC033D0340033E033F030300C9
:105B6800080000000900020001000B000C00000002
:105B78000D000A0001000000617A0010D9840010AD
:105B880061630010B562001035810010376700109E
:105B9800C7800010CB690010ED6A0010256700105F
:105BA800516C0010656B00108D6600105563001075
:105BB80021650010236600104963001079790010F0
:105BC8009B64001031870010BD6D0010CF7F00105E
:105BD800D3680010C3620010BD7900103F6900103F
:105BE80027680010DB710010D1710010E16C001003
:105BF8000180001087760010F37900106D6E001098
:105C08003379001049760010CB620010B16C001097
:105C18008D81001059820010C7750010936900101B
:105C28000B6B00100B790010DD7800105775001011
:105C3800B1740010A57E001061740010B9770010CF
:105C4800216A0010D5720010316C0010D762001064
:105C5800040506003B1804104118041046180410E7
:105C68004B1804105518041059180410C057041084
:105C78005C180410621804101A3704103C3D041014
:105C88006818041048490410711804107518041095
:105C98007A1804107F18041086180410D7530410BB
:105CA8008C3904108A130410771804108E18041005
:105CB800322A04108C3B0410951804109C18041008
:105CC800A5180410D85304105C530410A918041024
:105CD800AF180410B6180410BA180410C03C041009
:105CE800881604105455565758595A5D335B323448
:105CF800373D4A35383E4B414E46533F4C404D5F49
:105D08003C493A474451435045523B48424F5E361E
:105D1800000002000400060008000A000C00110040
:105D280017001D0025002F003B00490061007F007F
:105D3800A700DF00250185010902B3029703C70404
:105D48005B0671089D0CDF124B1C6D2A913F575F53
:105D5800FF8E7BD6F47A0410645D04104071041041
:105D68001700000002000000745D0410BA00000073
:105D7800EA0F0000EA0F0000F46D04108B00030224
:105D8800220000004E0003021A0000007C020302F9
:105D980018D00410F47A0410A45D041040710410A3
:105DA8001F03000063000000B45D0410BA00000087
:105DB800FA0100007A0E0000F8610410AA0E000033
:105DC800A0580410BA0E00003C610410F201000053
:105DD800C86E041012020000308204100202000093
:105DE800686E041072110000546F04105A0200000B
:105DF800407104107A130000C4710410FA130000F3
:105E0800CC75041022140000E87504107214000008
:105E1800D87E0410F20200004078041062030000EB
:105E2800587904109203000088790410E2170000E2
:105E3800286E0410AA030000307B0410D219000059
:105E4800187C0410E2030000747C0410521B00004C
:105E5800B87C041062040000047F04109A1C00003F
:105E6800587F0410BA04000038830410D2040000DC
:105E78001C840410EA040000A8830410F204000043
:105E88003C8404102A050000AC8404102A02000097
:105E9800DC830410A2040000F48304101A0100003B
:105EA800387F04104A0C0000307F0410CA0100003B
:105EB800F0610410D2010000E8610410DA0100006A
:105EC800E06104104A100000D86104101A020000B2
:105ED800D06104106A1100008858041022020000E2
:105EE800C86104103A120000F46004106202000055
:105EF800BC6104106A020000B46104108202000050
:105F08007C5804108A02000070580410AA1300007C
:105F180064580410BA020000046104106A04000006
:105F2800FC600410C2020000E4600410CA02000011
:105F3800EC600410D2020000AC61041042150000AD
:105F4800945804104A150000A4610410DA020000F5
:105F5800D4600410D2150000986104100A030000F0
:105F68000C84041022030000148404103A03000077
:105F7800906104105A030000CC6004107203000002
:105F8800DC6004107A17000084610410EA1700002E
:105F980078610410A20300006C610410BA180000B4
:105FA80064610410B20300009CC60410BA03000028
:105FB8005C610410D203000050610410DA03000091
:105FC800446104101204000034610410320400001B
:105FD800286104108204000010610410CA04000043
:105FE8001C6104100A010000AC750410F2000000E6
:105FF800B0740410FA000000447404100201000098
:106008002074041012010000FC7304102201000027
:106018001C7504102A0100004075041032010000AC
:10602800D87304103A010000707204104201000095
:106038009073041052010000647504104A010000B6
:106048006C7304105A010000B4730410620100005C
:10605800487304106A010000247304107A010000D8
:10606800B872041082010000007304108A01000055
:106078008C74041092010000DC7204107A0D000088
:10608800F87404109A010000D4740410A2010000EE
:1060980094720410AA01000088750410B20100006F
:1060A8004C7204100A0E0000E0710410BA010000DE
:1060B800047204102A0E000028720410C2010000A5
:1060C80068740410EC760410D9F10010EC76041012
:1060D80009F000100477041083AB00100477041053
:1060E80079AB0010D476041039B00010D4760410BF
:1060F800BBB00010BC760410A1B00010A476041048
:10610800060004005BB00010A4760410FFFF030033
:1061180005B00010A4760410040002009DAC001025
:10612800A47604100400020009AF0010EC760410F5
:10613800E5AE0010EC76041011B10010A47604103E
:10614800FFFF010069AE0010A476041006000400E9
:10615800EFB00010EC76041009AE0010EC760410D5
:1061680089AC0010A476041004000200C5B0001029
:10617800A4760410FFFF0300FFAD0010A4760410FE
:10618800FFFF0300F5AD0010EC760410A5AB00107E
:10619800A476041002000000D1AC0010EC760410C4
:1061A80075AC0010EC76041099AB0010D47604108E
:1061B80065AC0010A4760410020000005DB1001068
:1061C800EC76041029AC0010EC76041015AC001025
:1061D800EC760410FDAB0010EC760410D5AB001083
:1061E800EC760410AFAB0010EC7604108DAB001009
:1061F800A4760410FEFF0500F5B10010F47A04102F
:106208000C62041040710410670000000C000000CC
:106218001C620410BA00000042110000EA120000DB
:106228002C7604106A190000247604106219000004
:10623800BC6204108A190000B4620410F21A00004B
:10624800AC620410BA130000A46204102A170000FC
:106258009C6204103217000094620410C21C0000F3
:106268008C6204109A110000846204105A1C000009
:106278007C620410EC7604105DB20010EC76041019
:10628800A3B20010EC760410EDB20010EC76041006
:1062980055B30010EC760410A9B30010EC76041086
:1062A800F3B30010D47604102DB40010EC7604106B
:1062B8007BB40010EC76041063B40010F47A041078
:1062C800CC62041040710410270000000400000094
:1062D800DC620410BA000000621100004A120000DB
:1062E8007C6F041082180000107B04107A0C0000E8
:1062F80070710410F47A04100463041040710410DF
:10630800470000000800000014630410BA000000F1
:106318008A1400005A1100008863041092120000C9
:106328008063041052130000786304103A160000CA
:1063380070630410CA17000068630410C2170000D5
:1063480060630410AA1D000054630410A4760410AE
:106358000200000041B500100477041029B50010B0
:106368000477041013B5001004770410F1B400107A
:1063780004770410DDB4001004770410C9B40010C9
:106388000477041009B50010F47A04109863041017
:10639800407104102F00000005000000A8630410DD
:1063A800BA000000F2150000B20300009CC60410F9
:1063B800420B0000E4630410820D00009482041074
:1063C800D20700006082041021B6001015B6001034
:1063D80085B5001000000000E46304103C8404103C
:1063E8000000680101000000000000000002000039
:1063F8007DB50010D06304106103030200000000A3
:10640800E501030201000000F47A04101864041086
:1064180040710410770100002E0000002864041069
:10642800BA00000072170000EA1200002C7604106F
:106438006A19000024760410921D00001C760410CE
:10644800C2150000147604108A1800000C76041097
:10645800C21C0000D8660410D2030000D0660410E5
:10646800BA130000C8660410C2130000C066041006
:106478002A170000C06504103A170000B866041017
:1064880032170000B0660410A2110000A8660410BC
:106498006A1C0000A06604108A1D0000986604109B
:1064A8003A0F000090660410FA0F00008866041086
:1064B8002A100000806604109A1100007866041003
:1064C8005A1C000070660410821D000068660410E3
:1064D800320F000060660410F20F000058660410C6
:1064E8001A100000506604102210000048660410BC
:1064F80002110000406604108A110000386604107A
:10650800CA130000306604102A140000286604101C
:1065180042140000206604105A140000B8650410E4
:10652800AA160000F86504101A180000B0650410D7
:1065380042160000186604104A160000106604107F
:1065480052160000086604102A160000CC650410D4
:106558002A1E0000006604104A1A0000A8650410EC
:106568002A120000A0650410D213000098650410D8
:106578008A130000F065041092130000E865041007
:1065880082140000E0650410D2160000D8650410DB
:10659800EC760410D5BA0010EC76041065B900103A
:1065A800EC7604107DB90010EC76041009BB0010DD
:1065B800EC76041051BB0010A4760410040002000D
:1065C800A9BB0010A4760410FFFF0500B9B600109F
:1065D800EC76041005B80010EC76041015B800101D
:1065E800EC76041025B80010EC76041035B80010CD
:1065F800D476041033BB0010EC760410F9BA0010FE
:10660800EC76041033B60010EC7604107DB600105A
:10661800EC7604104DB60010D476041039BA001088
:10662800EC7604107BBB0010EC76041045B8001023
:10663800D476041049BA0010EC76041097BB001009
:10664800D476041059BA0010EC76041055B800102E
:10665800EC76041065B80010EC76041075B80010DC
:10666800EC76041085B80010EC76041095B800108C
:10667800EC760410A5B80010EC760410B5B800103C
:10668800EC760410C5B80010EC760410D5B80010EC
:10669800EC760410E5B80010EC760410F5B800109C
:1066A800EC76041005B90010EC76041015B900104A
:1066B800EC76041025B90010EC76041035B90010FA
:1066C800EC76041045B90010D476041069BA0010AD
:1066D800EC76041055B90010F47A0410E86604103A
:1066E80040710410670000000C000000F8660410F8
:1066F800BA0000009A03000042020000D46D0410A2
:10670800E2180000A0670410D21700009467041074
:106718003A1A000088670410D21C00008067041031
:10672800B20F0000686704101215000078670410A3
:106738001A150000706704109216000060670410B4
:10674800220D0000D47C0410B21B0000586704100E
:10675800D4760410BDBC0010EC76041069BC00109F
:10676800EC760410A50E01100477041005BD001086
:106778000477041077BC00100477041015BC0010CF
:10678800A47604100200000081BC0010A476041056
:106798000200000025BC0010A476041002000000CE
:1067A800DDBC0010F47A0410B467041040710410C2
:1067B8003700000006000000C4670410BA0000009B
:1067C800421D0000EA1000001868041012190000A9
:1067D8000068041022190000F4670410A21E0000CB
:1067E8000C680410B21E00000C680410A476041093
:1067F800FEFF0700EDBF0010A4760410FEFF0300A3
:10680800ADBF0010A476041006000400F9BD001006
:10681800EC760410E1BD0010F47A04102868041026
:1068280040710410770000000E0000003868041062
:10683800BA000000721D0000E20F000004210020D1
:10684800F21E000060690410FA1E00004C69041072
:1068580092150000D86804107A190000C86804105E
:10686800DA1000006A0300008A1700006878041034
:10687800B2130000BC680410121D000020D00410E0
:106888001A1D000018D004100A1D000010D00410B2
:1068980032180000C0200020BA190000B0680410A7
:1068A80027033B033C030000A47604100400020005
:1068B80061C00010A47604100200000045C000105A
:1068C800388304100000000003000000392C041075
:1068D8009C6E0410060000009A030000346904103E
:1068E800246904100D26000014690410C21E00005B
:1068F800FC6804100F030000DE030000DE01000046
:10690800DF010000DD010000E3010000388304100E
:106918000000000008000000A919041038830410C2
:10692800000000001D00000099480410A88304100E
:10693800040000000300000039000000010000000E
:106948000A000000A88304100300000007000000EC
:106958000900000001000000388304100000000056
:106968002B000000B219041018D004101FBB01102E
:10697800F47A041080690410407104103F0000008C
:106988000700000090690410BA0000001A0F000008
:10699800020C0000586A0410AA140000F0690410E0
:1069A800CA1C0000E4690410E21C0000D869041045
:1069B800B2130000D0690410BA0F0000C8690410AF
:1069C80004770410B5C0001004770410D5C0001077
:1069D800A4760410060004007DC10010A4760410FB
:1069E8000200000055C1001004770410E5C0001033
:1069F800407104102F00000005000000086A041010
:106A0800420F00004C6A0410121B0000446A041074
:106A1800221700003C6A0410620000004C6A04104F
:106A28006A000000306A0410A47604100800080008
:106A380049C10010EC760410A9C00010EC760410CF
:106A480025C10010A476041006000200F1C0001051
:106A58003C8404100000E302000000000000000075
:106A680000000001F8690410F47A0410786A041030
:106A780040710410C700000018000000886A041064
:106A8800BA0000009A130000A2130000486B04101B
:106A9800A2080000030000008208000005000000B2
:106AA800620800000B00000022080000130000002C
:106AB80012080000170000008A08000019000000F2
:106AC800020800001B00000042080000230000002C
:106AD8007A080000270000006A0800002B00000068
:106AE8005A0800002D0000009A080000BF000000AE
:106AF8000A080000C50000002A080000CF000000B6
:106B08003A080000D100000072080000D30000001D
:106B180092080000D7000000AA080000DD0000006D
:106B280032080000DF0000004A080000E30000000F
:106B38001A080000E500000052080000E700000005
:106B480040710410B600000016000000586B0410D5
:106B580003000000A20800000500000082080000F1
:106B68000B0000006208000013000000220800006B
:106B78001700000012080000190000008A08000031
:106B88001B0000000208000023000000420800006B
:106B9800270000007A0800002B0000006A080000A7
:106BA8002D0000005A080000BF0000009A080000ED
:106BB800C50000000A080000CF0000002A080000F5
:106BC800D10000003A080000D3000000720800005D
:106BD800D700000092080000DD000000AA080000AD
:106BE800DF00000032080000E30000004A0800004F
:106BF800E50000001A080000E70000005208000045
:106C08000000000025C30010303030303030303004
:106C180030303030303030305F3030302C30302051
:106C2800202020202020202020202020202020007C
:106C3800060000000E0000001E0000000BEA001015
:106C4800F5E8001079EA0010519F0110ED9E01103F
:106C5800F19C011065A2011019A20110D978011048
:106C68001D9D01104D9D011029A4011001F2001075
:106C780065F00010819F011079AB01108568011043
:106C8800C72D0110A1090110893B0110453C0110D5
:106C980095280110A50B0110F9590010F9E9001009
:106CA80065A1011019A601105BEA0010E9E90010BE
:106CB80095EB001015EB001047EA0010C1A1011078
:106CC80075AA01109DA30110093F0110E1A8011048
:106CD80079A90110379D0110679D01100DFE001064
:106CE80021030010F50F001013B60110F5B50110BF
:106CF8005DE900100000000049DC0310850B04105A
:106D0800F59800104DCA001049C70010C59E011023
:106D180025EC0010454B01107D4C01104DFB001077
:106D280055E9001049E9001041E9001035E9001063
:106D3800FD9D011069F200101DBA01107D030010BD
:106D480035040010151000101D1100103D1500101D
:106D5800086C04103C84041038830410587904101B
:106D68004071041004770410EC760410D4760410F3
:106D7800BC760410A47604101C750410B4A2041088
:106D880084A204106CA204109CA20410000000004D
:106D98004078041038830410407804100000000084
:106DA80040780410187B041040780410000000009C
:106DB8004078041038830410407804100000000064
:106DC80040780410C86E041040780410EC76041063
:106DD80009EC00103C8404108000CE020000000082
:106DE80000000001000000008DF300103C84041036
:106DF8000000FD0101020004050006030700000869
:106E080051F8001015F40010D1F20010ADF2001086
:106E18001DF90010A1F40010F9F20010B07F041061
:106E28003C8404100804FC0201000003040006026C
:106E380007000005A9FA0010D1F20010ADF2001009
:106E48001DF90010A07F0410A1F40010F9F2001041
:106E5800D476041081F80010D4760410B3F300102F
:106E68003C840410080440000102000405000603E5
:106E780007000008EDF7001015F40010D1F200101B
:106E8800ADF200101DF90010A1F40010F9F2001085
:106E9800C07F04103C84041000009D000001000223
:106EA8000304050600000000F1FB00102D68011026
:106EB8003969011069FB00102D6A01106D67011016
:106EC8003C84041008003E00010200030400000096
:106ED8000000000069FC001035FC001017FC0010D1
:106EE80003FC00103C84041000001202000002039E
:106EF8000401000000000000C5FC00103DFD00106A
:106F0800AFFC00108FFC00103C84041000002A0223
:106F18000000000000000000000000003C84041095
:106F28000000010000000000000000000000000058
:106F38003C8404102000260200000200000100002A
:106F48000000000003FE00107DFD00103C840410CA
:106F58000C002E02010200030405000000000000DE
:106F680079FF00103DFE0010E9FE0010AD0201108F
:106F7800A5FE00103C840410000049020100000234
:106F88000000030400000005F5030110850401104A
:106F9800B1030110E1020110A46F04104071041044
:106FA8002F00000005000000B46F0410E20100008B
:106FB800FC6F0410D20F0000F46F0410920200005E
:106FC800EC6F0410C2030000DC6F0410AA19000063
:106FD800E46F0410EC76041051040110EC760410F0
:106FE800B5040110D476041089030110D476041076
:106FF80045030110D4760410FD02011040710410FD
:10700800770000000E000000147004103202000027
:10701800387104104A020000307104106A1400002C
:107028001C710410B2020000107104103203000039
:1070380094700410520300008C700410C203000006
:1070480004710410CA030000F070041072040000F8
:10705800F8700410FA040000E47004101A05000027
:10706800847004107A000000E0840410E20000003C
:10707800D88404105A000000D0840410EC76041060
:1070880061050110EC7604104D080110EC7604102F
:1070980035080110091C0410141C04101E1C0410CF
:1070A8003C8404108000CE020000000000000001B3
:1070B800000000002F0601103C84041000004E025E
:1070C8000001000203000004000000006506011032
:1070D8002D050110850B011011050110A47604106F
:1070E800FFFF030095080110EC760410D506011087
:1070F800A476041006000400D9050110A476041033
:1071080006000400E3050110A4760410060004003C
:10711800ED050110DC83041024710410A47604101A
:1071280006000400090A0110EC7604104F0A011049
:10713800EC760410F70501103C84041000004B00A5
:10714800010200030400050600000007B909011048
:107158002D070110ED040110850A0110D90B01104B
:1071680049050110047004103C84041000008F01CC
:10717800010200030400050600000708B909011010
:107188002D070110ED040110850A0110D90B01101B
:107198004905011040710410047004104071041076
:1071A800060000000000000000000000CD020301FE
:1071B8000000000092000200000000003C8404105F
:1071C80080006F02010000000000000200000000C3
:1071D800390C0110110C01103C8404100000C1018D
:1071E800010200000003000000000400BD0D0110B2
:1071F800F10C0110490F0110047204103C840410B2
:107208000000370001020000000300000000040035
:10721800BD0D0110F10C0110490F01101C7504106F
:107228003C8404100000C5010102000000030000B6
:1072380000000400BD0D0110F10C0110490F0110F0
:107248004C7204103C840410000036000102000057
:107258000003000000000400BD0D0110F10C011036
:10726800490F01101C7504103C840410000027000D
:10727800010200000003000000000400BD0D011021
:10728800F10C0110490F0110947204103C84041091
:1072980000003400010200000003000000000400A8
:1072A800BD0D0110F10C0110490F01101C750410DF
:1072B8003C84041000002F000102000000030000BD
:1072C80000000400BD0D0110F10C0110490F011060
:1072D800DC7204103C84041000003200010200003B
:1072E8000003000000000400BD0D0110F10C0110A6
:1072F800490F01101C7504103C8404100000300074
:10730800010200000003000000000400BD0D011090
:10731800F10C0110490F01101C7504103C84041075
:1073280000002D000102000000030000000004001E
:10733800BD0D0110F10C0110490F01101C7504104E
:107348003C84041000002C0001020000000300002F
:1073580000000400BD0D0110F10C0110490F0110CF
:107368001C7504103C840410000029000102000070
:107378000003000000000400BD0D0110F10C011015
:10738800490F0110B47304103C8404100000280055
:10739800010200000003000000000400BD0D011000
:1073A800F10C0110490F0110B47304103C8404104F
:1073B80000002B0001020000000300000000040090
:1073C800BD0D0110F10C0110490F01101C750410BE
:1073D8003C840410000026000102000000030000A5
:1073E80000000400BD0D0110F10C0110490F01103F
:1073F8001C7504103C8404100000220001020000E7
:107408000003000000000400BD0D0110F10C011084
:10741800490F01101C7504103C8404100000200062
:10742800010200000003000000000400BD0D01106F
:10743800F10C0110490F01101C7504103C84041054
:1074480000001F000102000000030000000004000B
:10745800BD0D0110F10C0110490F01101C7504102D
:107468003C84041000003800010200000003000002
:1074780000000400BD0D0110F10C0110490F0110AE
:10748800B07404103C8404100000310001020000B4
:107498000003000000000400BD0D0110F10C0110F4
:1074A800490F0110B07404103C84041000001E0041
:1074B800010200000003000000000400BD0D0110DF
:1074C800F10C0110490F01101C7504103C840410C4
:1074D8000000330001020000000300000000040067
:1074E800BD0D0110F10C0110490F01101C7504109D
:1074F8003C8404100000AF010102000000030000FA
:1075080000000400BD0D0110F10C0110490F01101D
:107518001C7504103C8404100000240001020000C3
:107528000003000000000400BD0D0110F10C011063
:10753800490F0110AC7504103C84041000002500AC
:10754800010200000003000000000400BD0D01104E
:10755800F10C0110490F0110AC7504103C840410A3
:1075680000002A00010200000003000000000400DF
:10757800BD0D0110F10C0110490F0110AC7504107C
:107588003C840410000035000102000000030000E4
:1075980000000400BD0D0110F10C0110490F01108D
:1075A800AC7504103C8404100000210001020000A6
:1075B8000003000000000000BD0D0110F10C0110D7
:1075C800490F01103C84041080007F020100000074
:1075D800000000020000000019120110E91101105A
:1075E8003C8404100C008402010200030400000023
:1075F800000000004D13011049120110A1130110E1
:10760800E9150110E87504100000C07FE875041042
:107618000000807FE8750410DB0FC940E87504108E
:10762800DB0F4940E875041054F82D403C840410E1
:1076380020008F0200000100000000000000000090
:10764800A11701103C84041020008F0200000100E3
:107658000000000000000000971601103C84041090
:1076680020008F020001030000020000000000005B
:10767800AD19011081190110751601103C84041010
:1076880020008F020001030000020000000000003B
:10769800AD19011081190110411801103C84041022
:1076A80060008F02000001000000000000000000E0
:1076B800611701103C84041060008F020000010073
:1076C8000000000000000000591601103C8404105E
:1076D80060008F02000001000000000000000000B0
:1076E8003D1601103C84041060008F020000010068
:1076F8000000000000000000211601103C84041066
:1077080060008F020000010000000000000000007F
:107718000D1601103C840410800092020001000044
:1077280000000002000000032D1B0110AF1C011017
:107738003C7704104071041027000000040000008A
:107748004C7704103A0200007477041052040000C9
:1077580088770410DA0400007C7704104A190000C6
:107768006C770410D4760410151B0110EC76041005
:10777800BD1C0110A476041008000400851C01102B
:10778800D4760410A31C01103C840410200092023B
:107798000000010000020000000000009D1A011016
:1077A800811901103C84041020009202000002009C
:1077B8000001000000000000811901102D1A0110BD
:1077C8004075041000000000000000006C830410E5
:1077D8003C8404108000CE0200000000000000017C
:1077E80000000000051D0110407104101700000082
:1077F8000200000000780410AA0200001C7804109F
:10780800E204000010780410A476041008000200B6
:10781800751D0110DC83041024780410A47604106C
:1078280008000400491E01100001010202020203BF
:1078380003030303030303043C84041000005E00F5
:107848000102000304000000000000051D1F0110D4
:10785800132101107F220110A9240110F0770410D0
:10786800407804100A000000020000007878041034
:10787800FFFFFF7F6900030206000000830001028A
:1078880000000000407104105F0000000B000000C1
:107898009C780410E20100005079041032020000C4
:1078A800407904104A02000038790410520200009E
:1078B800307904109202000048790410E2020000B6
:1078C80024790410EA0200001C790410C2030000A5
:1078D8001079041002040000087904101A0400004A
:1078E800007904107A040000F4780410A4760410D7
:1078F800FFFF0300652A0110EC76041081270110B0
:10790800D476041057280110A4760410040002004D
:10791800C9270110BC760410FB280110A4760410B6
:107928000800040045280110D47604103D290110F0
:10793800EC760410E92D0110EC7604107328011080
:10794800D4760410B52A0110D476041095280110B5
:107958003C84041000006C000102000304000506CA
:10796800000000079D2D01104D290110432701102B
:10797800C92C0110752B0110652701108C78041093
:107988003C84041080007200010000000000000226
:1079980000000000412E0110F52D01108F0000009D
:1079A80011000000B0790410EA0F00005C5D0410BB
:1079B80052100000D4B9041062110000C46204100F
:1079C800D211000050BA04109A130000706A041013
:1079D8000A150000F8BD04103A15000014BF041081
:1079E800F2150000906304108A1600006CBF0410A2
:1079F80062170000E4B60410EA180000D4BF0410AF
:107A08007A19000040C104105A1A0000E8C1041095
:107A1800821A000090C20410021C0000E0C3041087
:107A2800421D0000AC670410E21D0000CCC4041025
:107A3800B700000016000000447A0410FA010000A4
:107A48009C5D041042110000046204102212000020
:107A580040BD0410FA1200004C410510021300004A
:107A6800784105100A130000BC3F051012130000EE
:107A7800384005101A130000A84005102213000012
:107A8800F84105102A130000F43E05104A140000BE
:107A9800FCB104108A140000FC6204107217000084
:107AA800106404109A030000E0660410721D0000C0
:107AB80020680410521E0000CCBA0410021F0000F7
:107AC800B8C50410E20E0000F4B80410020F00005C
:107AD80074B804100A0F000060DB04101A0F0000CD
:107AE80078690410AA00000024A204103C84041041
:107AF8000000050300010000000200000000000073
:107B0800412F0110A12E0110D4760410E13101108B
:107B18003C84041000002E0000010000000000005A
:107B280000000000893201103C8404100000750038
:107B38000100000000000000000000027133011085
:107B48004C7B041040710410270000000400000062
:107B58005C7B04108A0000009C7B0410C2000000BB
:107B68008C7B0410D20E0000847B04108A0E000067
:107B78007C7B0410D4760410ED320110BC7604101E
:107B8800A5320110F4830410947B0410EC760410E1
:107B980045330110EC760410A13201103C84041026
:107BA8008000CE020000000000000001000000027A
:107BB80089330110C07B0410407104100F000000CD
:107BC80001000000D07B0410820E0000D87B041056
:107BD800EC760410913301103C8404108000CE022E
:107BE80000000000000000010000000089330110BF
:107BF8000100030006000000010003000600000069
:107C08000100030006000000550203000600000002
:107C18003C84041000003A0301000000000000004A
:107C280000000002E5330110347C04104071041098
:107C38001F00000003000000447C0410D214000060
:107C48006C7C0410321C0000647C0410421200009A
:107C58005C7C0410D476041099330110D476041097
:107C6800AF330110D4760410C93301103C840410DA
:107C780000007C000103000400020506000000006B
:107C8800AD3401100D350110353501106D3401107A
:107C98006D350110213401103C8404108000CE029F
:107CA8000000000000000001000000003D34011049
:107CB8003C84041080006A030100000000000002F8
:107CC8000000000015360110F53501103C84041041
:107CD8000000A401010000000000000000020003F1
:107CE80065360110F47C0410047D041095370110EA
:107CF80029370110D136011000000000407104102E
:107D08003700000006000000147D0410DA010000AE
:107D1800447D0410EA030000B4A20410FA03000032
:107D28006CA20410F203000084A2041022050000D3
:107D38009CA204103A0200005CA20410EC76041025
:107D4800FF370110407104104F00000009000000C7
:107D58005C7D04104A020000C07E04107A12000004
:107D6800AC7E0410DA150000987E0410321600006C
:107D7800887E04105A160000807E041062160000E7
:107D8800787E04105A1D0000587E04108A1E0000D8
:107D9800447E041082050000C88404104071041059
:107DA8009700000012000000B47D0410520F00007C
:107DB800D07E041032020000C87E04104A0200007F
:107DC800C07E0410A2120000B87E04107A120000CF
:107DD800AC7E041082120000A07E0410DA150000A8
:107DE800987E0410E2150000907E04103216000000
:107DF800887E04105A160000807E04106216000067
:107E0800787E0410C2030000707E04100204000093
:107E1800687E04105A1D0000587E0410621D000080
:107E2800607E04108A1E0000447E0410FA040000DC
:107E38004C7E041082050000C8840410D476041017
:107E480037390110A4760410FEFF03009938011099
:107E5800D47604104B390110D4760410B7380110C9
:107E6800D476041061390110EC760410F53901104C
:107E7800D4760410453D0110D4760410553D011008
:107E8800D4760410DD380110D4760410313C01108A
:107E9800D47604103B3C0110A4760410FEFF0300C6
:107EA800DD390110A4760410FEFF0300E939011042
:107EB800D476041067380110EC7604100D390110DF
:107EC800EC76041081390110D47604105938011069
:107ED8003C84041008008E0201020003040000051F
:107EE80000000006513C0110293A0110DD3A01104A
:107EF800613D01103D3801104C7D04103C84041094
:107F080000008C00010200030400000500000006C8
:107F1800513C0110293A0110DD3A0110613D011070
:107F28003D380110A47D0410407F04108901000031
:107F3800407F0410230000003C840410000001006E
:107F4800000100000000000000000000653E011074
:107F58003C840410000093030003000100020000A9
:107F680000000000793E0110D13E01107D3E011055
:107F7800D4760410DD3F011020090A0D0B0C000017
:107F8800D30201000000000030820410000000004D
:107F98000000000093480410407104100F00000016
:107FA8000100000000800410407104101700000058
:107FB80002000000F07F041040710410FF00000070
:107FC8001F000000F07F041040710410EF00000053
:107FD8001D0000000080041040710410DF00000044
:107FE8001B00000018800410E2010000606E0410FD
:107FF80092020000586E04104A1500000081041017
:1080080062140000F08004100212000018810410AD
:108018009A020000F881041022040000EC81041088
:10802800E2020000E08104102A040000D481041058
:1080380042030000288204108A0400001C820410F5
:10804800BA1C0000108204103A04000004820410D4
:108058009A040000C88104107A020000BC81041050
:10806800C2040000B081041082030000A48104103F
:108078004204000098810410A202000084810410C8
:108088000A04000078810410520200006C81041078
:1080980032190000648104107A1B00005C8104100E
:1080A8000A110000908104107A0300005481041022
:1080B800020500004C8104101A03000044810410DA
:1080C800FA0200003C81041002030000348104100D
:1080D8002A0300002C8104101203000024810410DC
:1080E800621300000C810410DC830410F880041073
:1080F800D476041065450110A4760410040002002B
:1081080005530110A476041006000200C94D0110A1
:10811800A4760410060002003D4C0110EC76041011
:1081280051450110EC7604103D450110EC76041021
:1081380029450110EC76041015450110EC76041061
:1081480001450110EC760410A9410110EC760410E9
:1081580095410110D47604106F510110D4760410A3
:1081680065510110A476041008000400A143011011
:10817800A47604100800060045490110A4760410EE
:10818800FFFF030061610110D47604103943011028
:10819800A47604100400020079500110A47604109B
:1081A800040002006B500110A476041004000200C1
:1081B8005D500110A476041008000400F35B011060
:1081C800A476041008000400E95B0110A4760410EA
:1081D8000800040037490110A476041008000400C0
:1081E8002B490110A4760410080004001D49011051
:1081F800A47604100800040011490110A4760410A4
:1082080006000200095A0110A4760410FFFF0300BB
:10821800AD4E0110A476041006000200D1580110DA
:10822800D4760410114201103C840410000042006E
:10823800010200000300040506000007A94D011013
:108248009547011059530110294E01106D40011036
:1082580021460110D07F04103C8404108001FA00EC
:10826800010200000000000000030004E1620110A8
:108278001962011084820410C88204108D630110F1
:1082880051620110BD610110000000003C8404101F
:108298008001B0010102000000000000000300049A
:1082A800E162011019620110B8820410C88204103A
:1082B8008D63011051620110BD61011001000000C1
:1082C800407104105F0000000B000000D882041009
:1082D800EA030000B4A20410F203000084A2041010
:1082E800FA0300006CA20410220500009CA20410EE
:1082F800FA1B000044A204109A1D00003CA20410BE
:108308003A14000034A204103A0200005CA20410DF
:10831800DA1400003083041062000000D46D0410E9
:108328006A00000050A20410EC760410C563011026
:108338003C840410000097000102000304000506B5
:1083480007000008814B0110996401105564011061
:108358005953011085660110F5630110214601107B
:10836800E07F0410A883041000000000407104108E
:10837800170000000200000084830410520200006D
:10838800A0830410E202000094830410A476041071
:108398000800040009680110D47604101D68011053
:1083A8003C84041000009D0001020003040005063F
:1083B80000000007C1680110896701102D680110CD
:1083C800396901102D6A01106D670110748304105A
:1083D800B7D5B1003C84041000004500010000003E
:1083E8000000000000000000116F01103C84041020
:1083F80000009400010000000000000000000000E0
:10840800116F0110D47604102D7A0110D47604105F
:10841800097A01103C84041000009A00010200004F
:108428000003000000000000C1790110B1730110C1
:108438005D6C01103C84041000009E0001020300E2
:1084480000040000000000006D740110016F0110AD
:10845800F1730110D56D0110BEB8B3BCB6C20000EF
:10846800000000000000B9BB000000000000C4D8F4
:10847800ADBDD1ACD6C1BFB5D7C0C6B2B0CED4C8D9
:10848800CAD0C7D2CDCBC9D3CCCFC5C3BA00AE14DE
:1084980010AB12B4AF000000A4760410FFFF030075
:1084A800FD6A01103C8404108000A5000100000052
:1084B80000000002000000009D7A01105F7A0110A0
:1084C800D47604103D7B0110D47604101F7B011074
:1084D800BC760410FF7A0110D4760410E17A0110FA
:1084E8000E000000060000001E0000001F00000033
:1084F80003000000008504109A130000706A04103D
:10850800521E0000CCBA0410721700001064041048
:10851800000102040C0E101214151617191A1C1E4D
:10852800222426292B31363D414546484A4E52548D
:1085380056585A5C5E60626466686A6C6F717477DC
:108548007A7D80828486888A8C91009395979A9CFC
:108558009E9FA3A4A7A9ABADB0B3B5B8BABCBFC121
:10856800C3C5C6C8CAD2D5D7D8DADCDEE1EEF3F582
:10857800F7F9FBFD00030406080A0C0E1012141686
:108588001F222327292C30323336393B3D3F4145C2
:1085980047494D4F515A5C5E5F6163686A6D6F7001
:1085A800727E80828486888A8D8F91939597999B15
:1085B8009D9FA1A3A6A8ABADAFB1B4B6B8BDC0C2CC
:1085C80001303E20422043201A1008105410463033
:1085D800551045305B107D2054205D100620553025
:1085E8005A205A101B109D202B10171019102D10EF
:1085F800363039202C105E3024106B202110612079
:108608002410632022106D2028106D201410802063
:108618006E301510702023101A205B107D207130E9
:1086280079302F101A205B107D20793020109D2082
:10863800251036205B107D2079302E105B107D20B0
:10864800732030107A205B107D20522080207F30EC
:108658001E20813027104C305B10802027104C30B2
:108668005B1082201F202A108320121029108320DB
:10867800232084204110232024203A1025203B1059
:1086880026203C1027208820282089208B208A201B
:108698008C208B208D208F30161090208E309020CB
:1086A8008E30541091305510561092305710581083
:1086B8009F3059105410A4305510561033205710BD
:1086C8005C10081098205A10802035305B109930C3
:1086D80080205A1080203B3018100810A3305B10FF
:1086E8007D203110AE305B1080205E108020051098
:1086F80053206F20051052203620403005104210BC
:108708006C203030051041203820032044201510FB
:1087180003205F10802047205A10482049204A2013
:1087280008103B303C3041104B30461008103B30AD
:1087380008103B304D205A104E204F205020081072
:108748003C30411051304610081008106F2053205B
:1087580004200510072008205D206020102011202B
:10876800122005205B20562057205C2059205820D5
:108778005E10592039200620222080205B1080209E
:1087880058304C104D104E104F10511052104910C7
:10879800471048104A104B105310501009200A2057
:1087A8000B200D200C2080205F30211080200E200F
:1087B8000F206C20622065206C30411064206A20F4
:1087C80054106A20551066205C100D10081069308E
:1087D8006C2069301310081067205A1068205A104E
:1087E80008105C1008105A105A1080201420152008
:1087F80016201720182003203820022013200320D9
:108808001820162072201C101A205B107D2074205E
:1088180078207720793078301E1076305B107D20F4
:108828008020693075201F105B107D201D105B10A3
:108838007D207B205A1080207C30131023207E203E
:1088480053200510061019200710321080201C2014
:108858001B2023101E201D1080201D201E202020DC
:1088680021203410351036103710381039102510E3
:1088780085208620291025102610873029103D10C4
:108888003E103F1040104110421044104510431054
:1088980029202A203F10401033102B202C2097200D
:1088A80046108B20081009100A100B100C100D1020
:1088B8000F1010100E102D202E202F20392092205E
:1088C8009320943022201A20AC2095205A109630FC
:1088D80093205A10302031203220352034209A201D
:1088E8009B205B10803080209C305B1080309E2065
:1088F8005A10222023203720A030AC20A1205A1063
:10890800A23037205A105410A4305510A5205A1000
:10891800A620A720A8204110802046108020802073
:10892800A930AC203C20AA2032108020AC20AD20F9
:1089380020109D2025101E20AB3023108220AB3044
:10894800AF20362021108020613262A833223322E2
:1089580021212122212222242222232226252724E2
:1089680024326262A4A431312231223131313131D1
:108978003162622362232323232322336222336258
:10898800A522006262131262212432132262331379
:108998006322232233136222226112621813623285
:1089A800621212231D1562621212621363321222BE
:1089B8006262333131316219133224126324623214
:1089C8002363316262126462122412121922222174
:1089D80012121512131232621C126212126233132F
:1089E80012122262223312621222336333132222BA
:1089F80062132212A5231222386C0410060000000C
:108A08000E0000001E000000387F0410D49C0410E3
:108A1800D90000800A0000001C030000B899041067
:108A28009C960410D2240410D6240410DA240410CE
:108A3800DF240410E7240410EC240410F4240410A8
:108A4800FD24041002250410062504100A2504102C
:108A5800132504101B250410242504102D250410AB
:108A6800352504103D250410452504104E25041015
:108A7800562504105C25041061250410692504108E
:108A88007125041078250410812504108A25041006
:108A98009225041099250410A0250410AB25041074
:108AA800B7250410C7250410D4250410DC250410AC
:108AB800E6250410EA250410F9250410FD25041004
:108AC800072604100E260410192604102026041068
:108AD800292604102F2604103C26041049260410C9
:108AE800542604105B26041068260410742604100B
:108AF8007B2604107F260410862604108E26041078
:108B0800952604109C260410A3260410AC260410F5
:108B1800B7260410BD260410C7260410CB2604105F
:108B2800D3260410DB260410E2260410E8260410DD
:108B3800F42604100127041005270410092704103F
:108B48000E27041013270410182704101D270410DB
:108B580022270410272704102C270410312704107B
:108B6800362704103B2704103F270410442704101D
:108B7800492704104E2704105327041058270410BF
:108B88005D27041062270410662704106A27041062
:108B98006E27041072270410762704107A27041011
:108BA8000E2504107E270410842704108A27041039
:108BB80091270410982704109F270410A627041053
:108BC800AD270410B4270410BB270410C2270410D3
:108BD800C9270410D0270410D6270410DD27041055
:108BE800E4270410EB270410F2270410F9270410D7
:108BF80000280410072804100E2804101528041053
:108C08001C28041022280410282804102E280410D8
:108C1800342804103A280410402804104628041068
:108C28004F280410582804105C2804101725041035
:108C3800612804106B2804101D260410D72A04107C
:108C4800632504106B250410DC2A04107325041016
:108C5800F04404106F280410762804107E280410AD
:108C6800852804108C280410A0280410B5280410A6
:108C7800BF280410CC280410DA280410E6280410B1
:108C8800F3280410FE2804100929041011290410DF
:108C98001929041021290410292904103429041041
:108CA800422904104C290410542904105C2904108A
:108CB80060290410ED2A0410E92A041082290410FE
:108CC8006E290410772904107C29041086290410C1
:108CD800902904104B2804109A290410A029041084
:108CE80041180410A7290410B6290410BF2904103C
:108CF800C3260410CA290410D3290410DB29041040
:108D0800E7290410A94B04107F27041085270410B5
:108D1800F0290410F8290410002A0410072A041066
:108D28000F2A0410132A04101D2A041031250410D8
:108D3800252A0410312A0410352A04103B2A04106D
:108D48003F2A0410462A04104A2A04105129041004
:108D58004E2A0410552A0410602A0410FD2A041013
:108D680039250410412504106C2A0410732A0410B4
:108D78007A2A0410822A04108A2A0410972A0410D6
:108D8800AA2A041059290410B32A0410B82A041076
:108D9800C22A0410D02A041049250410D62A041027
:108DA8007A25041083250410DB2A04108C2504106E
:108DB800E22A0410E82A041052250410F22A0410AA
:108DC800FC2A0410032B0410102B0410152B04107C
:108DD8001C2B0410242B0410332B0410372B0410E5
:108DE800412B0410462B0410512B04105B2B04104C
:108DF800652B04106D2B0410772B0410812B0410A5
:108E0800912B0410992B0410A52B0410AE2B0410E1
:108E1800B72B0410C32B0410CE2B0410D72B04102F
:108E2800E62B0410F32B0410002C04100C2C041057
:108E38001A2C0410232C0410EF3704102A2C0410C9
:108E48002F2C0410382C04103D2C0410D737041094
:108E5800492C0410542C04105C2C0410612C0410B0
:108E6800672C04106F2C04109D380410762C041005
:108E7800822C04108A2C0410922C0410E83304105D
:108E88009A2C0410A42C0410C0330410AC2C041029
:108E9800B02C0410B82C0410BE2C0410DC2C0410C8
:108EA800EA2C0410EE2C0410F32C0410FE2C0410F1
:108EB800022D0410853C0410072D04100C2D0410FD
:108EC800122D0410212D04102B2D04102F2D041009
:108ED800342D04103A2D04100F1B0410402D0410DB
:108EE8004B2D0410542D0410582D04105F3104101C
:108EF800612D04106B2D04106E2D041022520410E5
:108F0800732D04107E2D04108D2D04109A2D04103D
:108F1800D82C0410A02D0410A72D0410B12D041076
:108F2800C02D0410C52D0410C82D0410D52D041013
:108F3800DF2D0410E82D041027420410F12D041031
:108F4800F82D041021310410FD2D0410062E0410F4
:108F58000E2E0410142E04101B2E0410232E0410A1
:108F6800272E0410B1390410AF2E04102D2E041032
:108F7800352E0410412E0410492E0410512E0410D1
:108F8800582E0410682E0410712E04105D2C041045
:108F9800622C0410762E04107C2E0410A7380410BE
:108FA800822E0410882E04108D2E0410803904108F
:108FB800972E04109B2E04103E370410A42E041084
:108FC800AD2E0410B0450410B42E0410F23D041068
:108FD800BE2E0410C62E0410CE2E0410D52E04105A
:108FE800DD2E0410E52E0410EB2E0410F42E0410D0
:108FF800FD2E0410072F0410142F04104D380410F0
:10900800623804101E2F0410252F04102D2F041071
:10901800392F0410412F041031390410452F041042
:109028004A2F0410502F0410582F0410672F0410D3
:109038006F2F0410AE3D0410782F0410802F0410F9
:10904800932F0410A42F0410B22F0410BE2F041065
:10905800D02F0410DF2F0410EF2F0410F62F041068
:10906800FD2F04100A300410133004101A300410B5
:109078001A2D0410931B0410253004102D300410F1
:10908800373004103E3004104230041047300410CA
:109098004D300410573004106030041010330410A1
:1090A800653004106B3004101D1904107030041062
:1090B80000200410753004107A3004108430041035
:1090C8008B3004109E300410A7300410B130041007
:1090D800B7300410BD300410C3300410C830041079
:1090E800CE300410D3300410DC300410E13004100A
:1090F800E7300410EF300410F83004100231041087
:10910800253304100B3104100E31041018310410EB
:10911800283104103F310410493104105031041033
:1091280058310410643104106E3104107531041084
:109138007E310410853104108B310410484E041020
:1091480092310410973104109F310410A931041092
:10915800B5310410BD310410C5310410CE310410EE
:10916800D4310410EB30041052390410D9310410F2
:10917800DE310410E7310410E7420410ED31041029
:10918800F2310410FB310410003204100F320410C5
:1091980017320410233204102C3204103632041013
:1091A800C33204103D5304103E32041044320410FC
:1091B8005132041065320410202C04106C32041053
:1091C80072320410213004107832041082320410F4
:1091D8008E3204109B320410A3320410AE320410F5
:1091E800B8320410C1320410C7320410CD32041052
:1091F800D63204107240041080400410E13204108A
:10920800E9320410F1320410F6320410FF3204106F
:10921800083304100E330410EB390410143304100F
:10922800193304101F330410243304102B33041093
:10923800343304109C3D04103F330410F331041000
:109248004A3304104F33041055330410354C0410BE
:10925800DF400410694F04105F33041065330410B5
:109268006A330410C430041074330410F634041044
:10927800F037041078330410282E0410E532041057
:109288007E3304109F330410A733041001360410F2
:10929800AB330410B1330410B7330410BC330410DB
:1092A800C9330410D3330410DC330410E53304103D
:1092B800ED330410F8330410D0430410FC330410C9
:1092C8000234041007340410674904100E340410E3
:1092D800133404101A340410544B041021340410AD
:1092E80044390410F6390410263404102B340410C1
:1092F80030340410FB3904107F3104105834041042
:1093080036340410C93204104134041048340410AF
:109318004C340410543404105D34041061340410C7
:109328006534041075490410302C04106934041095
:10933800753404105E2C04107F3404108834041033
:1093480095340410A73404109D4004107B39041090
:10935800AF340410B9340410B6360410C034041005
:10936800C5340410CA340410D5340410DC34041095
:10937800E3340410E9340410034C0410EC340410F2
:10938800F5340410FA340410003504107332041054
:10939800093504100E350410163504101E35041056
:1093A8002E350410333504103C35041045350410AF
:1093B800493504104D350410513504105735041043
:1093C8005D3504104A4F041062350410534F0410E1
:1093D8006E350410403204107A3504108A350410B2
:1093E8001C1E0410943504109C350410A439041074
:1093F800A43504104F2D041016330410AE35041094
:10940800274D0410B3350410BC350410C5350410BD
:10941800CD350410D8350410E1350410EA350410B0
:10942800F8350410053604101736041021360410D8
:109438002A360410333604107F3004109339041090
:1094480038360410423604104A36041052360410D6
:10945800603604106F3604109D37041076360410F9
:10946800823604108B360410933604109C36041090
:10947800A5360410AF360410392C0410B536041084
:10948800C03604109D4E0410C4360410C7360410AC
:10949800CF360410D5360410DA360410E33604103B
:1094A800E7360410EB360410F2360410F5360410D3
:1094B800F9360410FE360410053704100A37041074
:1094C8000F37041016370410203704102B370410F8
:1094D800603704103B370410433704104A37041030
:1094E8004F370410563704105C370410082D041049
:1094F800693704100D2D04107D55041070370410C1
:10950800B82E0410773704108037041089370410F8
:109518008F37041098370410A3370410A8370410A5
:10952800053A0410B3370410BE370410C8370410C6
:10953800CE370410DF370410E4370410EA3704107C
:10954800F837041000380410073804100D380410D8
:10955800143804101C38041021380410273804105B
:109568002C380410333804103738041043380410EA
:10957800583804105D180410AC39041074380410FD
:10958800302D04103B2D04107C3804108038041052
:10959800A04D0410853804108F3804109738041033
:1095A800A1380410AB380410B6380410BF380410C2
:1095B800A82E0410C8380410D0380410DE3804105F
:1095C800E6380410F3380410003904100739041081
:1095D80010390410183904101E39041021390410E8
:1095E800293904102F390410363904103E39041073
:1095F800C4160410433904104A39041050390410B1
:109608005A39041062390410683904107239041088
:109618009B400410793904108539041091390410DD
:109628009C390410A3390410AB390410B039041064
:10963800B5390410C2390410CF390410D7390410D1
:10964800FC370410E4390410EA390410EF39041027
:10965800F5390410FA390410FF390410043A0410DB
:109668000A3A04100F3A0410133A04101D3A041071
:109678002C3A0410353A0410413A04104B3A0410BD
:10968800533A04105F3A0410683A0410602E04102C
:109698006B3A0410030304070407080403030807CC
:1096A8000808070707080705040707060808070644
:1096B800060A0B0F0C0709030E0309060A0608051C
:1096C8000C0C0A060C0B06030607060606080A0514
:1096D8000903070706050B0C030304040404040428
:1096E8000404040403040404040404040303030337
:1096F800030303040505060606060606060606060F
:1097080005060606060606060606060505050505F7
:1097180005050808030403090302030505050406F3
:10972800060706061314090C0D0B0C0A0A0707078F
:10973800070A0D090707030D0408030804090909A6
:10974800030506040E080A0308070B0803040407A8
:10975800070607030907030B0305030603030206AD
:109768000A0B050303060607070C12080204090D75
:109778000504040606060505090309060C04060780
:109788000E0309040A09090709090F070B08080B42
:109798000A080E0C0C0B0D0806080408040B070A2F
:1097A8000704050706030B0707070409070803074B
:1097B800051D0D03040A03040504050E0903040529
:1097C80005010A08030804090204050A0E0C05032A
:1097D80006090E04020C090808080604060807050D
:1097E800060703050304070B0707060F080403040D
:1097F8000505030504090403080408060709070703
:1098080007060707050808090C090A1106070B07C8
:1098180003040405070E0708010712100D0B110EAB
:109828000F06060C08060A060807090603040509B8
:1098380008040305040904040409061208090505B7
:1098480005040504080405070809080502090F1698
:109858000906070B090608060506070407090B078A
:10986800070805040307040805040408040E070B89
:109878000809070304050C130602050503090B0C68
:10988800070A09080505080A08080707040808055B
:10989800050304050406080A040A07040509040662
:1098A800030504090303030705040320070303054D
:1098B80005040C090808070A03040504060404063D
:1098C80006070405030404050305040A0306030741
:1098D8000803030302070B0902080C11070409090E
:1098E800060904040A060605020508040508040416
:1098F80007070F040808030303050504040B040BFA
:10990800030F090107070609040204020808070AE9
:1099180008080D0C110908080404080907070D0EAA
:1099280006050B080708080905030A0303020705CB
:10993800040803030602030406040406090A0F08C0
:1099480007060406050C03060404060508080508AE
:109958000A040A040A09051004050D070605060786
:1099680004050406030B141B04030703040304047F
:10997800090709090A080804070D070C0C06080757
:109988000502070506070404060509070509060672
:109998000B0B0A060704040C0C070C03050405044A
:1099A8000404050403090E080B09070B0802070540
:1099B8006C7B8B818DE3529B637C7CFB2524297611
:1099C8004951A75CEA95534A4006BF1952FF5F9078
:1099D800F11ACD61F68DB83717204661273A195329
:1099E800869A5C86A5E3B65EA479ACEAFFF1B41763
:1099F800C595D8E98283D3D2D1D0D7D6D5D4DBDAEE
:109A080080B0B1B2B5B6B7B881868784858A8B5ADB
:109A1800A4A575747776717073727D7CA6565754B9
:109A280055525350515E5FA7A0A1A2A3ACAD286EBA
:109A3800A9015D0C4D22369157F4CE61A753E93642
:109A480082EDEF127D37BB787E5E5F5C5D389412E5
:109A5800925488BF0F85D836A64CCD125903046F8F
:109A68003E5E5E0B9AC0F00A134342DF777D74B303
:109A7800ADBA4FDB12350164A0B08F91C17AF7906F
:109A8800EFBF9B1321D7EC76490899ADA2B723C441
:109A98008261BB7A704159A2223115EDDD6208B8A6
:109AA8004CC44EC4830342685B7F039D38C8016180
:109AB800BF544FDA2CBF5EF70AD9D43C7D1B131D67
:109AC80069448FD1EA04B65A62933254A878EC5CA0
:109AD80091B091C77C50386A43651FCD97C73CF554
:109AE800E09149A6CBF67FE201975274E525C5F8C7
:109AF800DF9C61B64D4C03064E2C26B12E7450B631
:109B08003B689BE0F4C54F0A33B47AD2E8E9C376E0
:109B1800CF412C41F315E4A9A89ECE7E029EDB6EB0
:109B28000569DC0DEC2D729CCD91040F2D45E97A69
:109B3800AAB63BF4C00F6811CEF4C7C7AFF513201F
:109B48005404914306C2719B9477C1105885C87418
:109B580093CCA7C3CA3525EF2021FA357D3761E5B7
:109B680069E51C0637ED27026196977EFE03A66617
:109B78009A90785ABA89DDDA10AD56AFD6876894CC
:109B8800702A2BFF839DA17147170882CC835A0442
:109B98001F732806B72378538F8C49E549F79AA68F
:109BA8003E9EB9FC2547F51AFDF66243405F5DE22B
:109BB80057CEFF54CBDB9863B07DAE0F214073EBDB
:109BC80031B6A8609635B173D41920074118E95207
:109BD800CBD19369AF9D9C76962625F5BFEC1DA841
:109BE800F165665289FDA21EE484793762B4FD8A64
:109BF80064288B8779E1EB86A9BC8A1F4287887E17
:109C0800F3A0F56A1C4D3AF805419A8F71781CEF5C
:109C18000AC2F7F453F4B28B802FBBF4748DB0D71B
:109C280087AFBEA347D5E8D26DDA082D7D41823BC8
:109C3800386A03D2BFE5AC5F56EC23683510CEAE68
:109C4800B2A1F20D459515506CCFF67E1AE0FEF9DB
:109C580028F253CDAB929D8DC6EB836D37048E2EC3
:109C68008516B13FB92049EA0B13B505E1C96A2148
:109C78003197C3D7D7D22814A321087B32AD381225
:109C880021C7CE60A2BC9BFED6E51498F27D9D1A32
:109C9800B1425AF072893E790EB7D29D5B89F0784D
:109CA800C9F88BE3DDB7B101F604FE07910E170F73
:109CB800ABC9AD4707BF6E865DC91DE79FFFF7C6F5
:109CC8009D0289C702D203797561D258000000004D
:109CD800000000000A000000D900000029A10410BB
:109CE80050A004109348041093480410713A0410CB
:109CF800DB4804103A480410EA140410371304101F
:109D0800793A04100D400410823A04108B3A04107A
:109D1800953A0410A13A0410AB3A0410B43A04106E
:109D2800C03A0410CC3A0410D53A0410DE3A0410B4
:109D3800E63A0410EF3A0410F73A0410003B041016
:109D48000B3B0410143B04101C3B0410253B04106F
:109D5800323B04103B3B0410473B04104F3B0410BC
:109D68005F3B04106E3B04104F4004107D3B041011
:109D7800863B041053400410C11C04108F3B041090
:109D88009B3B0410AC3B0410B73B0410C03B0410D1
:109D9800D23B0410DE3B0410EA3B0410F43B0410F1
:109DA800FD3B0410113C0410193C0410273C04101E
:109DB800A91C0410343C0410403C0410292B041046
:109DC8004B3C0410563C04106C300410CA37041085
:109DD800683C04106C3C0410F3140410733C041029
:109DE800783C0410813C04108B3C04100E41041094
:109DF80009210410943C0410983C0410A43C04105D
:109E0800D04E0410AA3C0410B03C0410231D0410CA
:109E180019350410102E0410B53C04106F3C0410C2
:109E2800BC3C0410C53C0410CA3C0410CF3C0410D0
:109E3800BE3D0410D63C0410DD3C04106728041015
:109E4800E83C0410F03C0410F83C0410003D0410F9
:109E58006F390410C43D0410053D0410A0350410EA
:109E68000C3D0410143D04101C3D0410273D041043
:109E78002F3D0410373D0410423D04100E1C041001
:109E8800F75304108D500410DF340410191C04100B
:109E9800AC5204104A3D04104F3D0410563D0410C6
:109EA800293D04105D3D0410643D04104633041040
:109EB800693D0410753D04107A3D0410813D04107D
:109EC800101D0410C1310410863D04108E3D04108D
:109ED800923D0410A835041027320410233A0410C8
:109EE800983D0410A13D0410A83D0410B03D041095
:109EF800B53D0410BD3D0410C33D0410CA3D041017
:109F0800D03D0410D73D041021150410DE3D041087
:109F1800E33D041023510410E73D0410EF3D041005
:109F2800FA3D0410FF3D0410D13D0410AB3004107D
:109F3800063E0410113E04107B1D04101E3E041042
:109F4800614F04105E3D0410233E0410273E0410A8
:109F5800CF3404102D3E04103B3404106C1D041043
:109F68006D380410443D0410363E04107831041056
:109F7800231C0410303204103C3E0410403E0410F0
:109F88004B3E0410553E04105E3E0410693E04101A
:109F9800733E04107B3E0410833E04108B3E041075
:109FA800943E0410A03E0410AD3E0410B83E0410C8
:109FB800C33E0410CA3E0410D43E0410E13E04100F
:109FC800E83E0410F03E0410F73E0410003F041071
:109FD8000B3F0410143F04101B3F0410263F0410CD
:109FE8002D3F0410383F0410403F0410483F041030
:109FF8004F3F0410573F04105E3F0410663F0410A3
:10A008006E3F0410773F0410803F04108E3F041009
:10A018009A3F0410A63F0410AF3F0410B83F041045
:10A02800C03F0410C93F0410D53F0410E03F04109E
:10A03800E93F0410F63F0410FF3F041007400410E6
:10A048000F4004101B400410000007010101010823
:10A058000108090B09080B0B0808070807080A0874
:10A0680007080C080B070F0E0E0D0808090D0B103A
:10A078000A08110B0B090813070D0C0D0B0A090A26
:10A08800110303030604040809080508030B050562
:10A09800050405040306030804040604060A030766
:10A0A8000707040205060307070A07070A07050446
:10A0B80004030403040606050604030B040604034C
:10A0C800030703050504080806070407050605062F
:10A0D8000604040303070A040605050A0C0404031E
:10A0E80005030505080504060505050605030A090F
:10A0F800080A09070707080B0C0A0A06090C0607CD
:10A1080006080A08060A060A0707060706070708D0
:10A11800080D0B0B080807080B0A080C0807070BA3
:10A128000700057AAF858F8ABDFAA72BFD6D4540DC
:10A1380026F75F16CFE28EFFE279026B1032D02D40
:10A1480097210791F0F216205C83EAAFFFDCBA177B
:10A15800C6A18161EA94202596B69544136BC2EB9B
:10A16800F776225C0DDCB47C33C0E0A63FFAB80A6F
:10A178001B9B1E6301263533C09D8CB7287B1216A6
:10A18800EBA8B6FC5BB5DDE38FA732016227893BFC
:10A19800C6E5CEB90B4290D11C2ABF2D541AB74B35
:10A1A800F96349D025D2E9E7A53B79B92327D46CCF
:10A1B800BF5EB7857462579D50292EC4B3D8FD9DE4
:10A1C800B427B74E7D98E6CC3480D45495C40E2B72
:10A1D800C5C6DC78713546A7B3B66DF708CC095DFE
:10A1E8004963310E6938292D16DC541BDB31632A8B
:10A1F800FFC557735AF2A7218820696D706F727472
:10A20800200000003C84041020008F0200000100A0
:10A21800000000000000000019AF0110F47A0410DB
:10A22800D02000200700A8A9A6AAA700EC76041051
:10A2380031B70110EC76041005BA0110A4760410A9
:10A2480006000400C1B90110A47604100800080033
:10A2580027B70110EC76041003B70110EC76041050
:10A2680055B70110A4760410040002005FB601106F
:10A27800A47604100600040015BB0110A47604108F
:10A28800060004000BBB0110A476041008000400AB
:10A2980001BB0110A476041008000400F7BA0110ED
:10A2A800A47604100400020093B90110A4760410E7
:10A2B8000400020089B9011000000000000000003D
:10A2C8000003030303030000000000000000000077
:10A2D800000000000000000003010101010101016C
:10A2E8000101010101010101454545454545454536
:10A2F8004545010101010101015959595959591996
:10A3080019191919191919191919191919191919B5
:10A318001919190101010101016969696969692945
:10A328002929292929292929292929292929292995
:10A338002929290101010100FFFC76617269616226
:10A348006C65207265666572656E6365642062651A
:10A35800666F7265B2000000FFC561637469766557
:10A3680020657863657074696F6E8F726572616954
:10A37800736500006F70636F646500002AC1011087
:10A388002AC101102AC101102AC101102AC10110D5
:10A398002AC101102AC101102AC101102AC10110C5
:10A3A8002AC101102AC101102AC101102AC10110B5
:10A3B8002AC101102AC101102AC1011078CD01104B
:10A3C800B4CC01107ECC011018CC0110E4CB0110E4
:10A3D800B2CB0110FECA0110CCCA011096CA0110F6
:10A3E800D6C90110A8C90110A2C1011070C101107D
:10A3F8002AC101102AC101102AC10110B6C30110D7
:10A4080064C30110D6CD011044CD01100CCD01104C
:10A41800E6CC011064CB011030CB01103ECA01100C
:10A4280004CA011036C6011002C60110D6C50110B3
:10A4380088C5011048C50110ECC4011094C401106E
:10A4480050C4011018C40110E0C301101AC3011050
:10A45800D6C2011082C201103CC201102AC10110EB
:10A468002AC101102AC101102AC101102AC10110F4
:10A478002AC101102AC101102AC10110FAC601100F
:10A488002AC10110F2C80110CAC80110A2C80110DF
:10A4980082C8011062C80110FEC701103CBE01103D
:10A4A8003CBE01106AC6011082C601102AC1011003
:10A4B8002AC101102AC101102AC10110C2CD011000
:10A4C800AECD01100ACE011030CD0110A8CB01107D
:10A4D80096CB011076CA011096C9011074C90110F3
:10A4E80072C901105AC901103EC90110A0C7011054
:10A4F80080C70110F0C60110C6C601102AC101109C
:10A508002AC10110BCC501104CCF011052C1011065
:10A5180050C101103EC1011032C00110DAC1011052
:10A5280014C101102AC101102AC101102AC1011049
:10A538002AC101102AC101102AC10110F6C0011058
:10A54800F6C00110F6C00110F6C00110F6C00110E7
:10A55800F6C00110F6C00110F6C00110F6C00110D7
:10A56800F6C00110F6C00110F6C00110F6C00110C7
:10A57800F6C00110F6C00110F6C00110F6C00110B7
:10A58800F6C00110F6C00110F6C00110F6C00110A7
:10A59800F6C00110F6C00110F6C00110F6C0011097
:10A5A800F6C00110F6C00110F6C00110F6C0011087
:10A5B800F6C00110F6C00110F6C00110F6C0011077
:10A5C800F6C00110F6C00110F6C00110F6C0011067
:10A5D800F6C00110F6C00110F6C00110F6C0011057
:10A5E800F6C00110F6C00110F6C00110F6C0011047
:10A5F800F6C00110F6C00110F6C00110F6C0011037
:10A60800F6C00110F6C00110F6C00110F6C0011026
:10A61800F6C00110F6C00110F6C00110F6C0011016
:10A62800F6C00110F6C00110F6C00110F6C0011006
:10A63800F6C00110F6C00110F6C00110CCC0011020
:10A64800CCC00110CCC00110CCC00110CCC001108E
:10A65800CCC00110CCC00110CCC00110CCC001107E
:10A66800CCC00110CCC00110CCC00110CCC001106E
:10A67800CCC00110CCC00110CCC001109CC001108E
:10A688009CC001109CC001109CC001109CC001100E
:10A698009CC001109CC001109CC001109CC00110FE
:10A6A8009CC001109CC001109CC001109CC00110EE
:10A6B8009CC001109CC001109CC001108CC00110EE
:10A6C8008CC001108CC001108CC001102AC101106F
:10A6D8002AC101102AC1011068C0011068C0011008
:10A6E80068C0011068C0011068C0011068C001107E
:10A6F80068C0011068C0011068C0011068C001106E
:10A7080068C0011068C0011068C0011068C001105D
:10A7180068C0011068C0011068C0011068C001104D
:10A7280068C0011068C0011068C0011068C001103D
:10A7380068C0011068C0011068C0011068C001102D
:10A7480068C0011068C0011068C0011068C001101D
:10A7580068C0011068C0011068C0011068C001100D
:10A7680068C001102AC101102AC101102AC10110B4
:10A778002AC101102AC101102AC101103C84041009
:10A788000000E100010200000000000000000003DA
:10A7980045D3011031D30110A4A70410407104104F
:10A7A8001700000002000000B4A70410921A00006D
:10A7B800C4A70410DA07000009000000EC760410B2
:10A7C80001D40110A47604100800080045D4011033
:10A7D80078030301000000007B0303010000000070
:10A7E8008A020202801A0600BF03020250C3000058
:10A7F8003C8404100000AC010102000000000000CD
:10A8080000030004F1DA011025D901101CA8041076
:10A8180038A8041091DA011029DB01105BDA011065
:10A82800FBDB0110BBDC0110DFDC011000000000C5
:10A83800407104106F0000000D00000048A80410CB
:10A84800CA15000050A90410AA1B000048A904104A
:10A858009204000040A90410B204000038A90410B2
:10A86800F20300002CA904102205000024A90410FA
:10A87800B21A000018A90410BA1A00000CA9041092
:10A888007A1F000000A904108A1F0000F4A8041011
:10A89800C21A0000C8A80410CA1A0000BCA80410F4
:10A8A800821F0000B0A80410A4760410FFFF030064
:10A8B800F1D70110A4760410FFFF0300A1D70110FF
:10A8C800A4760410FFFF030049D70110EF0102012D
:10A8D80000000000FB02020100000000FB01030170
:10A8E80000000000F201020208000000A476041033
:10A8F8000800060069D80110A476041008000600B4
:10A9080027D60110A476041008000600E1D501102E
:10A91800A47604100800060071D60110D47604103D
:10A9280091D50110A47604100600040031D5011059
:10A93800EC760410B3D90110EC7604108BD9011011
:10A94800EC760410F3D40110A4760410FFFF030082
:10A9580061D901105B00020000000000EF01020154
:10A9680000000000F201020207000000F3020302E7
:10A9780006000000F7020202080000007803030244
:10A98800060000007B030302060000009F0203008C
:10A9980006000000C403020030000000A00201000D
:10A9A800000000003C84041000005C01010200006B
:10A9B800000300000000000499E0011069E00110A4
:10A9C80031E00110D0A904104071041057000000B4
:10A9D8000A000000E0A90410321200004CAA04107A
:10A9E800F203000044AA0410220500003CAA041047
:10A9F8000A16000030AA04104A0B000003000000E9
:10AA0800520B0000050000007A0B0000090000004E
:10AA1800BA0B000011000000620B000021000000CA
:10AA28006A0B000041000000A4760410FFFF030039
:10AA3800A9DE0110D4760410BFE20110D476041008
:10AA480079E20110EC760410ADDF01104DDE011043
:10AA580075DE01107703030300000000F20303030F
:10AA6800000000007A030303000000000203020351
:10AA7800FFFFFFFF0B020203FFFFFFFF540002036B
:10AA8800FFFFFFFF4D030203FFFFFFFFAE020203BC
:10AA9800FFFFFFFF14020303000000000B02020384
:10AAA800FFFFFFFF89030203FFFFFFFF3C84041041
:10AAB80080015D01010200000000000000030004A5
:10AAC8009DF10110FDE60110D8AA0410E8AA0410AF
:10AAD80035E7011079E80110E7E5011000000000F2
:10AAE80040710410570000000A000000F8AA041082
:10AAF800CA1500006CAB0410F203000084A2041015
:10AB0800220500009CA204103212000064AB04105D
:10AB18000A1600005CAB04104A1C000048AB041085
:10AB28001A0D0000010000008A0D0000030000005B
:10AB3800520D0000030000000A0C00000100000094
:10AB4800F483041050AB0410A4760410FFFF010036
:10AB580049E60110D4760410D1E60110EC76041011
:10AB680071F10110A4760410FFFF03007BF10110BE
:10AB780080AB041008FF00003EE001484100015886
:10AB88003EF001584510014898AB041008FF00003A
:10AB98003EE80160410801703EF801704518016007
:10ABA800B0AB041008FF00002EE8016041080170F6
:10ABB8002EF8017045180160FFFF0001FFFFFFFF3D
:10ABC80000010203FFFFFFFFFFFF0001FFFF020379
:10ABD8000001020304050607F8AB04100400000096
:10ABE800F8AB041002000000F8AB041001000000EC
:10ABF8003C8404100000F302000100000000020081
:10AC080000000000D5F201107DF20110A4760410B6
:10AC1800060004002DF301108A020200FFFFFFFF67
:10AC28005C020202FFFFFFFF5B020202FFFFFFFF61
:10AC3800BD020202FFFFFFFF3C84041000009B01DD
:10AC480001020000000000000000000309F80110E4
:10AC5800E9F3011060AC0410407104102F000000EB
:10AC68000500000070AC0410CA150000C4AC041044
:10AC780032120000BCAC041052140000B0AC041036
:10AC8800E2120000A4AC0410DA12000098AC041020
:10AC9800A476041004000200F9F50110A47604104B
:10ACA80004000200B9F40110A476041004000200A4
:10ACB80041F70110EC76041001F40110A476041099
:10ACC800FFFF0300F5F701103C8404100000AB01FE
:10ACD80001000200000000000003000491F80110C8
:10ACE800C5F90110F4AC0410F8AC041099F901107E
:10ACF800407104101F0000000300000008AD04109C
:10AD08001205000030AD0410CA18000028AD041068
:10AD1800C218000020AD0410EC76041079F8011078
:10AD2800EC76041085F80110A476041004000200E3
:10AD3800FBF901100802020020A1070032030202F9
:10AD4800000000002C030202000000000B020202B7
:10AD580008000000810202020100000077030302DC
:10AD6800000000000703030200000000FE020302C7
:10AD78000000000008020200FFFFFFFF320302008C
:10AD8800FFFFFFFF2C030200FFFFFFFF810202020B
:10AD9800FFFFFFFF77030302000000000703030221
:10ADA80000000000FE020302000000003C840410C2
:10ADB8000000AD01010200000000000000030004D3
:10ADC80011FC0110D1FB0110D8AD0410E4AD041042
:10ADD80045FB01100000000039FB01104071041010
:10ADE8004700000008000000F4AD0410CA15000078
:10ADF80064AE0410321200005CAE0410EA030000D6
:10AE080050AE0410F203000044AE04102205000006
:10AE18003CAE04105A1F000034AE04102A0C000087
:10AE280003000000FA0B000001000000BC760410CB
:10AE3800F9FA0110D4760410D7FA0110A476041098
:10AE4800060004009DFA0110A47604100600040010
:10AE58005BFA0110EC7604102DFA0110A4760410A8
:10AE6800FFFF03000DFA011008020200FFFFFFFFB9
:10AE78000B020200FFFFFFFF25030300FFFFFFFF98
:10AE880096000200FFFFFFFFC60303020600000052
:10AE980072030302060000003C02030206000000E1
:10AEA8007003030206000000BF030202FFFFFFFF5A
:10AEB800C0030202FFFFFFFFBD020202FFFFFFFF08
:10AEC80086020202FFFFFFFFC8030202FFFFFFFF27
:10AED80074030202FFFFFFFF3C8404108001B601E7
:10AEE800010200000000000000030004C501021078
:10AEF80075FE011004AF041014AF041049050210C8
:10AF0800AB030210D9FD01100000000040710410CD
:10AF1800970000001200000024AF0410CA150000BA
:10AF2800E0AF041032120000D8AF04103A14000049
:10AF380034A20410EA030000A8A20410FA030000D7
:10AF48006CA20410F203000078A20410220500008D
:10AF580090A20410DA010000D0AF04104A1E0000CD
:10AF6800C8AF04100A1C0000C0AF04100A16000085
:10AF7800B4AF04102A0B000003000000220B0000ED
:10AF880005000000E207000003000000120D0000A9
:10AF9800050000008A0B000081000000B20B0000D1
:10AFA800410000005A0B000001040000A4760410C0
:10AFB800FFFF03007D020210EC7604108DFD0110E6
:10AFC800EC76041017FD0110EC76041097040210BB
:10AFD800EC76041081FD0110A4760410FFFF030035
:10AFE800B10102106D02021001FD01104118041098
:10AFF8006F280410F0440410E944041041180410A8
:10B00800B74C04109A4604104B02030100000000DC
:10B018004A020301000000004C0203010000000086
:10B028001B0303000600000068030300060000007D
:10B038003002030006000000F303030006000000CE
:10B0480040710410470000000800000058B00410C8
:10B058007A11000058B10410521D000084B1041088
:10B068004A0F000078B10410DA1C000064B1041023
:10B078001A1B000070B10410CA07000098B0041031
:10B08800C2070000E8B00410BA070000E8B00410D6
:10B098003C8404100000F9000000000000000000DB
:10B0A80000000001B0B00410407104102F0000002F
:10B0B80005000000C0B004107A160000010000006E
:10B0C8008213000001000000221D000003000000A0
:10B0D8005A12000048B1041052120000907F041068
:10B0E8003C8404100000F80000000000000000008C
:10B0F8000000000100B10410407104102F0000008E
:10B108000500000010B104107A16000005000000C8
:10B118008213000007000000221D00000B00000041
:10B128005A12000048B104105212000038B104103D
:10B1380030820410000000004B000000DED0041034
:10B1480030820410000000001200000029D1041011
:10B15800A4760410FFFF030055060210A47604101D
:10B16800060004001D080210EC760410F105021018
:10B17800A47604100400020005060210BC76041030
:10B18800890702103C8404100000BF010100000080
:10B198000003000000000002D506021048B00410A9
:10B1A8004D0702105B00020000000000BF03020010
:10B1B800881300003C8404100000C6010100000050
:10B1C80000000000000000027D080210D8B1041041
:10B1D800407104100F00000001000000E8B10410E5
:10B1E800DA130000F0B10410EC76041073080210B2
:10B1F800BCB10410F47A041004B2041040710410B5
:10B208005F0000000B00000014B20410BA00000038
:10B218004A140000DA080000C4B30410E208000071
:10B228006CB20410320C000001000000220C000077
:10B2380001000000020D000003000000BA0A00002F
:10B248000B000000C20A000005000000CA0A000046
:10B258000D000000120C0000070000001A0C00008E
:10B2680009000000A476041008000600DD0E021094
:10B2780040710410670000000C00000088B2041040
:10B28800EA13000068B30410F21300005CB3041062
:10B298007219000050B304106A15000044B304107A
:10B2A8001A1F000038B30410F21A00002CB304105F
:10B2B800EA16000020B30410F212000014B30410C0
:10B2C800A219000008B3041072100000FCB20410A8
:10B2D800CA1B0000F4B20410A21D0000E8B204105A
:10B2E800A47604100A0008001D0F0210BC76041092
:10B2F800CD0B0210A47604100C00080051170210A0
:10B30800A47604100C000A0099140210A476041004
:10B3180010000C0057130210A47604100C000C0047
:10B3280043120210A47604100E000C0075100210CF
:10B33800A47604100A000A008B0C0210A4760410EC
:10B348000A000A00B50C0210A476041008000600D2
:10B35800090D0210A47604100C000C00DF0C02107A
:10B36800D4760410650D021097090210BD09021069
:10B37800D7090210310A0210410A02104F0A0210BE
:10B38800F30A021021110210F30F0210D50802105F
:10B39800090902102F090210D50802100909021024
:10B3A8002F0902107F0A0210A50A0210BF0A021014
:10B3B8001F0B02102D0B0210C90F02103C84041041
:10B3C80000001B0101000000000000000200000353
:10B3D800B90E02100D0F021078B204100000000020
:10B3E800000000000000004F4F00000000070700A9
:10B3F80000070700147F7F14147F7F1400242E6B2E
:10B408006B3A1200006333180C66630000327F4DFC
:10B418004D777250000000040603010000001C3E36
:10B4280063410000000041633E1C0000082A3E1CE6
:10B438001C3E2A080008083E3E080800000080E07C
:10B448006000000000080808080808000000006004
:10B458006000000000406030180C0602003E7F4982
:10B46800457F3E000040447F7F40400000627351AA
:10B47800494F460000226349497F360000181814D6
:10B48800167F7F1000276745457D3900003E7F49BC
:10B49800497B3200000303797D07030000367F49AA
:10B4A800497F360000266F49497F3E00000000248E
:10B4B80024000000000080E46400000000081C363E
:10B4C8006341410000141414141414000041416332
:10B4D800361C080000020351590F0600003E7F4148
:10B4E8004D4F2E00007C7E0B0B7E7C00007F7F4939
:10B4F800497F3600003E7F4141632200007F7F4143
:10B50800633E1C00007F7F4949414100007F7F095D
:10B5180009010100003E7F41497B3A00007F7F0816
:10B52800087F7F000000417F7F41000000206041CC
:10B538007F3F0100007F7F1C36634100007F7F4012
:10B5480040404000007F7F060C067F7F007F7F0E13
:10B558001C7F7F00003E7F41417F3E00007F7F09C6
:10B56800090F0600001E3F21617F5E00007F7F19E2
:10B57800396F460000266F49497B32000001017F80
:10B588007F010100003F7F40407F3F00001F3F6078
:10B59800603F1F00007F7F3018307F7F0063771C7B
:10B5A8001C77630000070F78780F07000061715956
:10B5B8004D47430000007F7F414100000002060C18
:10B5C80018306040000041417F7F000000080C06F1
:10B5D800060C0800C0C0C0C0C0C0C0C00000010345
:10B5E8000604000000207454547C7800007F7F44D7
:10B5F800447C380000387C44446C280000387C4483
:10B60800447F7F0000387C54545C580000087E7FDB
:10B61800090302000098BCA4A4FC7C00007F7F04FE
:10B62800047C78000000007D7D0000000040C080A0
:10B6380080FD7D00007F7F30386C44000000417F32
:10B648007F400000007C7C1830187C7C007C7C04E7
:10B65800047C780000387C44447C380000FCFC24DE
:10B66800243C180000183C2424FCFC00007C7C04CA
:10B67800040C080000485C545474200004043F7F04
:10B6880044642000003C7C40407C3C00001C3C6042
:10B69800603C1C00001C7C3018307C1C00446C385A
:10B6A800386C4400009CBCA0A0FC7C00004464747E
:10B6B8005C4C44000008083E77414100000000FF50
:10B6C800FF000000004141773E0808000002030126
:10B6D80003020301AA55AA55AA55AA55F47A0410DB
:10B6E800ECB60410407104101F0100002300000094
:10B6F800FCB60410BA00000062170000B217000080
:10B70800F0AB0410A2170000E8AB0410AA17000061
:10B71800E0AB0410921E000048B80410AA1C0000F8
:10B72800BC6804108210000068B80410321B0000C6
:10B7380058B804103A1B000050B804107A150000DD
:10B7480060B80410521400003CB80410E21600005F
:10B7580030B804101212000024B804109A12000025
:10B768001CB804105A13000014B80410621000002A
:10B77800CCA704106A12000074D10410F21D000056
:10B7880014AC04105A0D0000D0AC0410620D000077
:10B79800F8A704106A0D0000B4AD04100A070000F1
:10B7A80084A70410DA0A000090D70410E20A000007
:10B7B800ACA90410EA0A0000B4AA0410DA0C0000CC
:10B7C80040AC04104A0D000058DA0410B20D000015
:10B7D800E0AE0410FA0D00008CB10410320E000027
:10B7E800BCB10410EA0C000030D904100A0D0000A6
:10B7F800A4D90410AA0D000008DB0410E20C000014
:10B80800030000003A0E000007000000EC76041068
:10B818008B18021004770410851A0210A4760410FD
:10B82800020000007B1A0210A47604100200000037
:10B83800711A0210A4760410040000009D1A021068
:10B8480004770410791802100477041063180210A2
:10B85800047704105D18021004770410911A02107E
:10B86800A476041002000000551B0210F47A04109C
:10B878007CB80410407104103F000000070000006D
:10B888008CB80410BA000000D2180000321B000067
:10B89800ECB804109A1A0000E4B80410AA1A0000C0
:10B8A800DCB80410621F0000D4B80410721F000036
:10B8B800CCB80410CA110000C4B80410EC76041007
:10B8C8005B1B0210D4760410EF1B0210D476041010
:10B8D8001B1C0210EC760410B31C0210EC7604104A
:10B8E800D91C0210EC760410371C0210F47A0410EC
:10B8F800FCB80410407104101F0000000300000091
:10B908000CB90410BA000000E20E00009A0D000005
:10B91800B0B90410920D000090B904109D1E0210D9
:10B92800611D0210EC760410E51E0210EC7604107E
:10B93800F51C0210407104102700000004000000EC
:10B948004CB904104219000088B904101A1A0000F2
:10B958007CB90410C203000074B90410020400008A
:10B968006CB90410D4760410B91D0210EC760410DA
:10B97800A91F0210A476041006000400351D021049
:10B98800EC760410EB1C02103C8404100001B20198
:10B99800010000000002000300000000D11D021099
:10B9A800151E021024B904103C8404100000B301D1
:10B9B8000100000000000000000000029D1D0210B0
:10B9C8003CB904101403010001000000F47A0410CB
:10B9D800DCB90410407104103700000006000000B4
:10B9E800ECB90410BA000000521000005215000013
:10B9F80044BA04107A1E00003CBA0410220F00005A
:10BA080034BA04103A10000028BA0410C211000019
:10BA18001CBA0410A476041004000200F71F0210D8
:10BA2800A4760410FFFF030029200210EC7604100E
:10BA38002D210210EC760410E9210210A4760410DE
:10BA480004000200FD210210F47A041058BA041010
:10BA580040710410170000000200000068BA0410CA
:10BA6800BA000000D21100009A0F000078BA041042
:10BA78003C8404100000F3010100000000000000F5
:10BA8800000000024523021094BA0410407104100B
:10BA98001700000002000000A4BA0410721300008E
:10BAA800C0BA04100A120000B4BA0410A476041034
:10BAB8000600040031230210A476041006000400D6
:10BAC8003B230210F47A0410D4BA04104071041015
:10BAD8003701000026000000E4BA0410BA00000094
:10BAE800521E0000421D000048BC04107A1C0000D1
:10BAF8003CBC0410820F000024BC0410E2100000BB
:10BB080014BC0410D21000001CBC04103A0C000035
:10BB180005000000E20B000001000000B207000071
:10BB280003000000120E000001000000DA0D000002
:10BB3800010000001A0B000001000010C20D0000F7
:10BB480001000020020B000001000030CA0D0000B7
:10BB5800010000400A0B000001000050D20D000057
:10BB680001000060120B0000010000709A0700003D
:10BB78000100008082070000010000908A07000091
:10BB8800010000A072070000010000B09207000049
:10BB9800010000C07A070000010000D0AA070000D9
:10BBA80023000000A20700002D000000BA080000D2
:10BBB800010000E0C2080000010000F03A0D00009A
:10BBC80001000030020E000001000020FA0A000007
:10BBD80001000050BA0D000001000040EA0B00000F
:10BBE80001000050E20D000001000040F20B0000CF
:10BBF80001000070EA0D000001000060C20C0000A6
:10BC0800010000406207000001000080D4760410A3
:10BC18002D240210D476041011240210EC7604109E
:10BC2800FD23021042624868496951712D2D2D2D5E
:10BC38002D2D6664A4760410040002006D270210FE
:10BC48003C8404100000A80301020005000304005E
:10BC58000600000031250210D52402102D2B0210F9
:10BC6800F127021071250210CD27021000000000F4
:10BC78006410B71DC8206E3BAC30D9269041DC76E5
:10BC8800F4516B6B5861B24D3C7105502083B8ED8F
:10BC980044930FF0E8A3D6D68CB361CBB0C2649BB3
:10BCA800D4D2D38678E20AA01CF2BDBD10111200CE
:10BCB800080709060A050B040C030D020E010F0004
:10BCC80018000100200002002800030030000400D2
:10BCD80038100500401007004820090050200D00CA
:10BCE800593011006930190079402100894031002C
:10BCF8009A504100BA506100DA608100FA60C100D0
:10BD08001B7101015B7181019B810102DB810103D0
:10BD18001C9201049C9201061CA301089CA3010C1F
:10BD28001DB401101DB501181DC601201DC7013025
:10BD380010D8014000D00160F47A041048BD041006
:10BD480040710410370000000600000058BD0410C0
:10BD5800BA00000022120000FA07000088BD041093
:10BD68006A07000001000000FA0C00000300000050
:10BD7800420E000005000000D20A00000700000083
:10BD88003C8404100000FF000100000000000000D7
:10BD980000020003B12B0210E8BD0410A8BD041076
:10BDA800407104103700000006000000B8BD041000
:10BDB800EA030000B4A20410F203000084A20410F5
:10BDC800FA0300006CA204103A0200005CA20410FE
:10BDD80062000000D46D04106A00000050A2041034
:10BDE800A1330210000000004D2C021000000000DA
:10BDF800F47A041000BE04104071041027000000FB
:10BE08000400000010BE0410BA0000000A1500006B
:10BE1800421C0000C8BE04103A1C00007CBE04107E
:10BE28009217000030BE04103C8404100000F20297
:10BE3800010000000000000000000002113602109E
:10BE48004CBE0410407104101700000002000000EE
:10BE58005CBE0410FA04000074BE04108A120000CC
:10BE68006CBE0410EC76041051360210D47604101F
:10BE7800E73502103C84041000008703010000002D
:10BE880000000000000000027735021098BE041080
:10BE9800407104101700000002000000A8BE041042
:10BEA800FA040000C0BE04108A120000B8BE0410D4
:10BEB800EC760410B7350210D47604104D35021014
:10BEC8003C8404100000880301000000000000000A
:10BED80000000002DF340210E4BE041040710410B8
:10BEE8001700000002000000F4BE0410FA0400006D
:10BEF8000CBF04108A12000004BF0410EC76041072
:10BF080023350210D4760410B5340210F47A0410E4
:10BF18001CBF04104071041027000000040000003A
:10BF28002CBF0410BA0000003A15000032150000BA
:10BF38005CBF04102A15000054BF0410221500002D
:10BF48004CBF0410EC76041045370210EC76041050
:10BF580065370210D4760410A13702108203030259
:10BF680006000000F47A041074BF04104071041035
:10BF78002F0000000500000084BF0410BA00000074
:10BF88008A160000BA120000C8BF0410C2120000CE
:10BF9800BCBF041002170000B4BF04100A17000049
:10BFA800ACBF0410EC760410C53B0210EC7604100C
:10BFB8009D380210A4760410FFFF03008938021090
:10BFC800A4760410FFFF050093380210F47A0410D9
:10BFD800DCBF041040710410B70000001600000018
:10BFE800ECBF0410BA000000EA1800006A1D000047
:10BFF80038C10410721E0000ACC00410CA1E000034
:10C008009CC004105A0400003200000022110000F5
:10C0180094C60410B21400008CC60410FA1600006E
:10C0280074C60410FA1700006CC60410020400005D
:10C0380064C604102A1B00005CC604106A1B0000BA
:10C0480054C604109A1E000064C60410EA1C0000BE
:10C058004CC60410021D000044C60410CA12000099
:10C06800F8C50410D2120000A4C004108215000004
:10C0780080C6041042180000B0C604106A1E0000F2
:10C08800A8C604101A0E0000BCC60410220E000038
:10C0980088C90410EC760410393C0210EC760410C0
:10C0A800653C021004770410FD3B02109C6E0410DE
:10C0B8000500000014C1041004C10410F4C00410E9
:10C0C800E4C00410D4C0041024C104103883041040
:10C0D800000000001D000000994804103883041077
:10C0E800000000003000000052460410388304109D
:10C0F8000000000006000000834604103883041086
:10C108000000000003000000392C041038830410DC
:10C118000000000003000000392C0410AF030000E9
:10C128001503000062030000DE030000EC020000BB
:10C1380004770410053C0210F47A041048C1041076
:10C1480040710410270000000400000058C10410CA
:10C15800BA0000007A1900007A1900008CC1041096
:10C16800321A000084C10410DA16000078C10410E5
:10C17800A4760410FFFF0100A53C02100477041008
:10C188009D3C0210A4760410FFFF0100953C0210AC
:10C19800A883041002000000B8C10410A8C104104C
:10C1A800388304100000000005000000BF4604109A
:10C1B8003883041000000000060000008A460410BE
:10C1C80038830410000000000A00000091460410A3
:10C1D8003883041000000000280000009C4604106A
:10C1E800F47A0410F0C10410407104104F000000EC
:10C1F8000900000000C20410BA0000005A1A00002A
:10C208008A00000048C20410C214000088C204104A
:10C21800F21B00007CC20410621A000070C20410F5
:10C22800521A000068C204102A11000060C20410EB
:10C238005A1A000058C20410821E000050C204108E
:10C2480004770410A93E0210D47604102F3D021082
:10C2580004770410C53E0210EC760410793E0210F3
:10C26800D4760410713D0210A47604100600020072
:10C278009B3D0210A476041002000000053E021047
:10C28800EC760410453E0210F47A041098C20410AB
:10C29800407104102F00000005000000A8C204101F
:10C2A800BA000000821A00006A110000D0C204100F
:10C2B8006A17000030C30410EA1B000024C30410EE
:10C2C8004A1D00000CC30410A476041004000200E8
:10C2D8008D44021040710410270000000400000083
:10C2E800ECC204106A17000030C30410EA1B0000F7
:10C2F80024C304108A04000018C304104A1D000057
:10C308000CC30410A47604100A0006005148021059
:10C31800A47604100600040081470210A4760410D5
:10C328000800040073470210A476041008000400F3
:10C33800654702103C8404100000ED020001000073
:10C3480000000000000000023140021058C3041031
:10C35800407104102F0000000500000068C304109D
:10C36800EA140000BCC30410F2140000B4C30410A3
:10C37800B21C0000A8C30410920400009CC304105F
:10C388007202000090C30410A47604100400020096
:10C3980023400210A4760410040002001740021083
:10C3A800A47604100400020005400210EC76041084
:10C3B8003D3F0210D4760410FD3E02103C84041068
:10C3C800000050030001000000000000000000020F
:10C3D80045400210DCC20410F47A0410E8C30410CB
:10C3E800407104103F00000007000000F8C304106B
:10C3F800BA000000021C0000021C0000C0C40410A7
:10C408009A19000030C40410B20C000003000000A8
:10C41800BA0C000009000000A20C00001100000086
:10C42800AA0C00002100000004770410394B021008
:10C438003C84041080003303000000000000000169
:10C44800000000023B4E021054C404104071041056
:10C458002F0000000500000064C40410FA1A000050
:10C46800B4C40410BA1E0000ACC4041022180000A2
:10C47800A4C404109A19000098C4041002160000FD
:10C488008CC40410A476041006000200134E021097
:10C49800A476041004000200AF4D0210BC7604100C
:10C4A800094B0210D4760410354A0210A476041001
:10C4B80006000400E34A0210A476041008000600EF
:10C4C8002D4C0210F47A0410D4C4041040710410E6
:10C4D800770000000E000000E4C40410BA00000059
:10C4E800E21D0000E2140000ACC5041012170000A1
:10C4F800ACC504100A180000A4C50410E21D000011
:10C508009CC50410EA1D000094C50410821C00009C
:10C518008CC504108A1C000084C50410921C0000FD
:10C528007CC50410D21D000074C50410DA1D00007B
:10C538006CC50410C21D000064C50410BA1D0000BB
:10C5480054C50410CA1D00005CC50410D47604103C
:10C558004D500210D4760410BD4E0210047704101A
:10C56800B54E0210047704109D4E02100477041093
:10C578001D500210EC7604100B500210EC760410DB
:10C58800F94F0210EC760410DD4F02100477041006
:10C59800BD4F021004770410C94F0210EC76041046
:10C5A8004D4F0210A476041002000000D94E02106C
:10C5B800F47A0410C0C50410407104102F00000064
:10C5C80005000000D0C50410BA000000021F0000DA
:10C5D80042180000B0C604106A1E0000A8C6041065
:10C5E8001A0E0000BCC60410220E000088C90410F0
:10C5F800A4760410040002008D5002107C0203018E
:10C608000600000002030300421A0000160202009E
:10C61800FFFFFFFF6D020300060000000100030199
:10C628000000000001000301000000005B0303029A
:10C638000E000000000303020E000000EC76041058
:10C6480025580210EC760410E5570210EC76041019
:10C65800CD570210D47604109D570210EC760410C2
:10C6680089570210EC7604104D570210A476041076
:10C678000200000019570210A476041002000000FE
:10C68800B95602100477041055530210EC760410C2
:10C6980071560210A4760410FFFF010045560210DF
:10C6A800EC760410B5520210A4760410FFFF0100C6
:10C6B800A55402103C8404100000C30101000000CE
:10C6C8000000000000020003815E0210DCC60410B6
:10C6D800E0C60410555B0210407104106F000000A2
:10C6E8000D000000F0C6041002180000B4C70410C2
:10C6F800B2030000CCC7041082150000A8C70410BC
:10C70800FA17000088C704106A1B000098C70410B5
:10C718002211000080C70410B214000078C704106A
:10C7280002040000A0C704102A1B000090C70410D0
:10C73800EA1C000070C70410021D000068C704103E
:10C748004218000060C704106A1E000058C7041091
:10C75800EC760410995A0210BC7604109D5A021007
:10C76800D4760410FD5A0210D47604107D5B0210B2
:10C77800EC760410055D0210D47604102D5D0210CD
:10C78800D4760410555D0210BC760410A15C02102A
:10C79800D4760410FB5C0210D4760410F15C02100D
:10C7A800A4760410040002007D5D0210F4830410D6
:10C7B800BCC70410EC760410DD5E0210030405000B
:10C7C80000010000BC760410F56002103C840410DF
:10C7D8008001B40100010000000000000002000315
:10C7E800D5600210F4C7041034C80410B1600210F8
:10C7F8008160021015600210010000003C840410E2
:10C80800800119010001000000000000000200037F
:10C81800D560021024C8041034C80410B160021096
:10C8280081600210156002100000000040710410C1
:10C83800670000000C00000044C80410EA03000070
:10C84800B4A20410F203000084A20410FA0300004A
:10C858006CA20410D21A000064A204102205000081
:10C868009CA204103A14000034A204103A020000FA
:10C878005CA20410FA1B000044A204109A1D0000D8
:10C888003CA20410820E00005CA2041062000000AA
:10C89800D46D04106A00000050A2041000050510B1
:10C8A8000202160D11161E1313130505050C181692
:10C8B8003C8404108001B401000100000000000065
:10C8C8000002000341630210D8C8041018C90410FC
:10C8D8006963021099630210D96302100100000015
:10C8E8003C840410800119010001000000000000D0
:10C8F800000200034163021008C9041018C904109B
:10C908006963021099630210D963021000000000E5
:10C9180040710410670000000C00000028C90410D2
:10C92800EA030000B4A20410F203000084A2041079
:10C93800FA0300006CA20410D21A000064A20410CA
:10C94800220500009CA204103A14000034A204102E
:10C958003A0200005CA20410FA1B000044A2041072
:10C968009A1D00003CA20410820E00005CA2041074
:10C9780062000000D46D04106A00000050A2041088
:10C988003C8404100000C401010000000000000005
:10C998000002000395650210A8C90410ACC9041070
:10C9A800F5680210407104106F0000000D000000CF
:10C9B800BCC904100218000088CA0410B2030000A1
:10C9C80080CA04108215000074CA0410FA17000007
:10C9D80054CA04106A1B000064CA04102211000023
:10C9E8004CCA0410B214000044CA04100204000027
:10C9F8006CCA04102A1B00005CCA0410EA1C000060
:10CA08003CCA0410021D000034CA04104218000079
:10CA18002CCA04106A1E000024CA0410EC76041004
:10CA2800B3610210BC760410BF610210D476041002
:10CA3800D5610210D476041035660210EC76041025
:10CA480035620210D476041073670210D47604108D
:10CA58005F680210BC760410ED660210D4760410EC
:10CA68006B670210D47604104B670210A47604108A
:10CA78000400020081680210BC76041035690210B7
:10CA8800F483041090CA0410A4760410FFFF010078
:10CA98005565021001000301000000005C0302025A
:10CAA800200000003903020220000000E802020210
:10CAB800200000000E03010201000000FFFFFFFF3D
:10CAC800FFFFFFFFFFFFFFFFFFFFFFFF0100000069
:10CAD80001000000000000006410B71DC8206E3B74
:10CAE800AC30D9269041DC76F4516B6B5861B24D6D
:10CAF8003C7105502083B8ED44930FF0E8A3D6D6D7
:10CB08008CB361CBB0C2649BD4D2D38678E20AA03E
:10CB18001CF2BDBD0100040010004000000100022D
:10CB280000000100020004000800100020000000BE
:10CB3800809A45418E418F804545454949498E8FA8
:10CB48009092924F994F555559999A9B9C9D9E9FAB
:10CB580041494F55A5A5A6A7A8A9AAABACADAEAFAC
:10CB6800B0B1B2B3B4B5B6B7B8B9BABBBCBDBEBF45
:10CB7800C0C1C2C3C4C5C6C7C8C9CACBCCCDCECF35
:10CB8800D0D1D2D3D4D5D6D7D8D9DADBDCDDDEDF25
:10CB9800E0E1E2E3E4E5E6E7E8E9EAEBECEDEEEF15
:10CBA800F0F1F2F3F4F5F6F7F8F9FAFBFCFDFEFF05
:10CBB80001030507090E10121416181C1E007D1D0E
:10CBC8000100632C001E9601A01E5A01001F0806D2
:10CBD800101F0606201F0806301F0806401F0606FD
:10CBE800511F0700591F521F5B1F541F5D1F561FFF
:10CBF8005F1F601F0806701F0E00BA1FBB1FC81FEB
:10CC0800C91FCA1FCB1FDA1FDB1FF81FF91FEA1F36
:10CC1800EB1FFA1FFB1F801F0806901F0806A01FA6
:10CC28000806B01F0400B81FB91FB21FBC1FCC1FD5
:10CC38000100C31FD01F0206E01F0206E51F010006
:10CC4800EC1FF31F0100FC1F4E210100322170214F
:10CC58001002842101008321D0241A05302C2F04CE
:10CC6800602C0201672C0601752C0201802C6401DE
:10CC7800002D260841FF1A03000061001A03E00096
:10CC88001703F8000703FF000100780100013001D5
:10CC980032010601390110014A012E01790106010C
:10CCA80080014D00430281018201820184018401D7
:10CCB80086018701870189018A018B018B018D011A
:10CCC8008E018F0190019101910193019401F60168
:10CCD80096019701980198013D029B019C019D01D5
:10CCE80020029F01A001A001A201A201A401A401A8
:10CCF800A601A701A701A901AA01AB01AC01AC01DA
:10CD0800AE01AF01AF01B101B201B301B301B50189
:10CD1800B501B701B801B801BA01BB01BC01BC013A
:10CD2800BE01F701C001C101C201C301C401C501AF
:10CD3800C401C701C801C701CA01CB01CA01CD019D
:10CD48001001DD0101008E01DE011201F301030073
:10CD5800F101F401F401F8012801220212013A025A
:10CD68000900652C3B023B023D02662C3F02400253
:10CD78004102410246020A01530240008101860134
:10CD8800550289018A0158028F015A0290015C02FA
:10CD98005D025E025F029301610262029401640215
:10CDA800650266026702970196016A02622C6C02AC
:10CDB8006D026E029C01700271029D017302740281
:10CDC8009F0176027702780279027A027B027C025E
:10CDD800642C7E027F02A60181028202A9018402DC
:10CDE800850286028702AE014402B101B201450202
:10CDF8008D028E028F0290029102B7017B0303001D
:10CE0800FD03FE03FF03AC030400860388038903C4
:10CE18008A03B1031103C2030200A303A303C403DB
:10CE28000803CC0303008C038E038F03D803180177
:10CE3800F2030A00F903F303F403F503F603F70317
:10CE4800F703F903FA03FA03300420035004100728
:10CE5800600422018A043601C1040E01CF040100D6
:10CE6800C004D0044401610526040000C700FC008A
:10CE7800E900E200E400E000E500E700EA00EB007A
:10CE8800E800EF00EE00EC00C400C500C900E600B1
:10CE9800C600F400F600F200FB00F900FF00D6001F
:10CEA800DC00A200A300A500A7209201E100ED008C
:10CEB800F300FA00F100D100AA00BA00BF00102365
:10CEC800AC00BD00BC00A100AB00BB0091259225C1
:10CED8009325022524256125622556255525632598
:10CEE800512557255D255C255B25102514253425FE
:10CEF8002C251C2500253C255E255F255A25542513
:10CF080069256625602550256C25672568256425D3
:10CF1800652559255825522553256B256A25182539
:10CF28000C25882584258C2590258025B103DF00D4
:10CF38009303C003A303C303B500C403A603980364
:10CF4800A903B4031E22C603B50329226122B10036
:10CF58006522642220232123F7004822B0001922E9
:10CF6800B7001A227F20B200A025A0003C8404103C
:10CF78000000C102000001000000000000000002E3
:10CF8800E7CF021090CF0410407104101700000082
:10CF980002000000A0CF04101A140000BCCF041037
:10CFA800221E0000B0CF0410A47604100400020072
:10CFB8000BCF0210EC760410F9CE02109F0203008A
:10CFC80006000000C403020000000000A0020100E7
:10CFD80000000000520000003C8404108001190188
:10CFE80000010000000000000002000315D6021036
:10CFF80000D0041058D00410D5D50210C9D502109D
:10D00800ADD502100000000028D004100200000076
:10D0180028D004100100000028D0041000000000EF
:10D028003C8404108001B4010001000000000000ED
:10D038000002000315D6021048D0041058D004107E
:10D0480035D60210EFD50210ADD502100100000050
:10D05800407104104F0000000900000068D004105F
:10D06800AA100000B0D00410EA030000B4A2041013
:10D07800F203000084A20410FA0300006CA204105A
:10D08800D21A000064A20410220500009CA2041019
:10D098003A020000D46D041062000000D46D041040
:10D0A8006A00000050A20410E0CF04100000000045
:10D0B8001F1E1F1E1F1F1E1F1E1F1F1D00001F00DB
:10D0C8003B005A0078009700B500D400F300110126
:10D0D80030014E016D0109024B00020100807D08FC
:10D0E8000B00020202000009040000010202000411
:10D0F800052400200105240100010424020605245A
:10D108000600010705810308000109040100020A5D
:10D1180000000007050202400000070582024000E7
:10D128000012010002EF0201408A2E0500000101F1
:10D138000203010000000000A1DB02100000000053
:10D1480049DC0210D1DE021081DC0210D9DB0210AA
:10D158000000000000000000060008040C020A0697
:10D168000E0109050D030B070F000000D47604100B
:10D1780065E2021057656C636F6D6520746F204D12
:10D188006963726F507974686F6E210A0A466F720C
:10D19800206F6E6C696E6520646F637320706C65B8
:10D1A80061736520766973697420687474703A2FA6
:10D1B8002F646F63732E6D6963726F707974686F13
:10D1C8006E2E6F72672F0A0A466F7220616363655D
:10D1D800737320746F207468652068617264776166
:10D1E8007265207573652074686520276D616368B2
:10D1F800696E6527206D6F64756C652E202052500E
:10D208003220737065636966696320636F6D6D6151
:10D218006E64730A61726520696E207468652027E0
:10D2280072703227206D6F64756C652E0A0A51750D
:10D2380069636B206F76657276696577206F662003
:10D24800736F6D65206F626A656374733A0A202094
:10D258006D616368696E652E50696E2870696E2904
:10D26800202D2D2067657420612070696E2C206543
:10D2780067206D616368696E652E50696E28302974
:10D288000A20206D616368696E652E50696E28708A
:10D29800696E2C206D2C205B705D29202D2D206758
:10D2A800657420612070696E20616E6420636F6E02
:10D2B80066696775726520697420666F7220494FC8
:10D2C800206D6F6465206D2C2070756C6C206D6FFF
:10D2D800646520700A202020206D6574686F64736F
:10D2E8003A20696E6974282E2E292C2076616C7577
:10D2F80065285B765D292C206869676828292C20B9
:10D308006C6F7728292C206972712868616E646CAB
:10D318006572290A20206D616368696E652E414433
:10D32800432870696E29202D2D206D616B65206161
:10D338006E20616E616C6F67206F626A656374202E
:10D3480066726F6D20612070696E0A202020206D42
:10D358006574686F64733A20726561645F7531360D
:10D3680028290A20206D616368696E652E50574D23
:10D378002870696E29202D2D206D616B6520612034
:10D3880050574D206F626A6563742066726F6D2016
:10D39800612070696E0A202020206D6574686F64B2
:10D3A800733A206465696E697428292C2066726551
:10D3B80071285B665D292C20647574795F75313638
:10D3C800285B645D292C20647574795F6E73285B13
:10D3D800645D290A20206D616368696E652E493293
:10D3E8004328696429202D2D2063726561746520A6
:10D3F800616E20493243206F626A65637420286930
:10D40800643D302C31290A202020206D6574686F16
:10D4180064733A207265616466726F6D2861646432
:10D42800722C206275662C2073746F703D5472756F
:10D4380065292C207772697465746F286164647239
:10D448002C206275662C2073746F703D547275655C
:10D45800290A20202020202020202020202020727F
:10D4680065616466726F6D5F6D656D286164647275
:10D478002C206D656D616464722C20617267292CA3
:10D48800207772697465746F5F6D656D2861646477
:10D49800722C206D656D616464722C20617267293D
:10D4A8000A20206D616368696E652E5350492869AA
:10D4B800642C2062617564726174653D313030306E
:10D4C80030303029202D2D2063726561746520610C
:10D4D8006E20535049206F626A656374202869641E
:10D4E8003D302C31290A202020206D6574686F6436
:10D4F800733A2072656164286E62797465732C20B2
:10D5080077726974653D30783030292C20777269DC
:10D51800746528627566292C2077726974655F7254
:10D52800656164696E746F2877725F6275662C2016
:10D5380072645F627566290A20206D616368696E8E
:10D54800652E54696D657228667265712C20636159
:10D558006C6C6261636B29202D2D20637265617488
:10D5680065206120736F6674776172652074696DD8
:10D578006572206F626A6563740A202020206567DF
:10D588003A206D616368696E652E54696D6572280D
:10D59800667265713D312C2063616C6C6261636BEE
:10D5A8003D6C616D62646120743A7072696E7428B2
:10D5B8007429290A0A50696E7320617265206E7594
:10D5C8006D626572656420302D32392C20616E647D
:10D5D8002032362D32392068617665204144432057
:10D5E8006361706162696C69746965730A50696E18
:10D5F80020494F206D6F646573206172653A205031
:10D60800696E2E494E2C2050696E2E4F55542C2091
:10D6180050696E2E414C540A50696E2070756C6CBE
:10D62800206D6F646573206172653A2050696E2EB3
:10D6380050554C4C5F55502C2050696E2E50554C0F
:10D648004C5F444F574E0A0A55736566756C2063E4
:10D658006F6E74726F6C20636F6D6D616E64733A78
:10D668000A20204354524C2D43202D2D20696E74DE
:10D6780065727275707420612072756E6E696E675E
:10D688002070726F6772616D0A20204354524C2DCE
:10D6980044202D2D206F6E206120626C616E6B20FE
:10D6A8006C696E652C20646F206120736F6674202E
:10D6B8007265736574206F662074686520626F6197
:10D6C80072640A20204354524C2D45202D2D206F82
:10D6D8006E206120626C616E6B206C696E652C2017
:10D6E800656E746572207061737465206D6F646512
:10D6F8000A0A466F722066757274686572206865DA
:10D708006C70206F6E206120737065636966696351
:10D71800206F626A6563742C20747970652068656F
:10D728006C70286F626A290A466F722061206C69E2
:10D738007374206F6620617661696C61626C652024
:10D748006D6F64756C65732C2074797065206865DD
:10D758006C7028276D6F64756C657327290A000043
:10D768005B000200000000008A020200801A060026
:10D7780078030302060000007B0303020600000092
:10D78800BF03020250C300003C84041000005B0188
:10D79800010200000000000000030004A1E40210E0
:10D7A80095E50210B4D7041038A804100000000052
:10D7B8000000000000000000000000000000000061
:10D7C8009BDD0110D9E502109F020300060000004E
:10D7D800C40302000C000000A002010000000000C9
:10D7E8004DE8021040710410DF0000001B0000002B
:10D7F800FCD70410CA15000004D904101205000053
:10D80800F8D804104A170000F0D804105A15000080
:10D81800E8D80410C2180000F0D80410CA18000094
:10D82800E8D80410121E0000E0D804100A16000000
:10D83800D4D804107A10000060D90410BA1100007E
:10D8480078D90410F20A000001000000620C000000
:10D85800030000005A0C0000050000001207000039
:10D8680007000000D20C000003000000CA0C0000F2
:10D8780005000000820B000011000000720B000080
:10D88800090000004A0700000300000052070000DA
:10D898000500000022070000070000003A0700000A
:10D8A80009000000420700000B0000002A070000E2
:10D8B8000D000000320700000F0000001A070000EA
:10D8C800110000005A07000013000000A47604109D
:10D8D800FFFF03002DED0210EC76041091E8021012
:10D8E800EC7604100DE70210EC760410DDE6021069
:10D8F800A47604100400020039E90210A47604108A
:10D90800FFFF0300F5EA021002030300060000000F
:10D918004103030006000000A20003020600000005
:10D92800F8010202050000003C84041000009D017B
:10D93800010203000000000000040005A9EC021029
:10D948002DEB0210C9E80210E8D70410ECD7041038
:10D95800C9E702103DE702103C84041000000F02E2
:10D9680000000000000000000000000168E1041051
:10D978003C84041000003702000000000000000092
:10D988000000000168E004103C84041000009E01BF
:10D998000000000000000000000000003C840410AB
:10D9A8000000A101010000000000000000000002CA
:10D9B80071EE0210C0D90410407104100F0000006D
:10D9C80001000000D0D90410FA110000D8D90410C1
:10D9D800A47604100400020087ED0210A4D90410F4
:10D9E80008020202FFFFFFFF32030202FFFFFFFFF0
:10D9F8002C030202FFFFFFFF0B020202FFFFFFFFE3
:10DA080081020202FFFFFFFF5B000200000000002E
:10DA18000802020040420F00320302020000000028
:10DA28002C030202000000000B02020208000000A2
:10DA380081020202010000007703030206000000D1
:10DA48000703030206000000FE020302FFFFFFFFB8
:10DA58003C8404100000A90101020000000000003D
:10DA680004030005DDF00210CDEE021080DA041088
:10DA7800B9EE0210E4AD04101DEF02100000000022
:10DA8800D9EF021002030202010000001E02030285
:10DA9800060000002A030202FFFFFFFFB60302028E
:10DAA800E80300008A02030206000000A002010247
:10DAB80000000000407104102F0000000500000065
:10DAC800CCDA0410820E0000F4DA0410CA15000043
:10DAD800FCDA041032120000F4DA0410520C0000D0
:10DAE80001000000820C000003000000EC76041026
:10DAF80071F20210A4760410FFFF0300BDF30210B8
:10DB08003C8404100000B501010200000000000080
:10DB180000000003E9F30210B5F20210BCDA0410A9
:10DB28000600525053B4F4A1354B0410060052506D
:10DB380053B4F4A13E4B04100A00525053B4F4A15C
:10DB480006004D5019D7994A4D4B04100600525003
:10DB58003ABCA9115C4B0410F47A041068DB041079
:10DB680040710410370000000600000078DB041044
:10DB7800BA000000721B0000D2080000C0DB0410CD
:10DB88008A0C0000A8DD0410720D0000C8DC041027
:10DB9800F20700002CDF04108A100000A8DB041034
:10DBA80004770410E9F5021092000202FFFFFFFF5C
:10DBB8006B000202FFFFFFFF3C84041000001A0103
:10DBC80001000000000000000200000315FC021024
:10DBD80091FC0210E0DB0410407104101F000000EB
:10DBE80003000000F0DB0410A21A00001CDC041083
:10DBF8006A1F000010DC0410FA15000008DC04108D
:10DC0800BC7604100DFB0210A47604100800060070
:10DC180069FB0210A476041008000600CFFB02106E
:10DC280007004D506C49041000000A10000016004F
:10DC380000000000030000009F020300060000002F
:10DC4800C403020001000000A0020100000000005F
:10DC58009F02030006000000C4030200000F00003A
:10DC6800A0020100000000003803030100000000CA
:10DC78008A020200FFFFFFFFB30203020600000052
:10DC88001E030302060000008403030206000000CE
:10DC9800D0020302060000008A0303020600000007
:10DCA800B4020302060000001F030302060000007E
:10DCB80044030302060000004203030206000000BA
:10DCC8003C8404100000AE010102000000000000C6
:10DCD8000300000451070310AD00031087FD021074
:10DCE800ECDC0410407104104F0000000900000033
:10DCF800FCDC0410CA15000094DD04104A0F000073
:10DD080088DD04104A1B000080DD04108A02000030
:10DD180078DD0410B20200006CDD04102A1A00003D
:10DD280060DD04109A1B000058DD04103A1E000044
:10DD380050DD04100A16000044DD0410A476041017
:10DD4800FFFF0300AD080310EC76041071FD02100C
:10DD5800EC76041059FD0210A476041006000400A5
:10DD6800F5000310A47604100600020095010310C4
:10DD7800D47604103D020310EC76041029FD02103D
:10DD8800A476041004000200B9020310A47604105B
:10DD9800FFFF03003D07031099FE0210A9FD0210C2
:10DDA8003C84041000009101010200000000000002
:10DDB80000000003BD00031091000310C8DD04102B
:10DDC800407104108F00000011000000D8DD04101D
:10DDD8005A0F000084DE0410221B000078DE0410B5
:10DDE800FA1C00006CDE04100A16000060DE041045
:10DDF8003A0B000001000000320B00000300000095
:10DE0800720C0000050000006A0C0000070000000A
:10DE18002A0D000001000000320D00000300000080
:10DE2800C20B000001000000D20B0000030000003C
:10DE3800CA0B000005000000920B00000102000060
:10DE48009A0B000001040000A20B0000010800006A
:10DE5800AA0B000001100000A4760410FFFF0300C5
:10DE6800F1070310A4760410FFFF0500ED06031068
:10DE7800A47604100400020081030310D476041071
:10DE8800A1FF02105DFE0210FDFC0210C8DC0410A8
:10DE98000000205007000000C8DC041000002050DB
:10DEA80007010100C8DC041000002050070202002E
:10DEB800C8DC04100000205007030300C8DC04106D
:10DEC8000000305009000400C8DC04100000305085
:10DED80009010500C8DC04100000305009020600E2
:10DEE800C8DC041000003050090307007D0003025D
:10DEF80000000000A4000302000000004A00030222
:10DF0800000000003B02030200000000C4030102FD
:10DF1800000000009F02030006000000A0020100AC
:10DF2800000000003C8404100000FE000102000014
:10DF38000003000000000004350C0310250C03103A
:10DF4800E50C031050DF0410407104103F0000007E
:10DF58000700000060DF04107A110000D4DF04100D
:10DF68004A0F0000C8DF04100A160000A0DF0410E2
:10DF78003A02000098DF0410820E000098DF0410B7
:10DF88001A190000BCDF0410AA1E0000ACDF041040
:10DF9800EC760410290E0310A4760410FFFF03008A
:10DFA8005D0B0310F4830410B4DF0410EC76041046
:10DFB800390A0310A4760410FFFF0300A50A031012
:10DFC800A476041004000200990F0310A47604102C
:10DFD800FFFF0300990E0310ED0D0310A50C0310AD
:10DFE8006A02000020000000AC02000021000000CE
:10DFF8008E03000042000000B5020000240000006B
:10E00800B6020000250000006C0300008600000036
:10E018006B0300002A000000220200008B000000B1
:10E02800C3030000CF000000C2020000350000005A
:10E0380013020000360000009403000037000000BF
:10E048001802000038010000EA0300003D0000004B
:10E05800510300003E000000F40100003F010000F1
:10E0680040710410F70000001E00000078E0041062
:10E07800CA09000058E20410D209000064E2041042
:10E088002A0A000070E20410820A00007CE20410F0
:10E098008A0A000088E20410920A000094E2041040
:10E0A8009A0A0000A0E20410A20A0000ACE20410E0
:10E0B800AA0A0000B8E20410B20A0000C4E2041080
:10E0C800DA090000D0E20410E2090000DCE20410E2
:10E0D800EA090000E8E20410F2090000F4E2041082
:10E0E800FA09000000E30410020A00000CE304101F
:10E0F8000A0A000018E30410120A000024E30410BE
:10E108001A0A000030E30410220A00003CE304105D
:10E11800320A000048E304103A0A000054E30410ED
:10E12800420A000060E304104A0A00006CE304108D
:10E13800520A000078E304105A0A000084E304102D
:10E14800620A000090E304106A0A00009CE30410CD
:10E15800720A0000A8E304107A0A0000B4E304106D
:10E1680040710410E70000001C00000078E1041072
:10E17800EA08000058E20410F208000064E2041003
:10E188004A09000070E204108A0900007CE20410C9
:10E198009209000088E204109A09000094E2041031
:10E1A800A2090000A0E20410AA090000ACE20410D1
:10E1B800B2090000B8E20410BA090000C4E2041071
:10E1C800FA080000D0E2041002090000DCE20410A2
:10E1D8000A090000E8E2041012090000F4E2041041
:10E1E8001A09000000E30410220900000CE30410DF
:10E1F8002A09000018E304103209000024E304107F
:10E208003A09000030E30410420900003CE304101E
:10E218005209000048E304105A09000054E30410AE
:10E228006209000060E304106A09000084E3041036
:10E23800DA0B000084E304107209000090E3041074
:10E248007A0900009CE3041082090000A8E3041086
:10E2580030D904103901000830EB041030D904100B
:10E268003A010108F0EA041030D904104501020807
:10E27800B0EA041030D904105001030870EA041001
:10E2880030D904105101040830EA041030D90410C0
:10E2980052010508F0E9041030D9041053010608AA
:10E2A800B0E9041030D904105401070870E90410CB
:10E2B80030D904105501080830E9041030D9041089
:10E2C80056010908F0E8041030D904103B010A0887
:10E2D800B0E8041030D904103C010B0870E80410B1
:10E2E80030D904103D010C0830E8041030D904106E
:10E2F8003E010D08F0E7041030D904103F010E0864
:10E30800B0E7041030D9041040010F0870E704107A
:10E3180030D904104101100830E7041030D9041036
:10E3280042011108F0E6041030D904104301120824
:10E33800B0E6041030D904104401130870E6041044
:10E3480030D904104601140928E6041030D9041005
:10E3580047011509E0E5041030D9041048011609F1
:10E3680098E5041030D904104901170950E5041044
:10E3780030D904104A01180908E5041030D90410EE
:10E388004B011909C0E4041030D904104C011A08D3
:10E3980080E4041030D904104D011B0840E4041037
:10E3A80030D904104E011C0800E4041030D90410C0
:10E3B8004F011D08C0E3041090D90410A9011101F0
:10E3C80090D90410B601220090D904105B013300E3
:10E3D80090D904109B01440690D90410A801550057
:10E3E80090D904109201660090D904109301770126
:10E3F80090D90410BE01990090D90410A901110107
:10E4080090D90410B601220090D904105B013300A2
:10E4180090D904109B01440690D90410A801550016
:10E4280090D904109201660090D9041093017701E5
:10E4380090D90410BE01990090D90410A9011101C6
:10E4480090D90410B601220190D904105B01330160
:10E4580090D904109B01440590D90410A8015500D7
:10E4680090D904109201660090D9041093017701A5
:10E4780090D90410BE01990090D90410A901110186
:10E4880090D90410B601220190D904105B01330120
:10E4980090D904109B01440590D90410A801550097
:10E4A80090D904109201660090D904109301770165
:10E4B80090D90410BE01990090D90410A901110146
:10E4C80090D90410B601220190D904105B013300E1
:10E4D80090D904109B01440490D90410A801550058
:10E4E80090D904109201660090D904109301770125
:10E4F80090D904103801880090D90410BE01990001
:10E5080090D90410A901110190D90410B601220173
:10E5180090D904105B01330090D904109B01440486
:10E5280090D90410A801550090D9041092016600F2
:10E5380090D904109301770190D90410380188000C
:10E5480090D90410BE01990090D90410A9011100B6
:10E5580090D90410B601220190D904105B0133014F
:10E5680090D904109B01440390D90410A8015500C8
:10E5780090D904109201660090D904109301770194
:10E5880090D904103801880090D90410BE01990070
:10E5980090D90410A901110090D90410B6012201E4
:10E5A80090D904105B01330190D904109B014403F6
:10E5B80090D90410A801550090D904109201660062
:10E5C80090D904109301770190D90410380188007C
:10E5D80090D90410BE01990090D90410A901110026
:10E5E80090D90410B601220190D904105B013300C0
:10E5F80090D904109B01440290D90410A801550039
:10E6080090D904109201660090D904109301770103
:10E6180090D904103801880090D90410BE019900DF
:10E6280090D90410A901110090D90410B601220153
:10E6380090D904105B01330090D904109B01440267
:10E6480090D90410A801550090D9041092016600D1
:10E6580090D904109301770190D9041038018800EB
:10E6680090D90410BE01990090D90410A901110095
:10E6780090D90410B601220090D904105B0133012F
:10E6880090D904109B01440190D90410A8015500A9
:10E6980090D904109201660090D904109301770173
:10E6A80090D90410BE01990090D90410A901110055
:10E6B80090D90410B601220090D904105B013301EF
:10E6C80090D904109B01440190D90410A801550069
:10E6D80090D904109201660090D904109301770133
:10E6E80090D90410BE01990090D90410A901110015
:10E6F80090D90410B601220090D904105B013300B0
:10E7080090D904109B01440090D90410A801550029
:10E7180090D904109201660090D9041093017701F2
:10E7280090D90410BE01990090D90410A9011100D4
:10E7380090D90410B601220090D904105B0133006F
:10E7480090D904109B01440090D90410A8015500E9
:10E7580090D904109201660090D9041093017701B2
:10E7680090D90410BE01990090D90410A901110193
:10E7780090D90410B601220090D904105B0133012E
:10E7880090D904109B01440790D90410A8015500A2
:10E7980090D904109201660090D904109301770172
:10E7A80090D90410BE01990090D90410A901110153
:10E7B80090D90410B601220090D904105B013301EE
:10E7C80090D904109B01440790D90410A801550062
:10E7D80090D904109201660090D904109301770132
:10E7E80090D90410BE01990090D90410A901110113
:10E7F80090D90410B601220090D904105B013300AF
:10E8080090D904109B01440690D90410A801550022
:10E8180090D904109201660090D9041093017701F1
:10E8280090D90410BE01990090D90410A9011101D2
:10E8380090D90410B601220090D904105B0133006E
:10E8480090D904109B01440690D90410A8015500E2
:10E8580090D904109201660090D9041093017701B1
:10E8680090D90410BE01990090D90410A901110192
:10E8780090D90410B601220190D904105B0133012C
:10E8880090D904109B01440590D90410A8015500A3
:10E8980090D904109201660090D904109301770171
:10E8A80090D90410BE01990090D90410A901110152
:10E8B80090D90410B601220190D904105B013301EC
:10E8C80090D904109B01440590D90410A801550063
:10E8D80090D904109201660090D904109301770131
:10E8E80090D90410BE01990090D90410A901110112
:10E8F80090D90410B601220190D904105B013300AD
:10E9080090D904109B01440490D90410A801550023
:10E9180090D904109201660090D9041093017701F0
:10E9280090D90410BE01990090D90410A9011101D1
:10E9380090D90410B601220190D904105B0133006C
:10E9480090D904109B01440490D90410A8015500E3
:10E9580090D904109201660090D9041093017701B0
:10E9680090D90410BE01990090D90410A901110092
:10E9780090D90410B601220190D904105B0133012B
:10E9880090D904109B01440390D90410A8015500A4
:10E9980090D904109201660090D904109301770170
:10E9A80090D90410BE01990090D90410A901110052
:10E9B80090D90410B601220190D904105B013301EB
:10E9C80090D904109B01440390D90410A801550064
:10E9D80090D904109201660090D904109301770130
:10E9E80090D90410BE01990090D90410A901110012
:10E9F80090D90410B601220190D904105B013300AC
:10EA080090D904109B01440290D90410A801550024
:10EA180090D904109201660090D9041093017701EF
:10EA280090D90410BE01990090D90410A9011100D1
:10EA380090D90410B601220190D904105B0133006B
:10EA480090D904109B01440290D90410A8015500E4
:10EA580090D904109201660090D9041093017701AF
:10EA680090D90410BE01990090D90410A901110091
:10EA780090D90410B601220090D904105B0133012B
:10EA880090D904109B01440190D90410A8015500A5
:10EA980090D904109201660090D90410930177016F
:10EAA80090D90410BE01990090D90410A901110051
:10EAB80090D90410B601220090D904105B013301EB
:10EAC80090D904109B01440190D90410A801550065
:10EAD80090D904109201660090D90410930177012F
:10EAE80090D90410BE01990090D90410A901110011
:10EAF80090D90410B601220090D904105B013300AC
:10EB080090D904109B01440090D90410A801550025
:10EB180090D904109201660090D9041093017701EE
:10EB280090D90410BE01990090D90410A9011100D0
:10EB380090D90410B601220090D904105B0133006B
:10EB480090D904109B01440090D90410A8015500E5
:10EB580090D904109201660090D9041093017701AE
:10EB680090D90410BE01990006004D5019D7994A52
:10EB7800004C041006004D5019D7994A094C04104E
:10EB880006004D5019D7994A0D4C041006004D50F7
:10EB980019D7994A302C041006004D5019D7994AB4
:10EBA800154C041006004D5019D7994A1E4C0410F4
:10EBB80006004D5019D7994A2D4C041006004D50A7
:10EBC80019D7994A3A4C041006004D5019D7994A5A
:10EBD800484C041006004D5019D7994A564C041059
:10EBE80006004D5019D7994A1B2C041006004D50A9
:10EBF80019D7994A634C041006004D5019D7994A01
:10EC0800392C041006004D5019D7994A694C041044
:10EC1800B0150510A80C0510100C0510180B0510E0
:10EC280060030510840105104CFE0410C0FC04109C
:10EC3800E0F604109CF60410ACF3041074F1041010
:10EC48005CEF04100CED04105F626F6F745F666117
:10EC5800742E7079007270322E7079005F626F6F57
:10EC6800742E7079006173796E63696F2F5F5F69C5
:10EC78006E69745F5F2E7079006173796E63696F76
:10EC88002F636F72652E7079006173796E63696F97
:10EC98002F6576656E742E7079006173796E63697D
:10ECA8006F2F66756E63732E7079006173796E636A
:10ECB800696F2F6C6F636B2E7079006173796E6367
:10ECC800696F2F73747265616D2E70790075617349
:10ECD800796E63696F2E7079006F6E6577697265FA
:10ECE8002E707900647331387832302E7079006470
:10ECF80068742E7079006E656F706978656C2E7017
:10ED0800790000006CED041018ED0410B4ED041047
:10ED180054ED04103CED041024ED0410A8830410F5
:10ED28000400000041060000490D0000810C0000AD
:10ED380009070000A8830410040000002103000054
:10ED4800A50600004106000085030000A883041002
:10ED5800040000000300000001000000050000009E
:10ED680007000000800407000C02EC020204F5030F
:10ED7800110095047F043E041402B9028C01C704F3
:10ED880014001C0003040F007D02A400A700170450
:10ED9800170016001A008900400061005E006D042B
:10EDA800CA049D007C006B00050000000000020002
:10EDB8003BEF0410C0ED0410C4ED04100000020085
:10EDC8000DEF0410D0ED0410C8EE0410C0EE0410CE
:10EDD80093EE04103CEE0410FDED0410E8ED041071
:10EDE800290413191202B0130780B0130DB0130AC7
:10EDF8003404595163620612191EB0130AC2122153
:10EE0800B0130A3401C3B01309C4B480425D57C5B6
:10EE1800B1B555C6B01310B555C74248B6B2B756C6
:10EE2800B7B4E5C7B7B3D7433381E5585AD7431EBC
:10EE380059595163000002006EEE041048EE0410A8
:10EE48004CEE0410DB40081422222253B253534BD9
:10EE580013C32500130A250125001310B355F255D5
:10EE68006759422B516332860111191D0002B125E1
:10EE7800001309F42702121FB0B220000212202545
:10EE880000130934015E340134016353080F191D5E
:10EE98001EB1B01309F4C3B0130980425257C1B26E
:10EEA800B155B0130AB3B01310B155F25681E558F5
:10EEB8005AD743295959516309040E19B0130863E5
:10EEC800B984010C06190708090DB1B01807B2B0CA
:10EED8001808B3B01809121AB2B3F43401B0180AFA
:10EEE800B01307140BB1130C360159121BB4121CC2
:10EEF8003402444BB444442301424223024241B405
:10EF0800B0180D51630802041116161710041618CC
:10EF18002300161083812A02533300160632011685
:10EF28000E3202160F32031611320416123205166B
:10EF38001351631002018010022A011B031C0216E0
:10EF480002595432001004340216041005161551E3
:10EF5800630000007CEF041068EF0410B8EF0410A1
:10EF68006A1200001222000074EF0410E875041001
:10EF7800CDCCCC3D52040700AE03EC024D022F036A
:10EF880093005A049B049A04F903F703F803F50362
:10EF98001100950414027C046C04C5045900D501C1
:10EFA8001704170016001A0089004000240000000A
:10EFB80000000200E7F00410C4EF041078F0041019
:10EFC80038F00410D0EF04100000020022F0041002
:10EFD800DCEF04100DF00410E4EF04102104131A00
:10EFE800B01310825522807FEF88F0B0131083553C
:10EFF800ED2302F4C1B013108255228100EF44437F
:10F00800B1D1C1B1631904121AB01310805588F038
:10F01800B013108155ED2302F46300020C1117168A
:10F0280018100C161932001612320116135163000B
:10F038000000020060F0041044F0041056F00410C0
:10F048004CF004101104131AB01310825563110404
:10F05800121AB0131080556300020B1117161810FE
:10F068000B161932001612320116135163000000F4
:10F0780000000200D2F0041084F00410BFF0041065
:10F088008CF004102104111AB01310C11204B0132B
:10F098000FB1340259B18055B18155F2B18255F2A0
:10F0A800B18355F222817FEFB18455DC4447121CAD
:10F0B800230134016551631A060E1A0FB1B0180FF7
:10F0C800121B853401B01810516300020A1117167B
:10F0D80018100A16193200160E320116115163184B
:10F0E800020180511B02160280511B0316031114E2
:10F0F800110323003402444E8010042A011B031C10
:10F1080004160459427D110213051406100736012E
:10F11800444E8010042A011B071C0416045942633C
:10F12800110213051008D9444E8010042A011B0946
:10F138001C04160459424C1115110213053401130D
:10F148000416041903543200100A3402160A543201
:10F1580001100B110A3403160B543202100C110A59
:10F168003403160C100D161651630000A4F1041098
:10F1780080F10410E8F104109CF1041088F10410E7
:10F18800A8830410030000002100000045000000CF
:10F1980051000000E87504100000803E5604070086
:10F1A80048007300FA03F503110091041402750373
:10F1B80046046603EE030A049E04AB047E0039028B
:10F1C800F603D904A4009F04A90017041700160029
:10F1D8001A0089001A034000A50424000500000055
:10F1E800000002008DF30410F4F10410F8F104108B
:10F1F8000000020068F3041004F2041055F3041030
:10F208001CF30410F5F20410B1F2041083F2041098
:10F218001CF204103A06151B1EB0140EB13601C2BA
:10F22800B1805590D94472B281554456B280558107
:10F23800F1228100EDC3B3D281F222817FEFD1C3E5
:10F248004246B2805581F1C3B32300F3B28755B269
:10F258008655F3B28755F7F263B2815588F0B280CC
:10F2680055EDC3B322828000EF444AB32283FF7F67
:10F27800EE81F2D1C3B390F76351632B08131B1EC1
:10F2880008B01307140B52360159B01307140FB105
:10F29800360159B01307140C22804E360159B013A9
:10F2A800071414B2360159516322060E1B1EB013FF
:10F2B80007140B52360159B01307140FB136015910
:10F2C800B01307140C22813E360159B013071410ED
:10F2D800B01308360159B013071411B013083601DA
:10F2E8004447121F1012340165B013086319040A49
:10F2F8001BB01307140B52360159B01307140CB086
:10F308001307130D360159B01307140C2280443625
:10F31800015951630000020045F3041028F304105A
:10F328002CF30410410416202B00B05F4B0EC1B122
:10F3380080552301DD4435B12F1442306319040987
:10F348001B3200B01307140936003401631A06068D
:10F358001B1CB1B01807121D893401B0180851637D
:10F36800000204111816191004161A320016063273
:10F378000116093202160A3203160E320416133227
:10F3880005161551631002018010022A011B031C87
:10F3980002160259543200100434021604100516DD
:10F3A80017516300CCF30410B8F3041020F40410D0
:10F3B800BCF30410A883041002000000060000003B
:10F3C800010000008B040700E00105040404F503B4
:10F3D80011009504B9028B019A0166035303550382
:10F3E8007E00EC03EE03A400AB04010475032604BD
:10F3F80009043902200424001704170016001A0013
:10F408000A048900A30414026B00A200A50477046F
:10F41800530440003E0200000000020079F6041088
:10F428002CF404106CF6041034F4041000000200EC
:10F438001CF6041040F4041003F60410E8F5041058
:10F44800DAF50410CCF50410A6F5041096F50410AE
:10F4580086F504106DF5041050F5041017F5041026
:10F468007DF4041070F404102206171F28121814D3
:10F4780017B13601637308151F2526B0140B360023
:10F488004343230063B01410B01316360159B14337
:10F49800461227883401C11227883401C380C42248
:10F4A8008040C58042DC8057C680C78042C78057ED
:10F4B800C8B0140C3600C9B0140C36004448B9441E
:10F4C80043230063425AB94357B2B5D8434EB1B645
:10F4D8005581B8F0EF4449B2B5DC444481C9B5C49C
:10F4E800B0140FB9360159B94446B781B8F0E0C72E
:10F4F800B581E6C581E55788D743B37F59B7B3B619
:10F508005681E55788D7439E7F59B3B42A02634989
:10F5180004141F2B00C1228041C250C380425F5790
:10F52800C4B01415B3B236023002C3C2B34446B1F4
:10F53800B32B01E5C1B280D94442424981E5572243
:10F54800817FD7431A59B1632206121F24B0140BC6
:10F55800360059B01410B01313360159B01411B154
:10F5680036015951635206111F21B15F4B0EC21269
:10F57800181410B01307B2360259423051632A06E4
:10F58800101F2312181410B01307B13602632A068D
:10F598000F1F231218140FB01307B13602633A066F
:10F5A8000E1F211222B1340180425057C212181482
:10F5B8000DB013073601B1B25681E5585AD7432B1F
:10F5C8005959516319040D1F1218140DB013073639
:10F5D800016319040C1F1218140CB01307360163C9
:10F5E800AA01060B1F201218140BB013073601C20C
:10F5F800B14446B24343120365B2632A06061F07A5
:10F60800B1B01807B013071408B11309B1130A36BB
:10F6180002595163080204111B161C1004161D22FE
:10F6280081701616228055161322814C161E320040
:10F638001606502A01533301160B3202160C3203F8
:10F64800160D3204160E3205160F32061610320742
:10F6580016113208161232091614320A1615320B10
:10F6680016175163000203111B161C1003161D51B7
:10F678006318020180511B0216185432001003113E
:10F688001934031603543201100434021604100509
:10F69800161A5163A8F6041000000000B4F604100E
:10F6A800C80407000E002D043404570000000200AF
:10F6B800D4F60410C0F60410C4F6041021040204A1
:10F6C80080511B03C11205B1B0340263000201323C
:10F6D8000016025163000000F0F60410ECF6041066
:10F6E80094F70410907F04103304070047040100C6
:10F6F80011040F04CD042B04380439048C040A01C6
:10F708007302B90469040B04B0044404BB040E0476
:10F718000804D604AC0454041F049D04BD04B104B9
:10F728000C040D043C0479044A042704C30491031F
:10F73800FD001F02C004A40055041100AA045D02C4
:10F748008F04680447007D009C047E00A0047F00AD
:10F75800C901CA019E032A04AD04AE033703940409
:10F7680012041304170016001A006B0499043000E1
:10F7780041043A04890014021803C104FC026B0016
:10F78800CA047F0422005D045C04C4040000020073
:10F7980063FC0410A0F704105CFA0410AFF904101D
:10F7A80080F80410F3F70410B4F70410B8C4010A81
:10F7B8002646474849B280DC4345B37FDC445A12A9
:10F7C8004AB13401C1B37FD94446124BB13401C3A5
:10F7D800B1B2B2B3F22E0255C1B01427B1360159F5
:10F7E800B0142836005E516859516381D6010C1A4D
:10F7F800444142451280511B0DC5B5140EB1B236B5
:10F80800028055C6B5140DB680553601C7B7141019
:10F8180050360159B7141BB5131CB5131D81360397
:10F8280059B7141EB67F55360159B7141FB33601A0
:10F838005912053400C812021420B81421B7B0B404
:10F8480036033601B81822480D12021423803601F7
:10F858005E5168594A1D5712021324DF4454C9499E
:10F868000AB813221425360059B96551C928095D0B
:10F878004A015DB863000000000002008EF9041020
:10F888008CF8041087F904106EF904105CF9041060
:10F898004EF90410A0F80410F8460A21462A44122A
:10F8A80050B01836480D120213181430B1360167DB
:10F8B800594A235712021324DF445AC44910B11479
:10F8C8002E360059B0133644425163B4655151C4C1
:10F8D80028045D4A015D480BB1143736003002C573
:10F8E800C64A065940DA80015DB344764810B3141D
:10F8F80015B5103852101750368401C54A245712CE
:10F9080043DF445DC7491312021339143AB736016D
:10F9180059B5142E36005940680251C728075D4A68
:10F92800015DB51410503601591204B52C01B610FA
:10F938003B623402C812021420B2B8B8340236014D
:10F948005942E07E51639140040646B013225E514D
:10F958006859516311042E4652B01836B013221458
:10F96800253600595163A8440A35464F5051B01402
:10F978002E360059B0140636005E51685951638915
:10F9880040043446B063000205113E163F100516C8
:10F998004032001634320116353202162E32031662
:10F9A8000632041621516388D6010A0A414212160A
:10F9B80080100B2A011B0C1C0BC45980511B0DC550
:10F9C800B5140EB0B180B5130F36048055C6B51402
:10F9D8000DB68055B68155B682553603C7B7141093
:10F9E80050360159480BB71411B67F553601594A9C
:10F9F8001B571243DF4454C8490AB8130CB4DC44FB
:10FA080042B8655151C828085D4A015DB2446DB2DB
:10FA180052DE444E80511B12C9B91413B91314365F
:10FA280001C2B34342B0C3B21415B71016B31017CE
:10FA380050368401C7B71410503601591204B73430
:10FA480001CA120213181419B736016759BABA2A2B
:10FA5800026300000000020025FC041068FA04108C
:10FA68000FFC041004FC0410FEFB0410EFFB041050
:10FA7800B2FB041096FB041054FB04101CFB04108A
:10FA8800E6FA041090FA0410C140042846B0132C7A
:10FA9800434B120214238036015E516863124AB048
:10FAA800132C3401C180C24265120213181419B014
:10FAB800132A36016759B0132A1427B1B2512E02FE
:10FAC800553601C3B351DED34444B2B3E5C2B212D2
:10FAD8004BB13401D743122300B0182C51632A06C6
:10FAE800274647B0132C4361B0132A1427B13601B7
:10FAF800C2B2124BB13401D944425163B251DED380
:10FB08004447B1B2512E0255C1B057132CB1E55A32
:10FB1800182C5163A9400433462300C1120213185C
:10FB28001430B0132A36016759B0132A143336003B
:10FB3800C2B251DE44424250B1B2E5C1B24447B10B
:10FB48007F558AD94442B16342125163B2400632AA
:10FB5800464D2300C24272120213181430B0132A01
:10FB680036016759B0132A142FB13601C3B351DED9
:10FB7800D34456124BB334014343124E65B2B3E536
:10FB8800C2B1124BB33401E6C1B1430BB263A24018
:10FB980006314647120213181430B0132A3601678B
:10FBA80059B0132A1431B1360163B241062F464DBC
:10FBB8002300C2120213181430B0132A36016759F1
:10FBC800B0132A142FB13601C3B351DED34454B154
:10FBD80080DB4442B363124BB334014342B263B295
:10FBE800B3E5C2420E51639140040646B0132A148D
:10FBF8002E360059516309042E4651631A062D46C4
:10FC08004CB0132BB15563A3010829462A2BB1B078
:10FC1800182AB2B0182B2300B0182C51630802041C
:10FC2800113E163F100416402C002A0153330016CB
:10FC3800293201162D3202162E320316067F2A01AA
:10FC4800533304162F320516313206163232071690
:10FC58003332081627320916285163100201811021
:10FC6800022A011B031C02160259543200100434E4
:10FC78000216041104163C1104163D51512A025370
:10FC88003301160A54320210053402160585512A2A
:10FC980002533303161A807F2A025333041626119F
:10FCA8000413061104180711261104180811261147
:10FCB8000418095163000000D0FC0410CCFC0410A7
:10FCC8000CFD0410FA1F000032040700470401006D
:10FCD800FE0311009E03B301D204E4026203280369
:10FCE8007800E2014303E8013D023E02FD00C9013C
:10FCF800CA01170016001A00890032005D045C046E
:10FD0800C4040000000002002FFE041018FD0410B7
:10FD18001CFD0410000002000AFE041028FD041057
:10FD2800F7FD0410EDFD0410B4FD04105CFD041093
:10FD38004EFD041040FD0410A8440A14181A1B1C98
:10FD4800B0140A3600639140041318B0140F36003B
:10FD58005E516863B942040F18B0130680DC44C5CD
:10FD680080B01308140E12021310360159B013088C
:10FD780012021310181148055167594A29571202DF
:10FD88001312DF4460C14916B0130612021310D9CA
:10FD9800444A81B01806B0140A360059B16551C1F9
:10FDA80028015D4A015D81B01806526319040A18DA
:10FDB800B0130681DC444712192300340165B013DF
:10FDC80008140B36004458B01308140C3600B01849
:10FDD800061202130D140EB0130636015942448060
:10FDE800B01806516311040918B0130681D96311BC
:10FDF80004051880B01806120214073600B0180857
:10FE08005163000204111516161004161732001655
:10FE180005320116093202160A3203160F32041689
:10FE2800133205161451631002018110022A011BB6
:10FE3800031C0216025954320010043402160451ED
:10FE4800630000005CFE041058FE0410B4FE0410A9
:10FE58000222000031040700470401009003160441
:10FE6800A40425043E021F02FD00CE0424044A0413
:10FE78003D02A2003D001504CF04910365049E03D2
:10FE880080005602E2014303A900D104370421008F
:10FE9800BF03170016001A0094006B0061003300BE
:10FEA80032005E00C2040500590400000000020090
:10FEB8004C010510C0FE04100A010510930005103E
:10FEC8008300051058000510D4FE0410000002013C
:10FED8003FFF0410E0FE0410FFFE0410E8FE0410CB
:10FEE80049041A292B00B05F4B0CC11202140CB143
:10FEF80036012F14423263B9040C17292929282AFC
:10FF0800250213081205DED3444251632500434EEF
:10FF18001224B4122534024345B42701424C25016A
:10FF280081E627012501444251631202131814196E
:10FF380025023601595163F0CA80C0408501140674
:10FF4800000708B0B7B8200003C23201B13401C3BA
:10FF58008027071223B334018042C48057C4B3B446
:10FF680055131552DE444EB2B3B455181525078102
:10FF7800E527074269B3B4551315435B1224B3B49C
:10FF880055130812253402434C250043481223B365
:10FF98003401D1270742471226230034016581E541
:10FFA800585AD743B67F59591202130E270850C51D
:10FFB800250780D8446612052508180848055167A2
:10FFC800594A19571202130ADF4450C6490652C546
:10FFD800B627075151C628065D4A015D1223B3347E
:10FFE800018042DA8057C4B3B4551315B2DE4453C6
:08FFF80052B3B4551815B544CD
:020000041005E5
:1000000048B3B4551409360059427A1224B3B45592
:10001000130812253402444CB3B4551308130FB31C
:10002000B45642612500444AB3B4551308B3B456DC
:10003000425312242507122734024449B3B45513FE
:10004000082707424081E5585AD743A07F595925D0
:10005000074443250765B363000002006E000510E6
:100060006400051068000510090416285163080291
:1000700005111F1620100516211122320034011619
:100080001651632A06121C1E120BB0B11202131372
:10009000340363DB43080B1C1E041202140CB0363D
:1000A00001C0B151DE4445B05E5168631202140DC7
:1000B00012071202130EB034023601C3480AB2B15D
:1000C00034015E5168594A32571202130ADF4469FB
:1000D000C4491FB4130FC5B551DE4448B3140936E3
:1000E0000059B465B552DE4446B41310815563B56A
:1000F000655151C428045D4A015DB31409360059A5
:10010000B35E5168591202131165D24206071B1CD7
:100110004809B15E5168C252C34A1657121DDF44E6
:100120004FC4490551C2B4C35151C428045D4A01AA
:100130005DB0130851DE4452B014093600444B122E
:1001400002140AB3B23602B01808516318020181D2
:1001500010022A011B031C02160259320016071155
:100160000213042A01533301160B320216125432C1
:1001700003100534021605532C0050100662330498
:10018000161451639001051000000000D001051005
:100190003004070047040100FB03BE021404680199
:1001A00011009E03B301D20474048C00E2014303E6
:1001B000780028034600CC043D023E02BF021F0423
:1001C0009C042600170016001A008900A20483026E
:1001D0000000020023030510DC0105107402051065
:1001E000E40105100000020050020510F0010510A6
:1001F0004602051033020510290205101F020510E2
:1002000004020510994004131DB01309434B120258
:1002100013171418B03601675980B01809516311CB
:1002200004121D80B01809516311040D1D81B0180E
:100230000951632308161D1E1FB183D94446B0130C
:1002400009B2F4637F631104081D80B0180951637B
:10025000000206111A161B1006161C320016083270
:100260000116163202160D320316123204161351FD
:100270006300000000000200020305108002051068
:10028000EF020510E7020510C2020510B8020510C2
:1002900094020510994004131DB013094358B0137C
:1002A0000B140F12021314360159B0130B12021360
:1002B00014181551675952631104121D50B01809D2
:1002C000516321040D1D42501202130E140FB0137E
:1002D0000B14103600360159B0130B1411360043BD
:1002E0002752B01809516309040C1DB0130963119A
:1002F00004081D50B018091202140A3600B0180B79
:100300005163000204111A161B1004161C32001649
:10031000083201160C3202160D3203161232041680
:100320001351632C02018110022A011B031C0216C7
:100330000259543200100434021604481580511B2F
:10034000051605543201100611051307340316066D
:100350004A0A571119DF4443594A015D51630000AD
:10036000880305106C030510600405107803051060
:100370004A2200001224000038830410CD0000003F
:100380001F000000734C04102F040700BA03B903C8
:10039000B703BC03AE038003B301B201DC01C304A5
:1003A000FD0015047D045E0463041004FD030004D5
:1003B00091039E03900324044A048A004303A80483
:1003C00028032B037200D00478003E0232029B0007
:1003D0003F04A2007103290466044B048104110048
:1003E0005C0413001900DB01330398041C045F0351
:1003F0009601970104031B04D7039C049D0480000D
:10040000C002A70496004700AE041E0467044D0412
:100410007C02A103640448043703C60421002400BD
:100420001D043D022804170016001A00C204B2047D
:10043000EF025E0037046100590036005800E20107
:100440007B0433001F044300A904D3043200890055
:10045000AA046E045B0057049F027A0445047B00E3
:10046000000002003C0A05106C0405102F0A05105C
:10047000220A0510B0090510960905108409051017
:10048000A00705108A070510620705100806051069
:10049000FA050510F4050510D8040510CD04051063
:1004A000BA040510A804051000022A120834001727
:1004B0005B12123400175E121363080229124D51A9
:1004C000DE444712622302340165124D63928001BB
:1004D000062860611213630000000200C0050510C9
:1004E000E4040510B60505109C0505108E050510E1
:1004F0007605051071050510660505105E050510E9
:100500001E050510080505101904246A121313416D
:100510004504121313431213B034025951634206B7
:1005200043696A126BB1100E55104412061345341C
:10053000820159126B1046B11010551047B11010BE
:10054000551322104412061345348204591206141E
:1005500048B1100F55120613453602595163000277
:1005600042121313416311044068B0121318415131
:100570006300023F516310023E124E51DED3444CE1
:10058000125B141A124E36015951174E5163190459
:100590001B56121B1217B0340134016310023D12B6
:1005A0000912273400125A34003402174E121B125B
:1005B0004E3401595163110418221218B0340163EA
:1005C000000213114F1650101316515116413200EC
:1005D00016183201163D3202161B3203163E320443
:1005E000163F3205164032061642320716433208CD
:1005F0001624516380400227516319042622121BDE
:100600001218B03401340163F103041B5C120C12A4
:100610004B2A02C1120C125D2A02C281C3427E7FA4
:10062000C3125B141C3600C4B4445312548012032A
:10063000B4131D1249340034023402C34257125E0F
:10064000131E435151174DB04445B0131543425149
:100650006383C34240125E141FB3360159B380D87E
:1006600043BC7F125B14203600C4B4174D4822B43B
:100670001321C5B5434BB413221419513601594205
:100680004D51B41821B413221423B53601594ACC64
:100690000157B1DF44C581C649BA01B4B0DEC7B75E
:1006A000445D51174D1257B6125D3402434650B4A3
:1006B0001815B665B4131551DE444450B41815B47A
:1006C000131544E480B4131552DE444CB744435030
:1006D000424151B418154278125FB41315340144E5
:1006E00050B41415B4B636025950B4181552C74256
:1006F0005F4250125B141AB41315142036003601F1
:100700005952C7B41315141C3600432750B418159A
:10071000B743501257B6B234024348125B141AB4AE
:10072000360159B6B418214262B4131551DE445B48
:10073000B5B41821B5124C100F56B4124C10105607
:1007400012131424124C3601594240B4B0DE444412
:10075000B61325635151C628065D4A015D42BB7D33
:100760005163210418221258B01019340243471261
:100770005923013401651209B0125A34003402C100
:10078000125B141AB1360159B16319041756125786
:10079000B0120934024442B0631218B0340163004D
:1007A000000002005B090510AC07051047090510A1
:1007B000DE080510C3080510B4080510A5080510CB
:1007C00064080510C807051062061F6367B013317F
:1007D000143CB136015F4B89013002C2C3B0131E15
:1007E0001266B2340155C4B312071335D2EF445622
:1007F000B4805551DED3444E125B141AB480553682
:10080000015951B48056B312071334D2EF4456B491
:10081000815551DED3444E125B141AB48155360112
:100820005951B48156B4805551DE4450B48155516C
:10083000DE4449B01437B23601594263B480555191
:10084000DE444FB013311436B21207133536025955
:10085000424DB013311436B21207133436025942E6
:10086000F47E51636A063B630B51C2B0131E5F4BAB
:100870001FC3B0131EB3553003C4C5C6B4B1DE43A5
:1008800045B5B1DE4448B6C2595959594242421F92
:10089000B251DED34449B01437B636015942424210
:1008A00042420651632A063A6364B01432B181367B
:1008B000025951632A06396364B01432B18036029A
:1008C0005951632206376364B0131E1266B13401B6
:1008D000535B56B013311438B136015951634B088C
:1008E000326364651266B13401B0131EDDD3446F08
:1008F0005151B12B03C3124DB3B256B3B0131E12F4
:1009000066B1340156B013311433B1B280D94446C4
:10091000120713344244120713353602594261B0AC
:10092000131E1266B1340155C4124DB4B256B01341
:10093000311436B11207133412071335ED3602594C
:10094000B0124D1821516311042B63120714303675
:1009500000B018312C00B0181E5163000212114F64
:100960001650101216513200162B32011632320276
:100970001637320316393204163A3205163B320660
:10098000161F51632104165212141255B0228768A3
:10099000F43401340163B2010614525312041249B3
:1009A0003400125480B034023402B11815B163001F
:1009B00000000200090A0510BC090510F80905101D
:1009C000F2090510C809051021042E63B013155152
:1009D000DED34452125B141A124DB013153602596D
:1009E00051B01815516351B0132C182FB0132C654A
:1009F000516309042D63B06311042B6351B01815C2
:100A0000125D3400B0182C5163000211114F1650C2
:100A1000101116513200162B3201162D3202162EED
:100A2000516300020D114F1650100D165151630005
:100A3000020C114F1650100C165151632C020180FC
:100A40001002100310042A031B051C0216491C0384
:100A500016031C0416045980511B06160680511BF0
:100A6000071607481480100810092A021B0A1C08E0
:100A700016081C091609594A165981100810092A26
:100A8000021B0B1C0816081C091609594A015D5463
:100A90003200100C114A3403160C543201100D119F
:100AA0004B3403160D2C032300100E6251100F62FD
:100AB00051101062164C54320210113402161111EA
:100AC0001134002A0153330316143204161654321B
:100AD0000510123402161232061617320716185174
:100AE0002A01533308161B32091626320A162751DB
:100AF000174D51174E54320B1013340216138080C9
:100B00002A0253330C1628320D1629320E162A11DA
:100B10002A34005951630000540B0510240B0510B2
:100B2000800B0510400B05107A260000A220000063
:100B300062240000EA250000922000009A200000B4
:100B4000A88304100300000007000000010000005B
:100B5000010000002E040700050047046204CE04D3
:100B600065045B04FB03E302FE03BF040E005600B2
:100B700017041804340420005700D5015800000061
:100B800000000200C30B05108C0B0510900B051024
:100B900049040C10120F140DB0513602C1B151DED0
:100BA00044461211B034016512121213B1121434FA
:100BB000005152813405B03402C2B212143400B074
:100BC00056B2631002018110022A011B036923003F
:100BD000160E2C0A10041005621004230162100482
:100BE0001006621007100862100723026210091035
:100BF0000A62100B230362100B230462100B2305FF
:100C000062100B230662160F3200160C51630000AF
:100C10001C0C051000000000360C0510190407001C
:100C2000E003EC026E031A01C40139030003080358
:100C300006003B0461043C1401266C402822533119
:100C4000334B80511B02160280511B031603805147
:100C50001B041604110414053600160B4812110269
:100C60001406110B1007228200368201160C4A2549
:100C700059110213061408110B1007228200368244
:100C8000015911021406110B10072282003682014D
:100C9000160C4A015D11021409110C100A36025992
:100CA0001902190B190C5163440D0510B40C0510F1
:100CB000280E0510300D0510FC0C0510EC0C05106D
:100CC000D80C05107A220000AA250000C2220000DC
:100CD0004A2600009A230000407804100A00000011
:100CE00002000000E80C05100000004038830410EA
:100CF0000D0000001F000000934C0410A883041096
:100D00000B000000A2260000B2180000B223000071
:100D1000622600008A230000722400001A1A0000D4
:100D20000A1A00004A1800000A16000062040000B7
:100D3000A883041003000000BA260000AA260000C1
:100D4000A2160000A60407000500E1014800730098
:100D5000070406046A049704DA04DD048804960490
:100D60009304BE0475048D045100BD028300860403
:100D7000DB048704DE04DC049504850484043D045C
:100D800070046F044600A1049004AF04B704B404D7
:100D9000A501B4021F03360435044403420378015D
:100DA0006004A8002C040002B604B80450049204A5
:100DB00089048A04760438031100FD017804FC03D9
:100DC000D804BC04D5040F004E04B3048304D70434
:100DD0001F00D4025400D4043C001603CC04710458
:100DE0008E04430341030903C1028C004C04D40167
:100DF00049009F0024002204210423041700160048
:100E00001A009101720457006B00890061005E00B6
:100E10006900A20043043203BA045C003E0251049C
:100E2000CB047E045F04000000000200C91405101A
:100E3000340E0510BA140510AC0F0510A10F0510E3
:100E4000970F05108D0F0510E00E0510500E0510C0
:100E5000F7012E3160323390142524262C242444AB
:100E600023262B45224826482D2712073400C3B1DC
:100E7000B31832B280DCB318339FB31332B31333D9
:100E8000F2F1B3183481B3183580B3183680B31833
:100E9000371259C4125B5F4B0CC51261B3B53402F3
:100EA000B4B556423251B410385649081212B0B493
:100EB00034025951125B5F4B08C5B4B5535B5642BF
:100EC000365D1262B313398055340181DC44471218
:100ED000062302340165B313398055805563000041
:100EE00000000200710F0510EC0E0510F00E051049
:100EF000762A54027080F7402426462228262C2683
:100F00004C284428452648B11355C2B21456360021
:100F1000C3B214203600594945B21457125936014C
:100F200059125A5F4B0DC412612500B43402B2B499
:100F3000564231125B5F4B0DC412612500B434027E
:100F4000B2B45642312500143F80360159B1340005
:100F5000592500143F81360159B134005951B2145A
:100F600020360059B21457B33601595D25001339A4
:100F700063B080400D3080F44A851902120753B0E7
:100F8000803582002702B2200001C1B16311082F11
:100F90000A80D9B090ED6311082F0A80C7B090ED98
:100FA0006311082F0A80C6B088ED630000000200BC
:100FB000EA130510B80F051056130510E8120510B6
:100FC000DA120510AA120510511205103B12051075
:100FD00015120510E7110510941105108411051064
:100FE000631105102F110510F8100510B810051029
:100FF0008E10051064100510431005101C1005100C
:10100000041005103B0C53636D6C80B2B014492280
:1010100083C000B185F0EDB2ED360163BB01125221
:10102000636F6B80AC252222B251DE4444B1C28092
:10103000C1B0144922838000B1228060EFEDB2ED8F
:101040003601633B1051636D6A80A72522B188D9B0
:10105000444284C1B014492282C000B185F0EDB28F
:10106000ED360163BB8001125063676E80A12425B9
:1010700024B1B2E0C1B181EF4344B1A0E0C1B014EA
:101080004922828100B1228060EFED360163BB808E
:1010900001124F63676E809B242524B1B2E0C1B179
:1010A00081EF4344B1A0E0C1B0144922828000B175
:1010B000228060EFED3601633B144E636D6C8094CB
:1010C00025222F2CB188D9444287C180B2575BD7E3
:1010D0004604A0DA42425A59434C120623081448E7
:1010E000B23601340165B014492281C000B185F0E7
:1010F000EDB29FEFED3601633B104D636A6C808F5C
:101100002F2C80B2575BD74604A0DA42425A59438B
:101110004C120623081448B23601340165B0144954
:1011200022818000B185F0EDB29FEFED360163C002
:1011300004164C63696A6B808825242524B286D9FD
:10114000444481C24249B280DC444482C24240B03D
:1011500014492280C000B187F0EDB285F0EDB3ED07
:10116000360163BB0112386368478082252222B2B0
:1011700051DE4444B1C280C1B0144980B185F0ED64
:10118000B236026319084B63807FB014492282C0D3
:1011900042360163B3011C496360478073292725E8
:1011A00044282C262DB057133681E55A1836B01333
:1011B0003580D84470B251DE444480C2425AB2B045
:1011C000133CDDD3444C120623071448B2360134D5
:1011D0000165B0133CB255C2B013398055144AB101
:1011E000B2ED360159B0632A10476347806D272757
:1011F0002CB0133580D9445BB1B0133CDD444C12A4
:101200000623061448B13601340165B01336B01315
:101210003CB1565163290C406380682830B01336C6
:101220004343124665B01339845855B0133681F3E1
:101230008CF0E05B5652B0183E516329084563803C
:1012400065B01339845855B0133687F0E05B5651BA
:1012500063421A436367805A2927272729272634A0
:10126000B057133781E55A1837B0133580D8447812
:10127000B0133280D9444712061044340165B1815D
:10128000B01332F0DB4447120623053401658DB0FC
:101290001332F3C2B0133980557F5855B013338CD5
:1012A000F0B1B2F0EDE05B56B063321242634280BF
:1012B000532727272EB0133580D8445CB1B01334A0
:1012C000D8444712062304340165B0133980557F92
:1012D0005855B188F0E05B56B063220A41636680DE
:1012E00050B01442B13601632A223F633580412653
:1012F0002A2624252A252B292B2424B181D944C729
:1013000080B0133E434BB013364446B01440360011
:10131000599FB01834B01332446EB01337B013363F
:10132000DCB01833B013334454B013398458552308
:1013300003E05B56B057133281E55A1832B05713A9
:1013400034B01332E45A1834B1B0183580B01836BE
:1013500080B018375163B998888048403A63222397
:1013600024252728292A2B2C2E80284B252420238E
:1013700026262424244552442526294680103B2A2B
:10138000011B3B1C3BCC592C00B0183CB49DF0CD4C
:10139000BB9EF0BA9FEF99F0EDB99FEF94F0EDB6D8
:1013A00093F0EDB592F0EDB891F0EDB790F0EDCE91
:1013B000BC103D34017F7F7FBDBEB1B2B32B09B0FD
:1013C000183950B0183EB351DE444680B01832424E
:1013D000571264B312653402444681B01832424851
:1013E0001262B33401B0183251631854078817736E
:1013F00060202777408B1C840F648407840B64640F
:10140000406460880C646860840764408407696095
:10141000696064406860115C165D1007165E532CAD
:101420000051102262511023625110246250102585
:1014300062115F1326102762115F13261028625075
:1014400010296250102A62A0102B62A0102C621189
:101450005F132D102E623300163A3201163F32020E
:10146000164132031642320416433205164532063F
:10147000164032071647512A0153330816493209DC
:10148000164B512A0153330A1638320B164C320CC4
:10149000164D320D164E80802A0253330E164F80A1
:1014A000802A0253330F165032101651512A01531D
:1014B0003311165232121653516300060688131167
:1014C0005C165D1006165E5163185E0160288C0E76
:1014D0006B20899F4264202424242424242424244F
:1014E0004425452424242424244424242666202618
:1014F000672040644040840D84208010022A011B34
:1015000003698010042A011B051C04160459543277
:101510000010061158340316065432011007340225
:1015200016072C1A801008628010096281100A6266
:1015300082100B6283100C6284100D6285100E62A3
:1015400085100F6286101062871011628810126277
:10155000320210136232031014628110156282107D
:101560001662831017628410186285101962861043
:101570001A6287101B6281101C62A1101D622280FA
:1015800040101E62228040101F62228040102062A4
:10159000320410216216592300165A2301165B32B9
:1015A000051630502A0153330616315163000000EE
:1015B000BC15051000000000D21505101A04070024
:1015C000E003EC026E031A010803C30106000003E6
:1015D0003B043C1201266C202822542B5480511BC2
:1015E00002160280511B03160380511B04160411BE
:1015F0000414053600160A481311021406110214C9
:1016000007110A360110083602594A2059110213EF
:10161000071409110A3601591102140611021407A0
:10162000110A360110083602594A015D1902190AD9
:1016300051630000148A0410F50300800A000000C2
:10164000EA000000DE1A0510F4190510B34C04106E
:10165000B94C0410C34C0410C94C0410CF4C0410F6
:10166000D74C0410DF4C041066260410E54C04101F
:10167000ED4C0410F24C0410044D0410094D0410FC
:10168000134D04101C4D0410224D04102A4D04105B
:10169000374D0410424D04104E4D0410624D04109D
:1016A0006D4D0410764D0410824D04108D4D0410C4
:1016B0009A4D0410A54D0410AC4D0410BF4D0410FC
:1016C000C64D0410D34D0410E04D0410EF4D04102E
:1016D000FC4D0410044E0410104E0410F44A041083
:1016E000174E0410244E04102D4E0410364E0410D4
:1016F000434E0410504E04105A4E04105E4E041017
:101700006E4E0410794E04108B4E04109C4E041043
:10171000A14E0410AD4E0410B44E0410BF4E041080
:10172000C84E0410CF4E0410D64E04101B2C0410CB
:10173000DE4E0410F24E0410024F0410134F04103A
:10174000244F0410344F0410D82E0410464F0410B8
:101750004F4F0410584F04107C5304105B4F04107B
:10176000654F04106D4F0410724F04109B5104100C
:10177000774F04107B4F0410924F04107234041002
:101780009F4F0410AE4F0410485004103B4E0410FD
:10179000B34F04105E4C0410C04F0410C64F041029
:1017A000D94F0410E54F041045540410F24F0410B3
:1017B0000C50041012500410225004102C5004102D
:1017C00031500410B1380410385004105050041037
:1017D000565004106150041064500410D04D041091
:1017E00077500410504C04107B5004107F500410AC
:1017F00024350410902C041088500410D547041090
:10180000424C04109250041099500410984F041048
:10181000A1500410B0500410C6500410D55004104C
:10182000E1500410E6500410EB500410113A04107B
:10183000F4500410F8500410005104100751041023
:10184000B45104100B5104102051041027510410FE
:101850002B5104102F510410355104103C51041029
:1018600089510410435104104D5104105551041076
:10187000CF300410191E04105D510410695104107A
:10188000785104108E51041099510410A151041084
:10189000AA5104104B5404105E1D0410B0510410E2
:1018A000BA510410C6510410D1510410E151041072
:1018B00010380410E5510410ED5104105B4E041073
:1018C000F6510410FC510410FF510410ED320410C5
:1018D00008520410105204101552041090180410ED
:1018E0001C520410205204102852041033520410C9
:1018F0003F5204104C52041056520410625204100D
:10190000DD300410665204106F520410A94E04100A
:10191000815204108852041094520410A7520410EB
:1019200025400410B0520410BB520410CB520410D6
:10193000D752041039530410ED520410F952041018
:10194000045304106E1B04100953041015530410A3
:101950002753041035530410425304101854041034
:101960004E53041052530410565304106153041084
:101970006E530410264C0410755304108353041046
:101980001F1E0410E04F04108653041089530410E6
:10199000955304109B530410A2530410AE5304102B
:1019A000FB2E0410BF53041063180410C653041018
:1019B000D2530410DB530410E7530410F553041002
:1019C000FC530410045404100F1D04100E54041092
:1019D000135404101F5404102B54041035540410D5
:1019E000D82404104354041049540410A25604107F
:1019F00051540410050905050707050107041104E2
:101A0000090805070C0A0B130A080B0A0C0A061230
:101A1000060C0C0E0C070B06080C08080C0C09032E
:101A20000F0A1110040B060A0806060707130F1009
:101A3000100F110408080206090704040503160C18
:101A4000020E0407070C0405120B0C0319050F09FD
:101A500004060417050A0212020305030809010916
:101A600002050607060E150E0B04040801030706FF
:101A70000305140603030506060409070703010B03
:101A80000E150A0708050504090B0A0F03030708CA
:101A900002050208030704060403070A0B0C090BDE
:101AA0000303081103060B1208010A0F0B15080B9C
:101AB0000A04040B110D0C0B0603030A0C06060D99
:101AC000020104020B05060B100106040B080B0DA6
:101AD00006070904040B0B090D0105070105144F46
:101AE0005DFD2801E9ED928EA719B9694B6850791F
:101AF000F4E1A4CB320F21D6A039399C3656667C4E
:101B00003F1AAB476AC02483D28217FEF852B3FB58
:101B1000AD102585521345B77601206671B62F1496
:101B200033F9EC6A7084ECC7E8B7E43023DBFA41A0
:101B3000BE0929931E674150397B235AC8F975A6FF
:101B40009552B263C9DBFCD2C31E5008013A880328
:101B5000BCC76E54257CCC503F793D970EC26D7248
:101B600026D0CC39FC1D6EE3CBAE89D3FD0D04B776
:101B7000B6DE3E550FD8EB2B85CE7D6B1680F2BEC0
:101B800041ED5CEE56791654E4C97E632CD4B5124F
:101B9000CCEF25D6E25864A8426E389A7E8955C0AB
:101BA00039E86007E9CBBF71595AECD12893E94372
:101BB00035170DD33C8EE32ACB24F9EE872B51CB7E
:101BC0005FE93BDD6031DCA10100000002000000A4
:101BD00004000000080000001000000020000000C9
:101BE00040000000800000001B00000036000000E4
:101BF000F4A750514165537E17A4C31A275E963A45
:101C0000AB6BCB3B9D45F11FFA58ABACE303934B59
:101C100030FA5520766DF6ADCC769188024C25F5DC
:101C2000E5D7FC4F2ACBD7C53544802662A38FB5B4
:101C3000B15A49DEBA1B6725EA0E9845FEC0E15D40
:101C40002F7502C34CF012814697A38DD3F9C66B52
:101C50008F5FE703929C95156D7AEBBF5259DA9529
:101C6000BE832DD47421D358E0692949C9C8448E54
:101C7000C2896A758E7978F4583E6B99B971DD27FF
:101C8000E14FB6BE88AD17F020AC66C9CE3AB47D40
:101C9000DF4A18631A3182E551336097537F4562FA
:101CA0006477E0B16BAE84BB81A01CFE082B94F975
:101CB0004868587045FD198FDE6C87947BF8B752E1
:101CC00073D323AB4B02E2721F8F57E355AB2A66E7
:101CD000EB2807B2B5C2032FC57B9A863708A5D378
:101CE0002887F230BFA5B223036ABA0216825CEDE0
:101CF000CF1C2B8A79B492A707F2F0F369E2A14EC8
:101D0000DAF4CD6505BED50634621FD1A6FE8AC4BD
:101D10002E539D34F355A0A28AE13205F6EB75A44B
:101D200083EC390B60EFAA40719F065E6E1051BDC7
:101D3000218AF93EDD063D963E05AEDDE6BD464D07
:101D4000548DB591C45D057106D46F045015FF60C4
:101D500098FB2419BDE997D64043CC89D99E776773
:101D6000E842BDB0898B8807195B38E7C8EEDB799C
:101D70007C0A47A1420FE97C841EC9F800000000DC
:101D8000808683092BED48321170AC1E5A724E6C5E
:101D90000EFFFBFD8538560FAED51E3D2D3927367B
:101DA0000FD9640A5CA621685B54D19B362E3A2475
:101DB0000A67B10C57E70F93EE96D2B49B919E1B26
:101DC000C0C54F80DC20A261774B695A121A161CDD
:101DD00093BA0AE2A02AE5C022E0433C1B171D1279
:101DE000090D0B0E8BC7ADF2B6A8B92D1EA9C814EC
:101DF000F119855775074CAF99DDBBEE7F60FDA3E8
:101E000001269FF772F5BC5C663BC544FB7E345BE4
:101E10004329768B23C6DCCBEDFC68B6E4F163B8CE
:101E200031DCCAD76385104297224013C611208443
:101E30004A247D85BB3DF8D2F93211AE29A16DC788
:101E40009E2F4B1DB230F3DC8652EC0DC1E3D077F0
:101E5000B3166C2B70B999A99448FA11E96422471A
:101E6000FC8CC4A8F03F1AA07D2CD8563390EF22EA
:101E7000494EC78738D1C1D9CAA2FE8CD40B369837
:101E8000F581CFA67ADE28A5B78E26DAADBFA43FAE
:101E90003A9DE42C78920D505FCC9B6A7E4662544A
:101EA0008D13C2F6D8B8E89039F75E2EC3AFF5822D
:101EB0005D80BE9FD0937C69D52DA96F2512B3CFCD
:101EC000AC993BC8187DA7109C636EE83BBB7BDBDD
:101ED000267809CD5918F46E9AB701EC4F9AA88369
:101EE000956E65E6FFE67EAABCCF082115E8E6EF11
:101EF000E79BD9BA6F36CE4A9F09D4EAB07CD6297F
:101F0000A4B2AF313F23312AA59430C6A266C035B2
:101F10004EBC377482CAA6FC90D0B0E0A7D8153367
:101F200004984AF1ECDAF741CD500E7F91F62F1765
:101F30004DD68D76EFB04D43AA4D54CC9604DFE4D8
:101F4000D1B5E39E6A881B4C2C1FB8C165517F46F2
:101F50005EEA049D8C355D01877473FA0B412EFB9C
:101F6000671D5AB3DBD25292105633E9D647136D30
:101F7000D7618C9AA10C7A37F8148E59133C89EBEF
:101F8000A927EECE61C935B71CE5EDE147B13C7A32
:101F9000D2DF599CF2733F5514CE7918C737BF73FF
:101FA000F7CDEA53FDAA5B5F3D6F14DF44DB867813
:101FB000AFF381CA68C43EB924342C38A3405FC251
:101FC0001DC37216E2250CBC3C498B280D9541FFC0
:101FD000A80171390CB3DE08B4E49CD856C19064F2
:101FE000CB84617B32B670D56C5C7448B85742D0F4
:101FF000A75051F465537E41A4C31A175E963A2741
:102000006BCB3BAB45F11F9D58ABACFA03934BE355
:10201000FA5520306DF6AD76769188CC4C25F502D8
:10202000D7FC4FE5CBD7C52A44802635A38FB562B0
:102030005A49DEB11B6725BA0E9845EAC0E15DFE3C
:102040007502C32FF012814C97A38D46F9C66BD34E
:102050005FE7038F9C9515927AEBBF6D59DA955225
:10206000832DD4BE21D35874692949E0C8448EC950
:10207000896A75C27978F48E3E6B995871DD27B9FB
:102080004FB6BEE1AD17F088AC66C9203AB47DCE3C
:102090004A1863DF3182E51A336097517F456253F6
:1020A00077E0B164AE84BB6BA01CFE812B94F90871
:1020B00068587048FD198F456C8794DEF8B7527BDD
:1020C000D323AB7302E2724B8F57E31FAB2A6655E3
:1020D0002807B2EBC2032FB57B9A86C508A5D33774
:1020E00087F23028A5B223BF6ABA0203825CED16DC
:1020F0001C2B8ACFB492A779F2F0F307E2A14E69C4
:10210000F4CD65DABED50605621FD134FE8AC4A6B9
:10211000539D342E55A0A2F3E132058AEB75A4F647
:10212000EC390B83EFAA40609F065E711051BD6EC3
:102130008AF93E21063D96DD05AEDD3EBD464DE603
:102140008DB591545D0571C4D46F040615FF6050C0
:10215000FB241998E997D6BD43CC89409E7767D96F
:1021600042BDB0E88B8807895B38E719EEDB79C898
:102170000A47A17C0FE97C421EC9F88400000000D8
:1021800086830980ED48322B70AC1E11724E6C5A5A
:10219000FFFBFD0E38560F85D51E3DAE3927362D77
:1021A000D9640A0FA621685C54D19B5B2E3A243671
:1021B00067B10C0AE70F935796D2B4EE919E1B9B22
:1021C000C54F80C020A261DC4B695A771A161C12D9
:1021D000BA0AE2932AE5C0A0E0433C22171D121B75
:1021E0000D0B0E09C7ADF28BA8B92DB6A9C8141EE8
:1021F000198557F1074CAF75DDBBEE9960FDA37FE4
:10220000269FF701F5BC5C723BC544667E345BFBE0
:1022100029768B43C6DCCB23FC68B6EDF163B8E4CA
:10222000DCCAD7318510426322401397112084C63F
:10223000247D854A3DF8D2BB3211AEF9A16DC72984
:102240002F4B1D9E30F3DCB252EC0D86E3D077C1EC
:10225000166C2BB3B999A97048FA1194642247E916
:102260008CC4A8FC3F1AA0F02CD8567D90EF2233E6
:102270004EC78749D1C1D938A2FE8CCA0B3698D433
:1022800081CFA6F5DE28A57A8E26DAB7BFA43FADAA
:102290009DE42C3A920D5078CC9B6A5F4662547E46
:1022A00013C2F68DB8E890D8F75E2E39AFF582C329
:1022B00080BE9F5D937C69D02DA96FD512B3CF25C9
:1022C000993BC8AC7DA71018636EE89CBB7BDB3BD9
:1022D0007809CD2618F46E59B701EC9A9AA8834F65
:1022E0006E65E695E67EAAFFCF0821BCE8E6EF150D
:1022F0009BD9BAE736CE4A6F09D4EA9F7CD629B07B
:10230000B2AF31A423312A3F9430C6A566C035A2AE
:10231000BC37744ECAA6FC82D0B0E090D81533A763
:10232000984AF104DAF741EC500E7FCDF62F179161
:10233000D68D764DB04D43EF4D54CCAA04DFE496D4
:10234000B5E39ED1881B4C6A1FB8C12C517F4665EE
:10235000EA049D5E355D018C7473FA87412EFB0B98
:102360001D5AB367D25292DB5633E91047136DD62C
:10237000618C9AD70C7A37A1148E59F83C89EB13EB
:1023800027EECEA9C935B761E5EDE11CB13C7A472E
:10239000DF599CD2733F55F2CE79181437BF73C7FB
:1023A000CDEA53F7AA5B5FFD6F14DF3DDB8678440F
:1023B000F381CAAFC43EB968342C3824405FC2A34D
:1023C000C372161D250CBCE2498B283C9541FF0DBC
:1023D000017139A8B3DE080CE49CD8B4C1906456EE
:1023E00084617BCBB670D5325C74486C5742D0B8F0
:1023F0005051F4A7537E4165C31A17A4963A275E3D
:10240000CB3BAB6BF11F9D45ABACFA58934BE30351
:10241000552030FAF6AD766D9188CC7625F5024CD4
:10242000FC4FE5D7D7C52ACB802635448FB562A3AC
:1024300049DEB15A6725BA1B9845EA0EE15DFEC038
:1024400002C32F7512814CF0A38D4697C66BD3F94A
:10245000E7038F5F9515929CEBBF6D7ADA95525921
:102460002DD4BE83D35874212949E069448EC9C84C
:102470006A75C28978F48E796B99583EDD27B971F7
:10248000B6BEE14F17F088AD66C920ACB47DCE3A38
:102490001863DF4A82E51A31609751334562537FF2
:1024A000E0B1647784BB6BAE1CFE81A094F9082B6D
:1024B00058704868198F45FD8794DE6CB7527BF8D9
:1024C00023AB73D3E2724B0257E31F8F2A6655ABDF
:1024D00007B2EB28032FB5C29A86C57BA5D3370870
:1024E000F2302887B223BFA5BA02036A5CED1682D8
:1024F0002B8ACF1C92A779B4F0F307F2A14E69E2C0
:10250000CD65DAF4D50605BE1FD134628AC4A6FEB5
:102510009D342E53A0A2F35532058AE175A4F6EB43
:10252000390B83ECAA4060EF065E719F51BD6E10BF
:10253000F93E218A3D96DD06AEDD3E05464DE6BDFF
:10254000B591548D0571C45D6F0406D4FF605015BC
:10255000241998FB97D6BDE9CC8940437767D99E6B
:10256000BDB0E8428807898B38E7195BDB79C8EE94
:1025700047A17C0AE97C420FC9F8841E00000000D4
:102580008309808648322BEDAC1E11704E6C5A7256
:10259000FBFD0EFF560F85381E3DAED527362D3973
:1025A000640A0FD921685CA6D19B5B543A24362E6D
:1025B000B10C0A670F9357E7D2B4EE969E1B9B911E
:1025C0004F80C0C5A261DC20695A774B161C121AD5
:1025D0000AE293BAE5C0A02A433C22E01D121B1771
:1025E0000B0E090DADF28BC7B92DB6A8C8141EA9E4
:1025F0008557F1194CAF7507BBEE99DDFDA37F60E0
:102600009FF70126BC5C72F5C544663B345BFB7EDC
:10261000768B4329DCCB23C668B6EDFC63B8E4F1C6
:10262000CAD731DC10426385401397222084C6113B
:102630007D854A24F8D2BB3D11AEF9326DC729A180
:102640004B1D9E2FF3DCB230EC0D8652D077C1E3E8
:102650006C2BB31699A970B9FA1194482247E96412
:10266000C4A8FC8C1AA0F03FD8567D2CEF223390E2
:10267000C787494EC1D938D1FE8CCAA23698D40B2F
:10268000CFA6F58128A57ADE26DAB78EA43FADBFA6
:10269000E42C3A9D0D5078929B6A5FCC62547E4642
:1026A000C2F68D13E890D8B85E2E39F7F582C3AF25
:1026B000BE9F5D807C69D093A96FD52DB3CF2512C5
:1026C0003BC8AC99A710187D6EE89C637BDB3BBBD5
:1026D00009CD2678F46E591801EC9AB7A8834F9A61
:1026E00065E6956E7EAAFFE60821BCCFE6EF15E809
:1026F000D9BAE79BCE4A6F36D4EA9F09D629B07C77
:10270000AF31A4B2312A3F2330C6A594C035A266AA
:1027100037744EBCA6FC82CAB0E090D01533A7D85F
:102720004AF10498F741ECDA0E7FCD502F1791F65D
:102730008D764DD64D43EFB054CCAA4DDFE49604D0
:10274000E39ED1B51B4C6A88B8C12C1F7F466551EA
:10275000049D5EEA5D018C3573FA87742EFB0B4194
:102760005AB3671D5292DBD233E91056136DD64728
:102770008C9AD7617A37A10C8E59F81489EB133CE7
:10278000EECEA92735B761C9EDE11CE53C7A47B12A
:10279000599CD2DF3F55F273791814CEBF73C737F7
:1027A000EA53F7CD5B5FFDAA14DF3D6F867844DB0B
:1027B00081CAAFF33EB968C42C3824345FC2A34049
:1027C00072161DC30CBCE2258B283C4941FF0D95B8
:1027D0007139A801DE080CB39CD8B4E4906456C1EA
:1027E000617BCB8470D532B674486C5C42D0B857EC
:1027F00051F4A7507E4165531A17A4C33A275E9639
:102800003BAB6BCB1F9D45F1ACFA58AB4BE303934D
:102810002030FA55AD766DF688CC7691F5024C25D0
:102820004FE5D7FCC52ACBD726354480B562A38FA8
:10283000DEB15A4925BA1B6745EA0E985DFEC0E134
:10284000C32F7502814CF0128D4697A36BD3F9C646
:10285000038F5FE715929C95BF6D7AEB955259DA1D
:10286000D4BE832D587421D349E069298EC9C84448
:1028700075C2896AF48E797899583E6B27B971DDF3
:10288000BEE14FB6F088AD17C920AC667DCE3AB434
:1028900063DF4A18E51A31829751336062537F45EE
:1028A000B16477E0BB6BAE84FE81A01CF9082B9469
:1028B000704868588F45FD1994DE6C87527BF8B7D5
:1028C000AB73D323724B02E2E31F8F576655AB2ADB
:1028D000B2EB28072FB5C20386C57B9AD33708A56C
:1028E000302887F223BFA5B202036ABAED16825CD4
:1028F0008ACF1C2BA779B492F307F2F04E69E2A1BC
:1029000065DAF4CD0605BED5D134621FC4A6FE8AB1
:10291000342E539DA2F355A0058AE132A4F6EB753F
:102920000B83EC394060EFAA5E719F06BD6E1051BB
:102930003E218AF996DD063DDD3E05AE4DE6BD46FB
:1029400091548DB571C45D050406D46F605015FFB8
:102950001998FB24D6BDE997894043CC67D99E7767
:10296000B0E842BD07898B88E7195B3879C8EEDB90
:10297000A17C0A477C420FE9F8841EC900000000D0
:1029800009808683322BED481E1170AC6C5A724E52
:10299000FD0EFFFB0F8538563DAED51E362D39276F
:1029A0000A0FD964685CA6219B5B54D124362E3A69
:1029B0000C0A67B19357E70FB4EE96D21B9B919E1A
:1029C00080C0C54F61DC20A25A774B691C121A16D1
:1029D000E293BA0AC0A02AE53C22E043121B171D6D
:1029E0000E090D0BF28BC7AD2DB6A8B9141EA9C8E0
:1029F00057F11985AF75074CEE99DDBBA37F60FDDC
:102A0000F701269F5C72F5BC44663BC55BFB7E34D8
:102A10008B432976CB23C6DCB6EDFC68B8E4F163C2
:102A2000D731DCCA426385101397224084C6112037
:102A3000854A247DD2BB3DF8AEF93211C729A16D7C
:102A40001D9E2F4BDCB230F30D8652EC77C1E3D0E4
:102A50002BB3166CA970B999119448FA47E964220E
:102A6000A8FC8CC4A0F03F1A567D2CD8223390EFDE
:102A700087494EC7D938D1C18CCAA2FE98D40B362B
:102A8000A6F581CFA57ADE28DAB78E263FADBFA4A2
:102A90002C3A9DE45078920D6A5FCC9B547E46623E
:102AA000F68D13C290D8B8E82E39F75E82C3AFF521
:102AB0009F5D80BE69D0937C6FD52DA9CF2512B3C1
:102AC000C8AC993B10187DA7E89C636EDB3BBB7BD1
:102AD000CD2678096E5918F4EC9AB701834F9AA85D
:102AE000E6956E65AAFFE67E21BCCF08EF15E8E605
:102AF000BAE79BD94A6F36CEEA9F09D429B07CD673
:102B000031A4B2AF2A3F2331C6A5943035A266C0A6
:102B1000744EBC37FC82CAA6E090D0B033A7D8155B
:102B2000F104984A41ECDAF77FCD500E1791F62F59
:102B3000764DD68D43EFB04DCCAA4D54E49604DFCC
:102B40009ED1B5E34C6A881BC12C1FB84665517FE6
:102B50009D5EEA04018C355DFA877473FB0B412E90
:102B6000B3671D5A92DBD252E91056336DD6471324
:102B70009AD7618C37A10C7A59F8148EEB133C89E3
:102B8000CEA927EEB761C935E11CE5ED7A47B13C26
:102B90009CD2DF5955F2733F1814CE7973C737BFF3
:102BA00053F7CDEA5FFDAA5BDF3D6F147844DB8607
:102BB000CAAFF381B968C43E3824342CC2A3405F45
:102BC000161DC372BCE2250C283C498BFF0D9541B4
:102BD00039A80171080CB3DED8B4E49C6456C190E6
:102BE0007BCB8461D532B670486C5C74D0B85742E8
:102BF00052096AD53036A538BF40A39E81F3D7FB72
:102C00007CE339829B2FFF87348E4344C4DEE9CBBB
:102C1000547B9432A6C2233DEE4C950B42FAC34E30
:102C2000082EA16628D924B2765BA2496D8BD125E6
:102C300072F8F66486689816D4A45CCC5D65B6928A
:102C40006C704850FDEDB9DA5E154657A78D9D842E
:102C500090D8AB008CBCD30AF7E45805B8B345064E
:102C6000D02C1E8FCA3F0F02C1AFBD0301138A6B68
:102C70003A9111414F67DCEA97F2CFCEF0B4E67398
:102C800096AC7422E7AD3585E2F937E81C75DF6E46
:102C900047F11A711D29C5896FB7620EAA18BE1BAC
:102CA000FC563E4BC6D279209ADBC0FE78CD5AF452
:102CB0001FDDA8338807C731B11210592780EC5F98
:102CC00060517FA919B54A0D2DE57A9F93C99CEFF4
:102CD000A0E03B4DAE2AF5B0C8EBBB3C83539961F5
:102CE000172B047EBA77D626E169146355210C7D33
:102CF0006363A5C67C7C84F8777799EE7B7B8DF641
:102D0000F2F20DFF6B6BBDD66F6FB1DEC5C554918E
:102D100030305060010103026767A9CE2B2B7D562E
:102D2000FEFE19E7D7D762B5ABABE64D76769AECE7
:102D3000CACA458F82829D1FC9C940897D7D87FA95
:102D4000FAFA15EF5959EBB24747C98EF0F00BFB71
:102D5000ADADEC41D4D467B3A2A2FD5FAFAFEA45FD
:102D60009C9CBF23A4A4F753727296E4C0C05B9BE3
:102D7000B7B7C275FDFD1CE19393AE3D26266A4CA4
:102D800036365A6C3F3F417EF7F702F5CCCC4F8385
:102D900034345C68A5A5F451E5E534D1F1F108F9C6
:102DA000717193E2D8D873AB3131536215153F2A54
:102DB00004040C08C7C7529523236546C3C35E9D10
:102DC000181828309696A13705050F0A9A9AB52F3C
:102DD0000707090E1212362480809B1BE2E23DDFBA
:102DE000EBEB26CD2727694EB2B2CD7F75759FEAF2
:102DF00009091B1283839E1D2C2C74581A1A2E3419
:102E00001B1B2D366E6EB2DC5A5AEEB4A0A0FB5BD3
:102E10005252F6A43B3B4D76D6D661B7B3B3CE7DC6
:102E200029297B52E3E33EDD2F2F715E84849713C3
:102E30005353F5A6D1D168B900000000EDED2CC1C7
:102E400020206040FCFC1FE3B1B1C8795B5BEDB6AC
:102E50006A6ABED4CBCB468DBEBED96739394B72B8
:102E60004A4ADE944C4CD4985858E8B0CFCF4A85A3
:102E7000D0D06BBBEFEF2AC5AAAAE54FFBFB16ED3E
:102E80004343C5864D4DD79A333355668585941196
:102E90004545CF8AF9F910E9020206047F7F81FED9
:102EA0005050F0A03C3C44789F9FBA25A8A8E34B23
:102EB0005151F3A2A3A3FE5D4040C0808F8F8A05CD
:102EC0009292AD3F9D9DBC2138384870F5F504F1D4
:102ED000BCBCDF63B6B6C177DADA75AF21216342D5
:102EE00010103020FFFF1AE5F3F30EFDD2D26DBFB4
:102EF000CDCD4C810C0C141813133526ECEC2FC3DC
:102F00005F5FE1BE9797A2354444CC881717392EEE
:102F1000C4C45793A7A7F2557E7E82FC3D3D477AF5
:102F20006464ACC85D5DE7BA19192B32737395E61A
:102F30006060A0C0818198194F4FD19EDCDC7FA3D7
:102F4000222266442A2A7E549090AB3B8888830BC9
:102F50004646CA8CEEEE29C7B8B8D36B14143C2889
:102F6000DEDE79A75E5EE2BC0B0B1D16DBDB76AD09
:102F7000E0E03BDB323256643A3A4E740A0A1E14E1
:102F80004949DB9206060A0C24246C485C5CE4B8D0
:102F9000C2C25D9FD3D36EBDACACEF436262A6C428
:102FA0009191A8399595A431E4E437D379798BF2DE
:102FB000E7E732D5C8C8438B3737596E6D6DB7DA3E
:102FC0008D8D8C01D5D564B14E4ED29CA9A9E04916
:102FD0006C6CB4D85656FAACF4F407F3EAEA25CF91
:102FE0006565AFCA7A7A8EF4AEAEE9470808181064
:102FF000BABAD56F787888F025256F4A2E2E725C84
:103000001C1C2438A6A6F157B4B4C773C6C6519782
:10301000E8E823CBDDDD7CA174749CE81F1F213E12
:103020004B4BDD96BDBDDC618B8B860D8A8A850F8F
:10303000707090E03E3E427CB5B5C4716666AACC25
:103040004848D89003030506F6F601F70E0E121C49
:103050006161A3C235355F6A5757F9AEB9B9D06916
:1030600086869117C1C158991D1D273A9E9EB92782
:10307000E1E138D9F8F813EB9898B32B111133220A
:103080006969BBD2D9D970A98E8E89079494A73368
:103090009B9BB62D1E1E223C87879215E9E920C90D
:1030A000CECE49875555FFAA28287850DFDF7AA56C
:1030B0008C8C8F03A1A1F859898980090D0D171AED
:1030C000BFBFDA65E6E631D74242C6846868B8D049
:1030D0004141C3829999B0292D2D775A0F0F111EA6
:1030E000B0B0CB7B5454FCA8BBBBD66D16163A2CA3
:1030F00063A5C6637C84F87C7799EE777B8DF67B3D
:10310000F20DFFF26BBDD66B6FB1DE6FC55491C58A
:10311000305060300103020167A9CE672B7D562B2A
:10312000FE19E7FED762B5D7ABE64DAB769AEC76E3
:10313000CA458FCA829D1F82C94089C97D87FA7D91
:10314000FA15EFFA59EBB25947C98E47F00BFBF06D
:10315000ADEC41ADD467B3D4A2FD5FA2AFEA45AFF9
:103160009CBF239CA4F753A47296E472C05B9BC0DF
:10317000B7C275B7FD1CE1FD93AE3D93266A4C26A0
:10318000365A6C363F417E3FF702F5F7CC4F83CC81
:10319000345C6834A5F451A5E534D1E5F108F9F1C2
:1031A0007193E271D873ABD831536231153F2A1550
:1031B000040C0804C75295C723654623C35E9DC30C
:1031C0001828301896A13796050F0A059AB52F9A38
:1031D00007090E0712362412809B1B80E23DDFE2B6
:1031E000EB26CDEB27694E27B2CD7FB2759FEA75EE
:1031F000091B1209839E1D832C74582C1A2E341A15
:103200001B2D361B6EB2DC6E5AEEB45AA0FB5BA0CF
:1032100052F6A4523B4D763BD661B7D6B3CE7DB3C2
:10322000297B5229E33EDDE32F715E2F84971384BF
:1032300053F5A653D168B9D100000000ED2CC1EDC3
:1032400020604020FC1FE3FCB1C879B15BEDB65BA8
:103250006ABED46ACB468DCBBED967BE394B7239B4
:103260004ADE944A4CD4984C58E8B058CF4A85CF9F
:10327000D06BBBD0EF2AC5EFAAE54FAAFB16EDFB3A
:1032800043C586434DD79A4D335566338594118592
:1032900045CF8A45F910E9F9020604027F81FE7FD5
:1032A00050F0A0503C44783C9FBA259FA8E34BA81F
:1032B00051F3A251A3FE5DA340C080408F8A058FC9
:1032C00092AD3F929DBC219D38487038F504F1F5D0
:1032D000BCDF63BCB6C177B6DA75AFDA21634221D1
:1032E00010302010FF1AE5FFF30EFDF3D26DBFD2B0
:1032F000CD4C81CD0C14180C13352613EC2FC3ECD8
:103300005FE1BE5F97A2359744CC884417392E17EA
:10331000C45793C4A7F255A77E82FC7E3D477A3DF1
:1033200064ACC8645DE7BA5D192B32197395E67316
:1033300060A0C060819819814FD19E4FDC7FA3DCD3
:10334000226644222A7E542A90AB3B9088830B88C5
:1033500046CA8C46EE29C7EEB8D36BB8143C281485
:10336000DE79A7DE5EE2BC5E0B1D160BDB76ADDB05
:10337000E03BDBE0325664323A4E743A0A1E140ADD
:1033800049DB9249060A0C06246C48245CE4B85CCC
:10339000C25D9FC2D36EBDD3ACEF43AC62A6C46224
:1033A00091A8399195A43195E437D3E4798BF279DA
:1033B000E732D5E7C8438BC837596E376DB7DA6D3A
:1033C0008D8C018DD564B1D54ED29C4EA9E049A912
:1033D0006CB4D86C56FAAC56F407F3F4EA25CFEA8D
:1033E00065AFCA657A8EF47AAEE947AE0818100860
:1033F000BAD56FBA7888F078256F4A252E725C2E80
:103400001C24381CA6F157A6B4C773B4C65197C67E
:10341000E823CBE8DD7CA1DD749CE8741F213E1F0E
:103420004BDD964BBDDC61BD8B860D8B8A850F8A8B
:103430007090E0703E427C3EB5C471B566AACC6621
:1034400048D8904803050603F601F7F60E121C0E45
:1034500061A3C261355F6A3557F9AE57B9D069B912
:1034600086911786C15899C11D273A1D9EB9279E7E
:10347000E138D9E1F813EBF898B32B981133221106
:1034800069BBD269D970A9D98E89078E94A7339464
:103490009BB62D9B1E223C1E87921587E920C9E909
:1034A000CE4987CE55FFAA5528785028DF7AA5DF68
:1034B0008C8F038CA1F859A1898009890D171A0DE9
:1034C000BFDA65BFE631D7E642C6844268B8D06845
:1034D00041C3824199B029992D775A2D0F111E0FA2
:1034E000B0CB7BB054FCA854BBD66DBB163A2C169F
:1034F000A5C6636384F87C7C99EE77778DF67B7B39
:103500000DFFF2F2BDD66B6BB1DE6F6F5491C5C586
:103510005060303003020101A9CE67677D562B2B26
:1035200019E7FEFE62B5D7D7E64DABAB9AEC7676DF
:10353000458FCACA9D1F82824089C9C987FA7D7D8D
:1035400015EFFAFAEBB25959C98E47470BFBF0F069
:10355000EC41ADAD67B3D4D4FD5FA2A2EA45AFAFF5
:10356000BF239C9CF753A4A496E472725B9BC0C0DB
:10357000C275B7B71CE1FDFDAE3D93936A4C26269C
:103580005A6C3636417E3F3F02F5F7F74F83CCCC7D
:103590005C683434F451A5A534D1E5E508F9F1F1BE
:1035A00093E2717173ABD8D8536231313F2A15154C
:1035B0000C0804045295C7C7654623235E9DC3C308
:1035C00028301818A13796960F0A0505B52F9A9A34
:1035D000090E0707362412129B1B80803DDFE2E2B2
:1035E00026CDEBEB694E2727CD7FB2B29FEA7575EA
:1035F0001B1209099E1D838374582C2C2E341A1A11
:103600002D361B1BB2DC6E6EEEB45A5AFB5BA0A0CB
:10361000F6A452524D763B3B61B7D6D6CE7DB3B3BE
:103620007B5229293EDDE3E3715E2F2F97138484BB
:10363000F5A6535368B9D1D1000000002CC1EDEDBF
:10364000604020201FE3FCFCC879B1B1EDB65B5BA4
:10365000BED46A6A468DCBCBD967BEBE4B723939B0
:10366000DE944A4AD4984C4CE8B058584A85CFCF9B
:103670006BBBD0D02AC5EFEFE54FAAAA16EDFBFB36
:10368000C5864343D79A4D4D55663333941185858E
:10369000CF8A454510E9F9F90604020281FE7F7FD1
:1036A000F0A0505044783C3CBA259F9FE34BA8A81B
:1036B000F3A25151FE5DA3A3C08040408A058F8FC5
:1036C000AD3F9292BC219D9D4870383804F1F5F5CC
:1036D000DF63BCBCC177B6B675AFDADA63422121CD
:1036E000302010101AE5FFFF0EFDF3F36DBFD2D2AC
:1036F0004C81CDCD14180C0C352613132FC3ECECD4
:10370000E1BE5F5FA2359797CC884444392E1717E6
:103710005793C4C4F255A7A782FC7E7E477A3D3DED
:10372000ACC86464E7BA5D5D2B32191995E6737312
:10373000A0C0606098198181D19E4F4F7FA3DCDCCF
:10374000664422227E542A2AAB3B9090830B8888C1
:10375000CA8C464629C7EEEED36BB8B83C28141481
:1037600079A7DEDEE2BC5E5E1D160B0B76ADDBDB01
:103770003BDBE0E0566432324E743A3A1E140A0AD9
:10378000DB9249490A0C06066C482424E4B85C5CC8
:103790005D9FC2C26EBDD3D3EF43ACACA6C4626220
:1037A000A8399191A431959537D3E4E48BF27979D6
:1037B00032D5E7E7438BC8C8596E3737B7DA6D6D36
:1037C0008C018D8D64B1D5D5D29C4E4EE049A9A90E
:1037D000B4D86C6CFAAC565607F3F4F425CFEAEA89
:1037E000AFCA65658EF47A7AE947AEAE181008085C
:1037F000D56FBABA88F078786F4A2525725C2E2E7C
:1038000024381C1CF157A6A6C773B4B45197C6C67A
:1038100023CBE8E87CA1DDDD9CE87474213E1F1F0A
:10382000DD964B4BDC61BDBD860D8B8B850F8A8A87
:1038300090E07070427C3E3EC471B5B5AACC66661D
:10384000D89048480506030301F7F6F6121C0E0E41
:10385000A3C261615F6A3535F9AE5757D069B9B90E
:10386000911786865899C1C1273A1D1DB9279E9E7A
:1038700038D9E1E113EBF8F8B32B98983322111102
:10388000BBD2696970A9D9D989078E8EA733949460
:10389000B62D9B9B223C1E1E9215878720C9E9E905
:1038A0004987CECEFFAA5555785028287AA5DFDF64
:1038B0008F038C8CF859A1A180098989171A0D0DE5
:1038C000DA65BFBF31D7E6E6C6844242B8D0686841
:1038D000C3824141B0299999775A2D2D111E0F0F9E
:1038E000CB7BB0B0FCA85454D66DBBBB3A2C16169B
:1038F000C66363A5F87C7C84EE777799F67B7B8D35
:10390000FFF2F20DD66B6BBDDE6F6FB191C5C55482
:103910006030305002010103CE6767A9562B2B7D22
:10392000E7FEFE19B5D7D7624DABABE6EC76769ADB
:103930008FCACA451F82829D89C9C940FA7D7D8789
:10394000EFFAFA15B25959EB8E4747C9FBF0F00B65
:1039500041ADADECB3D4D4675FA2A2FD45AFAFEAF1
:10396000239C9CBF53A4A4F7E47272969BC0C05BD7
:1039700075B7B7C2E1FDFD1C3D9393AE4C26266A98
:103980006C36365A7E3F3F41F5F7F70283CCCC4F79
:103990006834345C51A5A5F4D1E5E534F9F1F108BA
:1039A000E2717193ABD8D873623131532A15153F48
:1039B0000804040C95C7C752462323659DC3C35E04
:1039C00030181828379696A10A05050F2F9A9AB530
:1039D0000E070709241212361B80809BDFE2E23DAE
:1039E000CDEBEB264E2727697FB2B2CDEA75759FE6
:1039F0001209091B1D83839E582C2C74341A1A2E0D
:103A0000361B1B2DDC6E6EB2B45A5AEE5BA0A0FBC7
:103A1000A45252F6763B3B4DB7D6D6617DB3B3CEBA
:103A20005229297BDDE3E33E5E2F2F7113848497B7
:103A3000A65353F5B9D1D16800000000C1EDED2CBB
:103A400040202060E3FCFC1F79B1B1C8B65B5BEDA0
:103A5000D46A6ABE8DCBCB4667BEBED97239394BAC
:103A6000944A4ADE984C4CD4B05858E885CFCF4A97
:103A7000BBD0D06BC5EFEF2A4FAAAAE5EDFBFB1632
:103A8000864343C59A4D4DD766333355118585948A
:103A90008A4545CFE9F9F91004020206FE7F7F81CD
:103AA000A05050F0783C3C44259F9FBA4BA8A8E317
:103AB000A25151F35DA3A3FE804040C0058F8F8AC1
:103AC0003F9292AD219D9DBC70383848F1F5F504C8
:103AD00063BCBCDF77B6B6C1AFDADA7542212163C9
:103AE00020101030E5FFFF1AFDF3F30EBFD2D26DA8
:103AF00081CDCD4C180C0C1426131335C3ECEC2FD0
:103B0000BE5F5FE1359797A2884444CC2E171739E2
:103B100093C4C45755A7A7F2FC7E7E827A3D3D47E9
:103B2000C86464ACBA5D5DE73219192BE67373950E
:103B3000C06060A0198181989E4F4FD1A3DCDC7FCB
:103B400044222266542A2A7E3B9090AB0B888883BD
:103B50008C4646CAC7EEEE296BB8B8D32814143C7D
:103B6000A7DEDE79BC5E5EE2160B0B1DADDBDB76FD
:103B7000DBE0E03B64323256743A3A4E140A0A1ED5
:103B8000924949DB0C06060A4824246CB85C5CE4C4
:103B90009FC2C25DBDD3D36E43ACACEFC46262A61C
:103BA000399191A8319595A4D3E4E437F279798BD2
:103BB000D5E7E7328BC8C8436E373759DA6D6DB732
:103BC000018D8D8CB1D5D5649C4E4ED249A9A9E00A
:103BD000D86C6CB4AC5656FAF3F4F407CFEAEA2585
:103BE000CA6565AFF47A7A8E47AEAEE91008081858
:103BF0006FBABAD5F07878884A25256F5C2E2E7278
:103C0000381C1C2457A6A6F173B4B4C797C6C65176
:103C1000CBE8E823A1DDDD7CE874749C3E1F1F2106
:103C2000964B4BDD61BDBDDC0D8B8B860F8A8A8583
:103C3000E07070907C3E3E4271B5B5C4CC6666AA19
:103C4000904848D806030305F7F6F6011C0E0E123D
:103C5000C26161A36A35355FAE5757F969B9B9D00A
:103C60001786869199C1C1583A1D1D27279E9EB976
:103C7000D9E1E138EBF8F8132B9898B322111133FE
:103C8000D26969BBA9D9D970078E8E89339494A75C
:103C90002D9B9BB63C1E1E2215878792C9E9E92001
:103CA00087CECE49AA5555FF50282878A5DFDF7A60
:103CB000038C8C8F59A1A1F8098989801A0D0D17E1
:103CC00065BFBFDAD7E6E631844242C6D06868B83D
:103CD000824141C3299999B05A2D2D771E0F0F119A
:103CE0007BB0B0CBA85454FC6DBBBBD62C16163A97
:103CF000637C777BF26B6FC53001672BFED7AB76A9
:103D0000CA82C97DFA5947F0ADD4A2AF9CA472C053
:103D1000B7FD9326363FF7CC34A5E5F171D83115C0
:103D200004C723C31896059A071280E2EB27B275E1
:103D300009832C1A1B6E5AA0523BD6B329E32F8459
:103D400053D100ED20FCB15B6ACBBE394A4C58CF51
:103D5000D0EFAAFB434D338545F9027F503C9FA825
:103D600051A3408F929D38F5BCB6DA2110FFF3D2F3
:103D7000CD0C13EC5F974417C4A77E3D645D1973A7
:103D800060814FDC222A908846EEB814DE5E0BDBA1
:103D9000E0323A0A4906245CC2D3AC629195E479D8
:103DA000E7C8376D8DD54EA96C56F4EA657AAE0832
:103DB000BA78252E1CA6B4C6E8DD741F4BBD8B8ACD
:103DC000703EB5664803F60E613557B986C11D9E33
:103DD000E1F8981169D98E949B1E87E9CE5528DFAA
:103DE0008CA1890DBFE6426841992D0FB054BB16D6
:103DF00049DC0310982F8A4291443771CFFBC0B53C
:103E0000A5DBB5E95BC25639F111F159A4823F92A5
:103E1000D55E1CAB98AA07D8015B8312BE853124FE
:103E2000C37D0C55745DBE72FEB1DE80A706DC9BBF
:103E300074F19BC1C1699BE48647BEEFC69DC10F6B
:103E4000CCA10C246F2CE92DAA84744ADCA9B05CA7
:103E5000DA88F97652513E986DC631A8C82703B06A
:103E6000C77F59BFF30BE0C64791A7D55163CA0678
:103E700067292914850AB72738211B2EFC6D2C4D84
:103E8000130D385354730A65BB0A6A762EC9C28172
:103E9000852C7292A1E8BFA24B661AA8708B4BC208
:103EA000A3516CC719E892D1240699D685350EF432
:103EB00070A06A1016C1A419086C371E4C774827E9
:103EC000B5BCB034B30C1C394AAAD84E4FCA9C5B5F
:103ED000F36F2E68EE828F746F63A5781478C884B0
:103EE0000802C78CFAFFBE90EB6C50A4F7A3F9BE92
:103EF000F27871C6F47A0410FC3E0510407104108B
:103F00000F000000010000000C3F05109A1800008F
:103F10009C3F0510407104103F00000007000000A6
:103F2000243F0510B21900005C3F0510720F00001D
:103F3000803F05108A0F0000743F05106A0F0000D3
:103F40006C3F0510820E0000943F05102A1C0000F3
:103F50008C3F05100A190000643F0510BC76041060
:103F6000A5410310EC76041051400310D4760410E0
:103F70009D3F0310A476041004000400C53F031005
:103F8000A47604100A000A00F13F0310BC76041066
:103F9000173F0310EC7604106D400310BC7604103C
:103FA000313F03103C84041000006902000000004F
:103FB0000000000000000001143F0510F47A041016
:103FC000C43F0510407104100F0000000100000004
:103FD000D43F0510B20800001C40051040710410C9
:103FE0001F00000003000000EC3F05108A1B0000CA
:103FF00004400510EA1300000C400510820E00007A
:1040000014400510BC76041069440310BC760410FB
:104010002D440310EC760410214203103C8404105C
:104020000000660201000000000000000000000225
:1040300025420310DC3F0510F47A041040400510BF
:10404000407104100F0000000100000050400510F6
:104050009A180000884005104071041017000000F5
:1040600002000000684005108A1B0000784005101F
:10407000820E000080400510D476041069460310BB
:10408000EC760410BD440310EC7604107145031067
:104090003C840410000067020000000000000000E3
:1040A0000000000158400510F47A0410B0400510DB
:1040B000407104100F00000001000000C040051016
:1040C0009A1800002C410510407104102F000000C8
:1040D00005000000D8400510B21900000841051085
:1040E000620F000018410510820E000024410510E7
:1040F000CA14000000410510BA1400001041051058
:10410000D476041079470310D4760410A94B031019
:10411000BC76041015470310A476041006000600B0
:104120004D4A0310EC760410D1470310BC760410FE
:10413000B94603103C84041000006802000000002F
:104140000000000000000001C8400510F47A0410CF
:1041500054410510407104100F00000001000000E0
:1041600064410510F21600006C410510A47604109D
:104170000C000C006D4C0310F47A04108041051003
:10418000407104100F000000010000009041051074
:104190009A180000D8410510407104101F0000005B
:1041A00003000000A84105108A1B0000C84105104B
:1041B00002190000D0410510820E0000C041051018
:1041C000EC760410414D0310BC760410A15D031081
:1041D000EC760410E55A0310EC760410F55E03103B
:1041E0003C8404100000C103000000000000000037
:1041F0000000000198410510F47A041000420510F7
:104200004071041017000000020000001042051069
:104210009A180000DC42051082190000E8420510DF
:1042200040710410570000000A00000030420510E1
:10423000B219000098420510820E0000D442051009
:1042400012140000C8420510AA040000BC42051068
:1042500002140000B442051022160000AC42051002
:104260001A160000A4420510A21400009042051086
:104270001A1C0000884205109A14000080420510A4
:10428000EC76041055600310D476041063600310BC
:10429000EC76041075600310A4760410040004008A
:1042A00079630310EC76041047600310EC76041079
:1042B00039600310EC76041015620310A476041024
:1042C0000400020089640310A476041006000600AE
:1042D0007D650310EC7604107F600310A476041053
:1042E00006000600956003103C84041000013003B2
:1042F00001000000000000000000000295600310B3
:104300002042051000000000FFFFFFFFFFFFFF7FBE
:1043100000000080DB0F4940DB0F49C0DB0F49BFC5
:10432000E4CB1640E4CB16C06937AC3168212233A8
:10433000B40F14336821A2333863ED3EDA0F493FDE
:104340005E987B3FDA0FC93F000FC93F000F49401D
:1043500000CB9640000FC9400053FB4000CB1641F4
:1043600000ED2F41000F49410031624100537B4174
:10437000003A8A4100CB9641005CA34100EDAF4179
:10438000007EBC41000FC94100A0D5410031E2418F
:1043900000C2EE410053FB4100F20342003A0A42E0
:1043A0000083104200CB164200141D42005C2342E1
:1043B00000A5294200ED2F4200363642007E3C42E5
:1043C00000C74242000F4942A2F9836E4E441529AC
:1043D000FC2757D1F534DDC0DB6295993C43904111
:1043E000FE5163ABDEBBC561B7246E3A424DD2E0ED
:1043F00006492EEA09D1921CFE1DEB1CB129A73EED
:10440000E88235F52EBB4484E99C7026B45F7E417A
:104410003991D639835339F49C845F8BBDF9283B9D
:104420001FF897FFDE05980FEF2F118B5A0A6D1FAB
:104430006D367ECF27CB09B74F463F669E5FEA2D8C
:104440007527BAC7EBE5F17B3D0739F78A5292EA47
:104450006BFB5FB11F8D5D0856033046FC7B6BAB79
:10446000F0CFBC209AF4361DA9E391615EE61B08EB
:104470006599855F14A068408DFFD8804D73273102
:1044800006061556CA73A8C960E27BC08C6B000093
:104490000000C93F0000F0390000DA370000A23305
:1044A0000000842E0000502B0000C2270000D02204
:1044B0000000C41F0000C61B0000441704000000D9
:1044C00007000000090000000000003F000000BFDE
:1044D00000000000DCCFD1350000000000C0153F17
:1044E0000000803F0000C03F06005250D3F07542EC
:1044F000C757041006005250E182887FD25704103B
:1045000006005250ABB36053E057041006005250FF
:10451000BBFF3CB6E657041006005250861C03024F
:104520006C490410060052505422A29DEB5704100F
:1045300005005250DE65F4683C590510000000008B
:10454000000000000000F03F0000000000002440D8
:1045500000000000000059400000000000408F40B3
:10456000000000000088C34000000000006AF8401E
:104570000000000080842E4100000000D012634142
:104580000000000084D797410000000065CDCD41B8
:104590000D0A000000000000AD04041031050410F5
:1045A00069050410B10504104D0604101907041024
:0845B000000000000000000003
:1045B80034DB041028DB041040DB041054DB041047
:1045C80028DC041070EB04107CEB041088EB04105A
:1045D80094EB0410A0EB0410ACEB0410B8EB04103F
:1045E800C4EB0410D0EB0410DCEB0410E8EB04106F
:1045F800F4EB041000EC04100CEC0410E844051073
:10460800F4440510004505100C4505101845051023
:08461800244505103045051092
:1046200010B50249024800F0AFFF10BD79E002105A
:10463000E435002010B5FFF7F3FF10BDF0B507001B
:1046400087B0052005930291039200F045FF34499D
:1046500000F02AFF0025029B01901C1FFA21019BFC
:10466000666889005E43300000F01EFF2D4B9E42BD
:1046700000D90938012360601D4203D02368C018A7
:104680000938606001350434042DE7D10123D026B8
:10469000BB402549360673620A6838009A430A60AF
:1046A000052100F0F1FE00F077FF05231F4C204D9F
:1046B00004903A00656001202360002100F0D6FEDE
:1046C0008446039A059BD3180393039B934204D11A
:1046D000049800F011FF07B0F0BD08201178022700
:1046E0008B093B40BB40029FFB1867460193019B2F
:1046F000A56077611F683B00A768EF1B9F42FBD353
:104700006346B361019B49005F68C9B2A368EB1AB5
:10471000BB42FBD301380028E1D10132D5E7C046C6
:1047200040420F00374A00006820002010E000E0FF
:10473000FFFFFF0070B500F02FFF80230E499B01A3
:104740000A680E4C5340C022920113400C4A136079
:10475000A56AA36A5B1B082BFBD9D0231B069C68A8
:104760000B68C02189010B40136000F0C5FE0120D9
:104770006408A04370BDC0460C8001400040054065
:104780000C900140D02230B50300002512061278AB
:1047900052B21C68EFF3108072B621680029FCD079
:1047A000BFF35F8F04241C571968944208D0002C73
:1047B00006DBBFF35F8F0D6080F3108820BFE8E752
:1047C0001A715A7901325A71BFF35F8F00230B605F
:1047D00030BD02681368002BFCD0BFF35F8F4379B4
:1047E000013BDBB24371002B01D1FF33037103683E
:1047F000BFF35F8F00221A6081F3108840BF7047BB
:1048000010B504000021200000F07DF80028F9D048
:1048100010BD0168EFF3108272B60B68002BFCD05C
:10482000BFF35F8F4379013BDBB24371002B01D1B2
:10483000FF3303710368BFF35F8F0021196082F3B8
:10484000108870470A4B0B49C01810B500F02CFEB9
:1048500001230200C0211A4012184905886A184233
:10486000FCD1054803604A61044A136010BDC0468C
:104870009FACB903A0ACB903083000180820001899
:10488000D02330B5002400211B061C570568EFF328
:10489000108372B62A68002AFCD0BFF35F8F0579B7
:1048A00002687F2D06D90471BFF35F8F116083F317
:1048B000108830BDBFF35F8F116083F3108820BF75
:1048C000E4E7030010B50068EFF3108472B60268E5
:1048D000002AFCD0BFF35F8F04229A56002A0CDA1C
:1048E000D0220120120612681A711B68BFF35F8F75
:1048F00000221A6084F3108810BD002901D1002025
:10490000F3E70A60FBE7D02203000020120630B56F
:1049100010561D68EFF3108472B62A68002AFCD086
:10492000BFF35F8F04229A56002A01DB82420CD12A
:10493000187101205A7901325A711B68BFF35F8FD9
:1049400000221A6084F3108830BD002901D10020B4
:10495000F3E70A60FBE7F7B50193D02305001600E3
:104960001B061F682968EFF3108372B60A68002AD5
:10497000FCD0BFF35F8F297900242A687F2907D9EB
:104980002F71BFF35F8F146083F310880120FEBD89
:10499000BFF35F8F146083F310883000019900F03B
:1049A000B3FD0028DED02000F1E773B501A90400B3
:1049B00016001D00FFF785FF00280CD1D02212063B
:1049C000019B12785BB252B2934204D032002B00AA
:1049D0002000FFF7C0FF76BDF8B50D00040000F021
:1049E0006BFDFA2206000F00002392002800002130
:1049F00000F09AFD0B000200802192197B4109060C
:104A00008B4202D30122034B52422000FFF7A3FF47
:104A1000F8BDC046FFFFFF7F0168EFF3108372B659
:104A20000A68002AFCD0BFF35F8FFF220271026880
:104A3000BFF35F8F0021116083F3108840BF704780
:104A4000084A10B51378002B0AD18023064807497D
:104A50005B051C68C45004338B42FAD101231370E8
:104A600010BDC0467F3700207C1A001000010010E6
:104A700010B5014B984710BD7D1A00200023044952
:104A80009A005118096801338150062BF7D17047FD
:104A900004000240002310B59A00044C81580133F1
:104AA00012191160062BF7D110BDC0460400024058
:104AB000054B02301B6800025840C0239B00184081
:104AC000024B18607047C0460C8001400C900140BA
:104AD0008023F0B5421807000C008BB09B039A426C
:104AE00001D900F019FD1426182530882B881549A6
:104AF00098472B8803901449308898472B88029058
:104B00001249308898472B8811490190308898477E
:104B10000500FFF795FF04A8FFF7B0FF039B984738
:104B2000029B984780222100D82338005202019C22
:104B3000A047A847FFF79CFF04A8FFF7ABFF0BB007
:104B4000F0BDC046494600004558000052450000EF
:104B5000464300008023F0B517008BB08218040094
:104B600003919B039A4201D900F0D6FC1426182524
:104B700030882B88134998472B8802901249308837
:104B800098472B8801901149308898472B88104905
:104B90000090308898470500FFF752FF04A8FFF700
:104BA0006DFF029B9847019B98473A0020000399AC
:104BB000009B9847A847FFF75BFF04A8FFF76AFF31
:104BC0000BB0F0BD494600004558000052500000AF
:104BD00046430000F0B5142718268BB033880190A7
:104BE00002913888244914009847338805002349E6
:104BF00038889847338822490390388898470600B8
:104C0000FFF71EFF04A8FFF739FFA847039B98474B
:104C10000020FFF74DFFC022230008205205123F5D
:104C2000210019430AD10120FFF742FFB047FFF7E7
:104C30001FFF04A8FFF72EFF0BB0F0BD916A0D0017
:104C4000054039420BD0002C09D0191B0D2906D87C
:104C50000199013C09781166019901310191002DFA
:104C6000DED0002BDCD0116E029D013B29702900A3
:104C700001310291D4E7C046494600004558000082
:104C800046430000F0B5042604001D001800B44699
:104C90002E001E4300D1F0BD002B0BD00227E6688A
:104CA0003E4207D01E000836AE4203D90E78013BC3
:104CB000A6600131002DEBD06746E6683E42E7D0A2
:104CC000A668013D16700132E2E730B50224030008
:104CD00010008A1891420ED10422D968114211D1D4
:104CE0001022D9681142FCD10422D96811420BD19B
:104CF00001221A6230BDDD682542FCD00D780131F9
:104D00009D60E7E79968E8E79968EEE7F8B5D02491
:104D1000FF23240623650C4E0122236D134200D18C
:104D2000F8BDA56D3368AB42F6D1EFF3108772B6CC
:104D3000280000F009FC3368AB4202D087F31088EA
:104D4000E9E720BFF7E7C046F01200200023190072
:104D500010B50948DA00121801339160D1600F2BA9
:104D6000F7D1F02292000021044800F0E5FB044B4B
:104D7000044A1A6010BDC046000010500C1C0020F0
:104D8000D823002080011050F0B500250126184BD3
:104D900087B09F6D002F01D0202D01D107B0F0BD4D
:104DA0003E4221D0134B6C089E6501236400AB4347
:104DB000E418114B6401E418200000F0E5F9002824
:104DC00011D0E38A2000019300F076F9A37803A8BC
:104DD0000371019BE02283600023D2000121028045
:104DE000437100F0EFF9B74301357600EDB2D1E73A
:104DF0000000115000301150CC1B0020564BF0B574
:104E00001D6880232C009B0285B01C401D422CD0C5
:104E1000524B534C9A6A534B534F1A600023E27E15
:104E2000022A07D1A67E002E04D0237F002B00D0BB
:104E30008AE033004034A742F1D1002B07D14B4B1D
:104E40001B78002B03D18022494B92021A60C022AA
:104E5000484B01A89B6C92005B055B0D01218024EF
:104E60000280436000F0AEF9A40210231D4202D07C
:104E70001C43FFF789FF80235B021D4222D01C43A5
:104E800001233D4EF370B37E002B02D0300000F0C2
:104E90006BFB0122331DDA773A363378002B02D0D0
:104EA0002F4800F061FBC02301A8DB00334A0380D8
:104EB00002AB42CA42C3012100F084F98022304B88
:104EC00092021A65EB0419D500272A4E3760FFF7C6
:104ED0003DFF80236A465B0093801772012101A881
:104EE00000F070F98022264B12031A65F36CDB0385
:104EF00001D500F0D1FA80235B011C438023DB0144
:104F00001D420AD01C43802301A8DB00038001213D
:104F100000F058F910221A4B1A6580231B021D421B
:104F20000BD01C43A02301A8DB000380012100F06B
:104F300049F98022124B12011A65AC420AD02100B5
:104F40001048694000F0D0FA00232000237700F0D9
:104F5000E1F86EE705B0F0BD980011500040054043
:104F6000EC1B0020C01B0020EC1F00206736002037
:104F70009030115000001150CC1B00200000105048
:104F80000030115005580410F0B50300828A008BE0
:104F9000041C904200D9141CDD78A4B22800121B16
:104FA0009A828022461EB041D20022434003104321
:104FB00001226A40DA705A78002A0BD1DD688E012E
:104FC000AD191E6994420FD11A6912191A61802213
:104FD000120210439B8A002B02D18023DB0118436D
:104FE000002900D00004F0BDB75CAF540132E9E7FE
:104FF000074A0300126C0020920707D49A78D2095E
:10500000012A03D1D87E0238434258417047C04636
:105010000000115010B5FFF7EBFF00280BD0064B36
:10502000064A9B6A064912685B189B1A0020C62232
:105030009A424041C0B210BD00400540C01B002054
:10504000E0FCFFFF8268030030B51068002900D043
:10505000000C5A788005800D002A08D1DA8A82185F
:10506000DA821A8B824201D900229A8230BDDA6834
:105070008901511800221C69904206D1DA8A8218EF
:10508000DA821A6912181A61EBE78D5CA5540132B5
:10509000F2E710B50400836800211B68FFF7D2FF18
:1050A00063681B685B0006D5238B834203D1012113
:1050B0002000FFF7C7FF10BD002383760361436123
:1050C0007047000010B58368002901D01C6821409A
:1050D000002A15D08024E4001143224210D01A681F
:1050E000224203D08178084800F0FEF9074A0A40BE
:1050F0001A60074B1B6C9B0702D40C23033BFDD2A9
:105100008368196010BDC04619580410FFFBFFFFEB
:1051100000001150436870B50021802504001E680E
:10512000FFF732FF154B6D011A6C0543A378920708
:105130001AD57F2213405A1E9341A28A002A17D003
:10514000002B15D101212000FFF71EFF0C4B05435A
:105150003340A026F6051E4363682A001E60002126
:105160002000FFF7AFFF70BDDA0901235340E4E7E9
:10517000044B1E4080239B05EDE7C0460000115004
:10518000FFFFFFDFFFFFFFAF70B5857E0400002D3E
:1051900003D181780A4800F0A7F9FFF77AFFA38AC4
:1051A000002B07D02000FFF735FF002804D0012393
:1051B00023770025280070BD2000FFF7ABFFF8E73C
:1051C00037580410F0B587B00191040040780238D8
:1051D00005281BD800F02AF903BF1237C2C80121E5
:1051E000824B1A788A431A701A7849188A431A70BF
:1051F00000225A7004211A788A4306E07B4B1A7801
:10520000D20724D5042219780A431A70784B1D68F6
:105210006969EFF3108372B60A68002AFCD0BFF305
:105220005F8FAB612100280000F04EF96A69AB691D
:10523000BFF35F8F0021116083F31088884206D08E
:105240006178207877E0694B1A78D207D2D407B01A
:10525000F0BDAB4200D872E03200664B6A431B6877
:105260009B18002B00D06EE00135EDB2624B1B782D
:105270005A1CD2B2AA42ECD85C4F3B785B072DD5C2
:1052800004223B78002193433B7002AB0632981D09
:1052900000F052F9237803AD2B7005236B70544B4B
:1052A0001E687169EFF3108372B60A68002AFCD099
:1052B000BFF35F8FB3612900300000F005F9726918
:1052C000B369BFF35F8F0021116083F310888842B8
:1052D00004D069782878019AFFF7ACF9FB78DB07EE
:1052E000B5D502AB0A220021981D00F025F92378DC
:1052F00003AD2B7003236B7063686B603C4B1C68C1
:105300006169EFF3108372B60A68002AFCD0BFF31C
:105310005F8FA3612900200000F0D6F86269A369BD
:10532000BFF35F8F0021116083F31088884200D1A2
:105330008DE769782878019AFFF77CF987E7EB1AFF
:1053400073432E4A9B181B6A002B00D18CE72078F0
:105350006168984788E70025242687E7284A13785C
:105360000133DBB2137051E721797F230800184025
:10537000194200D14AE71D4A40001F4DCF091318BA
:10538000DB191B7D2D78AB4225D22426194D5E43B7
:105390002B689B19002B00D138E7DE69002E00D165
:1053A00034E71518ED190127042230352B792078C0
:1053B000BB432B712B7993432B716279A368B04760
:1053C000002800D043E704222B791F432F712B794B
:1053D00013432B711AE76E1CF6B2B34200D315E7E4
:1053E0005D1B24236B43054D5B19D6E76A3600200D
:1053F000501A00202417002066360020944505101E
:105400007E37002010B500F0A7F8024900F0B4F88C
:1054100010BDC0461872313F02B4714649084900B8
:10542000095649008E4402BC7047C04602B471461A
:1054300049084900095C49008E4402BC7047C046D7
:1054400003B47146490840004900095E49008E4492
:1054500003BC704703B47146490840004900095A2B
:1054600049008E4403BC70477047C046914003001A
:1054700090409C46203A9340194352426346D340A1
:10548000194370470000000001B40248844601BC83
:10549000604700BF1569031001B40248844601BC8F
:1054A000604700BF4909041001B40248844601BCAA
:1054B000604700BF9992031001B40248844601BCC2
:1054C000604700BFD176031001B40248844601BC96
:1054D000604700BF97F1031001B40248844601BC45
:1054E000604700BFC17A031001B40248844601BC82
:1054F000604700BF7167031001B40248844601BCD5
:10550000604700BFA5F8021001B40248844601BC00
:10551000604700BFE974031001B40248844601BC2F
:10552000604700BF0991031001B40248844601BCE2
:10553000604700BF159F031001B40248844601BCB8
:10554000604700BF49DC031001B40248844601BC37
:10555000604700BF358A031001B40248844601BC8D
:10556000604700BFD5C7031001B40248844601BCA0
:10557000604700BF1DF4031001B40248844601BC1B
:10558000604700BF89D8031001B40248844601BCBB
:10559000604700BF35B1011001B40248844601BC28
:1055A000604700BF81F80210ACA90410E812002087
:1055B000050000000400000000000000ACA9041079
:1055C000E0120020070000000600000000000000BC
:1055D00040AC0410000000000000000040AC0410CB
:1055E000000100000000000040AC041001000000B9
:1055F0000000000040AC04100101000000000000A9
:1056000040AC0410020000000000000040AC041098
:10561000020100000000000040AC04100300000084
:105620000000000040AC0410030100000000000076
:1056300040AC0410040000000000000040AC041066
:10564000040100000000000040AC04100500000050
:105650000000000040AC0410050100000000000044
:1056600040AC0410060000000000000040AC041034
:10567000060100000000000040AC0410070000001C
:105680000000000040AC0410070100000000000012
:10569000E0AE0410004003400000000000000000E5
:1056A00008000100010203000000000000000000EB
:1056B000000000000100000000000000481300206E
:1056C00000000000000000000100000000000000D9
:1056D000581300200000000000000000E0AE04109D
:1056E00000800340010000000000000008000104E9
:1056F0000506070000000000000000000000000098
:105700000100000000000000401300200000000025
:105710000000000001000000000000005013002005
:105720000000000000000000FFFFFFFF90D7041002
:10573000E812002000050400000000000000000046
:1057400090D70410E01200200107060000000000BE
:105750000000000058DA041000C0034000000008F8
:10576000011213100000000058DA04100000044079
:1057700001000008010A0B0800000000A7400020FB
:105780000002000000000000C0DB041000000A005E
:1057900000001600A8DD04100000205007000000E3
:1057A000A8DD0410000030500900000010000000C7
:1057B00000000000000001000000000000000000E8
:1057C00000000200000000000000000000000300D4
:1057D00000000000000000000000040000000000C5
:1057E00000000000000005000000000000000000B4
:1057F000000006000000000000000000000007009C
:1058000000000000000000000000FF000000000099
:1058100001B5486801318E46004770460938014994
:10582000884701BD656E0310000000000000000005
:10583000000000000000000000000000E013002055
:105840000080044000000000004004400000000010
:105850001E83A8730000000000000000000000008C
:10586000503300004C33000054330000523300002A
:105870004D5300004D4300005334000043340000FA
:10588000BE36002010000C000000000000000000E8
:10589000000000000000000000000000FF04000005
:1058A00000000000000000000000000000000000F8
:1058B00000000000000000000000000000000000E8
:1058C00000000000000000000000000000000000D8
:1058D0004D910310799103101592031039DC0310D8
:1058E000F5980310C1DA031021E40210959103101A
:1058F000B5910310C9910310496F0310D1910310A2
:10590000B1720310059103104D6A0310C90F041002
:0C591000E5900310FD020010BD0904101A
:04000005100001E9FD
:00000001FF
